# Blender 5.1.2
# www.blender.org
mtllib Area1.mtl
o obj1
v 72.312752 15.223742 -60.894951
v 114.178032 11.417803 0.000001
v 57.089016 11.417806 -34.253410
v 34.253410 11.417808 -64.700882
v 53.283081 9.752706 11.402937
v 87.536491 15.223742 -60.894951
v 114.267235 11.417810 -105.555214
v 121.789902 38.059349 -60.894947
v 121.789902 27.578159 -15.223736
v 93.498131 13.558639 39.441967
v 81.292381 13.558640 27.801163
v -41.850410 15.223738 -3.805933
v -74.200851 15.223735 36.141510
v -48.035057 15.223738 2.363843
v 25.154848 11.417807 -47.455246
v -22.820740 3.805941 -87.536491
v -45.656345 0.000008 -106.566162
v -13.692444 0.000007 -95.148361
v -13.692444 3.805941 -87.536491
v -38.044476 2.661187 -87.536491
v -53.268215 0.000007 -87.536491
v -26.626675 14.465524 11.402937
v -74.200851 15.223733 66.588989
v -61.430161 7.626729 89.721931
v -106.551300 15.223730 106.551300
v -27.830896 11.417801 21.423248
v -38.044476 11.417800 41.850410
v -60.880085 15.223735 43.753380
v -106.551300 15.223739 -7.611868
v -87.521622 15.223735 43.753380
v -60.880085 15.223733 58.977116
v -89.424591 15.223733 57.074150
v -46.845699 7.611862 97.021591
v -106.551300 15.223742 -60.894951
v -121.775032 22.835596 121.775032
v -46.845699 15.223730 97.021591
v -60.880085 26.641531 121.775032
v -91.327560 38.059338 121.775032
v 120.318077 28.782372 89.632729
v 120.318077 28.782373 88.220367
v 120.318077 30.685341 88.220367
v 120.318077 30.997543 88.933983
v 120.318077 30.685339 89.632729
v 121.789902 38.059338 121.775032
v 114.178032 11.417803 0.000001
v 121.789902 27.578159 -15.223736
v 121.789902 40.438046 76.103821
v 120.318077 28.782372 89.632729
v 121.789902 38.059338 121.775032
v 114.178032 30.923208 114.163162
v 104.499664 13.558637 59.452858
v 120.318077 28.782373 88.220367
v 57.089016 30.447485 -121.789902
v 11.417803 11.417810 -106.566162
v 93.498131 28.782375 39.441971
v 120.318077 28.782372 89.632729
v 120.318077 28.782373 88.220367
v 93.498131 13.558639 39.441967
v 104.499664 13.558637 59.452858
v 93.498131 28.782375 39.441971
v 46.042885 25.883327 10.897463
v 81.292381 13.558640 27.801163
v 11.417803 11.417809 -87.536491
v -45.656345 9.514846 -121.789902
v 11.417803 11.417811 -114.178032
v 11.417803 0.000008 -106.566162
v 121.789902 15.223747 -121.789902
v -12.919363 15.223731 82.184395
v 45.671211 37.360592 114.163162
v 45.671211 37.360592 121.775032
v -46.161823 15.223730 97.363533
v -121.775032 19.029682 -121.789902
v 87.536491 15.223743 -76.118690
v 72.312752 15.223743 -76.118690
v 26.641541 11.417809 -79.924622
v 53.283081 9.752706 11.402937
v -106.551300 0.000008 -106.566162
v -106.551300 0.000005 -60.894951
v -79.909760 0.000007 -96.099846
v -5.694035 0.000007 -95.148361
v -106.551300 15.223742 -60.894951
v -121.775032 19.029682 -121.789902
v -106.551300 0.000005 -60.894951
v -97.987946 0.000006 -78.973137
v -121.775032 30.447475 0.000002
v -89.424591 0.000007 -96.099846
v -97.987946 0.000007 -87.536491
v 64.700882 55.186043 121.775040
v 7.611869 49.477139 121.775032
v 45.671211 37.360592 121.775032
v 121.789902 38.059338 121.775032
v 7.611869 49.477139 121.775032
v 121.789902 38.059338 121.775032
v 114.178032 30.923208 114.163162
v 92.858856 30.923210 103.503578
v 92.858856 30.923210 106.551300
v 93.141327 30.923210 97.036461
v 95.906570 30.923210 103.503578
v -51.216579 11.551600 69.309631
v -36.542919 15.223732 76.639030
v -33.301926 15.223732 71.881615
v -35.873905 15.223732 76.980972
v -33.970940 15.223732 71.539673
v 19.029673 11.417807 -49.477146
v -22.820740 11.417805 -22.835606
v 34.253410 11.417809 -72.312752
v -106.551300 11.417804 -7.611868
v -50.071823 11.417803 -3.657264
v -52.078861 11.417803 -1.650229
v -45.656345 11.417804 -7.611868
v 95.906570 30.923210 106.551300
v 92.948051 28.782375 40.140720
v -60.880085 11.417808 -60.894951
v -45.656345 11.417807 -45.671211
v -106.551300 11.417808 -60.894951
v 15.223738 11.417803 -2.542244
v 28.068766 11.417804 -10.704189
v -89.424591 0.000005 -70.409790
v -79.909760 0.000005 -70.409790
v -60.880085 0.000005 -60.894951
v -53.268215 0.000006 -79.924622
v -71.346405 0.000006 -78.973137
v -38.044476 2.661187 -79.924622
v -22.820740 3.805940 -79.924622
v -13.692444 0.000007 -87.536491
v -71.346405 0.000007 -87.536491
v -13.692444 0.000005 -72.327621
v -13.692444 3.805940 -79.909760
v -52.078861 15.223738 -1.650228
v 11.417803 0.000007 -87.536491
v 3.805934 0.000007 -95.148361
v 45.492809 25.883327 11.596209
v 87.536491 45.671211 -18.286322
v 66.217316 45.671211 -16.755028
v 66.217316 45.671211 -19.802750
v 46.042885 25.883327 10.897463
v 30.908350 20.337959 22.820742
v 30.863750 11.417804 -6.318445
v 18.018721 11.417803 1.828633
v 76.118690 45.671215 -38.059341
v 76.118690 45.671211 1.471830
v 53.283081 45.671215 -38.059341
v 63.184460 45.671211 -19.802750
v 41.865280 45.671211 -18.286322
v 53.283081 45.671211 1.471830
v 63.184460 45.671211 -16.755028
vn -0.0633 0.9924 0.1056
vn -0.0437 0.9985 0.0328
vn -0.1071 0.9910 0.0804
vn -0.0208 0.9992 0.0347
vn -0.0000 0.9981 0.0624
vn 0.1412 0.9900 0.0001
vn -0.8512 0.5115 0.1174
vn -0.9620 0.2730 -0.0008
vn 0.0345 0.9988 -0.0361
vn -0.0530 0.9889 -0.1389
vn -0.0000 1.0000 -0.0000
vn 0.0281 0.9995 0.0148
vn 0.1172 0.9373 -0.3281
vn -0.0000 0.8944 -0.4472
vn -0.0745 0.9913 -0.1088
vn -0.1718 0.9827 -0.0687
vn 0.0275 0.9994 0.0223
vn 0.2304 0.9551 0.1865
vn 0.1738 0.9361 0.3056
vn 0.1396 0.9596 -0.2443
vn 0.0970 0.9941 0.0485
vn 0.1371 0.9611 0.2399
vn 0.0948 0.9777 -0.1873
vn 0.4472 0.8944 -0.0000
vn -0.0720 0.8895 -0.4511
vn 0.1738 0.4634 -0.8689
vn -0.3333 0.6667 -0.6667
vn -1.0000 -0.0000 -0.0000
vn -0.9990 -0.0000 0.0457
vn -0.9973 0.0676 0.0302
vn -0.9109 0.4123 -0.0178
vn -0.9999 -0.0000 -0.0142
vn -0.9993 0.0349 -0.0153
vn -0.9914 0.1297 -0.0183
vn -0.9862 0.1655 0.0086
vn -0.5500 0.8088 -0.2082
vn 0.0505 0.9983 -0.0277
vn -0.5649 0.8162 -0.1213
vn -0.0076 0.6357 0.7719
vn 0.8763 -0.0002 -0.4818
vn 0.8763 -0.0000 -0.4818
vn 0.4881 0.2484 -0.8367
vn 0.6902 -0.0000 -0.7237
vn -0.1246 0.6116 0.7813
vn -0.0000 0.5547 0.8321
vn -0.3846 0.9231 -0.0000
vn 0.2172 0.9232 0.3171
vn -0.3534 0.9355 -0.0000
vn -0.1430 0.9388 -0.3133
vn -0.0985 0.8439 0.5274
vn 0.1054 0.8433 0.5270
vn -0.0000 0.9917 -0.1282
vn 0.1410 0.9900 -0.0000
vn -0.0632 0.9743 -0.2160
vn -0.7763 0.5902 -0.2213
vn 0.4772 0.1873 -0.8586
vn 0.7809 0.6247 -0.0000
vn -0.0000 0.6247 0.7809
vn 0.9701 -0.0000 -0.2425
vn 0.5283 0.8453 -0.0792
vn 0.7803 0.6242 0.0390
vn -0.0000 -0.0000 -1.0000
vn 0.1667 0.9279 -0.3335
vn -0.2671 0.8011 -0.5357
vn 0.1354 0.4252 -0.8949
vn -0.0067 0.7329 -0.6803
vn 0.1352 0.9908 -0.0000
vn 0.0701 0.9780 -0.1963
vn 0.1374 0.9905 0.0060
vn 0.0443 0.9961 -0.0759
vn 0.1701 0.9824 0.0768
vn 0.3552 0.9348 -0.0000
vn 0.1096 0.9645 0.2403
vn -0.0995 0.9950 -0.0000
vn 0.1344 0.9909 -0.0000
vn 0.0703 0.9971 -0.0301
vn 0.0683 0.9970 -0.0377
vn -0.0749 0.9960 0.0494
vn 0.0873 0.9287 0.3604
vn -0.0007 0.8937 0.4486
vn -0.0902 0.9918 0.0902
vn -0.0414 0.9986 -0.0326
vn -0.6092 0.6315 -0.4796
vt 21.841801 7.351560
vt 26.416019 14.005860
vt 20.179689 10.263670
vt 17.683590 6.935550
vt 19.763670 15.253910
vt 23.505859 7.351560
vt 26.425779 2.470700
vt 27.248051 7.351560
vt 27.248051 12.341800
vt 24.158199 18.316410
vt 22.824221 17.044920
vt 9.367190 13.589840
vt 5.832030 17.957029
vt 8.691410 14.265620
vt 16.691410 8.820310
vt 11.445310 4.441410
vt 8.951170 2.361330
vt 12.443360 3.609380
vt 12.443360 4.441410
vt 9.783200 4.441410
vt 8.119140 4.441410
vt 11.031250 15.253910
vt 5.832030 21.283199
vt 7.228520 23.810551
vt 2.296880 25.650391
vt 10.898440 16.347660
vt 9.783200 18.580080
vt 7.287110 18.789061
vt 2.296880 13.173830
vt 4.376950 18.789061
vt 7.287110 20.451170
vt 4.167970 20.244141
vt 8.820310 24.607420
vt 2.296880 7.351560
vt 0.634770 27.312500
vt 7.287110 27.312500
vt 3.960940 27.312500
vt 0.421880 -0.169920
vt 0.576170 -0.179690
vt 0.587890 0.025390
vt 0.511720 0.060550
vt 0.433590 0.033200
vt -3.029300 1.000000
vt 10.105470 -2.652340
vt 11.859380 -0.861330
vt 1.964840 1.000000
vt -1.027340 1.000000
vt -1.027340 4.689450
vt -1.968750 3.638670
vt 25.359381 20.503910
vt 27.265619 23.968750
vt 20.179689 0.699220
vt 15.189450 2.361330
vt 27.199221 24.003910
vt 8.988280 -5.173830
vt 3.332030 -3.125000
vt 5.099610 -4.375000
vt 4.447270 -1.960940
vt -0.148440 1.986330
vt 1.964840 -1.960940
vt 15.189450 4.441410
vt 8.951170 0.699220
vt 15.189450 1.529300
vt 27.248051 0.699220
vt 12.529300 22.986330
vt 18.931641 26.480471
vt 18.931641 27.312500
vt 8.894530 24.646481
vt 0.634770 0.699220
vt 23.505859 5.689450
vt 21.841801 5.689450
vt 16.851561 5.273440
vt -0.873050 0.197270
vt 2.296880 2.361330
vt 5.208980 3.505860
vt 13.318360 3.609380
vt 0.966800 1.458980
vt -4.910160 1.816410
vt 0.966800 0.033200
vt 3.232420 5.376950
vt 0.634770 14.005860
vt 4.167970 3.505860
vt 3.232420 4.441410
vt 1.765620 1.685550
vt -3.583980 1.201170
vt 0.000000 0.033200
vt 7.097660 0.033200
vt 14.773440 27.312500
vt 27.248051 27.312500
vt 26.416019 26.480471
vt 24.087891 25.316410
vt 24.087891 25.650391
vt 24.117189 24.609381
vt 24.419920 25.316410
vt 8.343750 21.580080
vt 9.945310 22.380859
vt 10.300780 21.861330
vt 10.019530 22.417971
vt 10.226560 21.824221
vt 16.021481 8.599610
vt 11.445310 11.509770
vt 17.683590 6.105470
vt 8.468750 13.605470
vt 8.250000 13.826170
vt 8.951170 13.173830
vt 24.419920 25.650391
vt 24.097660 18.392580
vt 7.287110 7.351560
vt 8.951170 9.015620
vt 15.605470 13.728520
vt 17.007811 12.835940
vt 4.167970 6.312500
vt 5.208980 6.312500
vt 8.119140 5.273440
vt 6.144530 5.376950
vt 9.783200 5.273440
vt 11.445310 5.273440
vt 6.144530 4.441410
vt 12.443360 6.103520
vt 12.443360 5.273440
vt 14.357420 3.609380
vt 18.912109 15.273440
vt 0.000000 1.000000
vt 1.193360 -1.486330
vt 1.539060 -1.287110
vt 18.970699 15.197270
vt 17.318359 16.500000
vt 17.312500 13.314450
vt 15.910160 14.207030
vt 2.962890 1.000000
vt -1.527340 -1.560550
vt 4.458980 -1.560550
vt 1.738280 -1.632810
vt 2.962890 -4.152340
vt 0.000000 -4.152340
vt 1.392580 -1.832030
s 0
usemtl mat0
f 1/1/1 3/3/1 2/2/1
f 4/4/2 5/5/2 3/3/2
f 4/4/3 3/3/3 1/1/3
f 3/3/4 5/5/4 2/2/4
f 1/1/5 2/2/5 6/6/5
f 2/2/6 7/7/6 6/6/6
f 2/2/7 9/9/7 8/8/7
f 7/7/8 2/2/8 8/8/8
f 2/2/9 11/11/9 10/10/9
f 5/5/10 11/11/10 2/2/10
f 12/12/11 14/14/11 13/13/11
f 4/4/12 15/15/12 5/5/12
f 16/16/13 18/18/13 17/17/13
f 18/18/14 16/16/14 19/19/14
f 16/16/15 17/17/15 20/20/15
f 20/20/16 17/17/16 21/21/16
f 12/12/17 13/13/17 22/22/17
f 23/23/18 25/25/18 24/24/18
f 22/22/19 13/13/19 26/26/19
f 27/27/20 13/13/20 28/28/20
f 26/26/21 13/13/21 27/27/21
f 29/29/11 30/30/11 13/13/11
f 23/23/22 24/24/22 31/31/22
f 32/32/11 25/25/11 23/23/11
f 24/24/23 25/25/23 33/33/23
f 34/34/24 35/35/24 25/25/24
f 25/25/25 37/36/25 36/33/25
f 25/25/26 38/37/26 37/36/26
f 35/35/27 38/37/27 25/25/27
f 39/38/28 41/40/28 40/39/28
f 39/38/28 42/41/28 41/40/28
f 39/38/28 43/42/28 42/41/28
f 39/38/29 44/43/29 43/42/29
f 42/41/30 43/42/30 44/43/30
f 40/39/31 46/45/31 45/44/31
f 46/45/32 40/39/32 41/40/32
f 42/41/33 46/45/33 41/40/33
f 42/41/34 47/46/34 46/45/34
f 42/41/35 44/43/35 47/46/35
f 48/47/36 50/49/36 49/48/36
f 10/10/37 51/50/37 2/2/37
f 2/2/38 51/50/38 52/51/38
f 53/52/39 54/53/39 7/7/39
f 55/10/11 56/54/11 52/51/11
f 57/55/40 59/57/40 58/56/40
f 57/55/41 58/56/41 60/58/41
f 60/58/42 62/60/42 61/59/42
f 58/56/43 62/60/43 60/58/43
f 63/61/11 7/7/11 54/53/11
f 64/62/44 65/63/44 53/52/44
f 17/17/45 66/53/45 65/63/45
f 54/53/46 53/52/46 65/63/46
f 7/7/47 67/64/47 53/52/47
f 68/65/48 70/67/48 69/66/48
f 70/67/49 68/65/49 71/68/49
f 64/62/50 17/17/50 65/63/50
f 72/69/51 17/17/51 64/62/51
f 7/7/52 74/71/52 73/70/52
f 6/6/53 7/7/53 73/70/53
f 75/72/11 7/7/11 63/61/11
f 74/71/54 7/7/54 75/72/54
f 7/7/55 8/8/55 67/64/55
f 61/59/56 62/60/56 76/73/56
f 72/69/57 78/34/57 77/74/57
f 79/75/11 21/21/11 17/17/11
f 17/17/11 77/74/11 79/75/11
f 18/18/11 80/76/11 17/17/11
f 17/17/11 80/76/11 66/53/11
f 17/17/58 72/69/58 77/74/58
f 81/77/59 83/79/59 82/78/59
f 84/80/11 77/74/11 78/34/11
f 34/34/60 72/69/60 85/81/60
f 86/82/11 77/74/11 87/83/11
f 79/75/11 77/74/11 86/82/11
f 77/74/11 84/80/11 87/83/11
f 34/34/61 85/81/61 35/35/61
f 88/84/62 90/86/62 89/85/62
f 91/87/62 90/86/62 88/84/62
f 37/36/63 71/68/63 36/33/63
f 37/36/64 92/88/64 71/68/64
f 71/68/65 92/88/65 70/67/65
f 93/89/66 94/90/66 70/67/66
f 70/67/67 96/92/67 95/91/67
f 70/67/68 94/90/68 96/92/68
f 70/67/69 95/91/69 97/93/69
f 94/90/70 56/54/70 98/94/70
f 28/28/71 99/95/71 27/27/71
f 100/96/11 102/98/11 101/97/11
f 100/96/11 101/97/11 103/99/11
f 101/97/11 102/98/11 68/65/11
f 102/98/11 71/68/11 68/65/11
f 31/31/72 99/95/72 28/28/72
f 31/31/73 24/24/73 99/95/73
f 104/100/11 15/15/11 4/4/11
f 104/100/11 105/101/11 15/15/11
f 4/4/74 74/71/74 106/102/74
f 4/4/74 1/1/74 74/71/74
f 107/29/11 109/104/11 108/103/11
f 107/29/11 108/103/11 110/105/11
f 97/93/75 69/66/75 70/67/75
f 94/90/11 111/106/11 96/92/11
f 95/91/11 98/94/11 97/93/11
f 97/93/76 98/94/76 56/54/76
f 112/107/11 56/54/11 55/10/11
f 112/107/77 97/93/77 56/54/77
f 113/108/11 107/29/11 114/109/11
f 110/105/11 114/109/11 107/29/11
f 107/29/11 113/108/11 115/34/11
f 105/101/11 116/110/11 15/15/11
f 15/15/11 116/110/11 117/111/11
f 84/80/11 78/34/11 118/112/11
f 78/34/11 120/108/11 119/113/11
f 121/114/11 122/115/11 119/113/11
f 120/108/11 121/114/11 119/113/11
f 123/116/78 120/108/78 124/117/78
f 80/76/11 18/18/11 125/19/11
f 126/118/11 21/21/11 79/75/11
f 120/108/16 123/116/16 121/114/16
f 120/108/79 127/119/79 124/117/79
f 124/117/80 127/119/80 128/120/80
f 14/14/11 129/104/11 13/13/11
f 29/29/11 13/13/11 129/104/11
f 118/112/11 78/34/11 119/113/11
f 106/102/81 74/71/81 75/72/81
f 25/25/11 32/32/11 29/29/11
f 29/29/11 32/32/11 30/30/11
f 66/53/11 131/121/11 130/61/11
f 66/53/11 80/76/11 131/121/11
f 94/90/11 98/94/11 111/106/11
f 132/122/82 112/107/82 55/10/82
f 133/123/11 135/125/11 134/124/11
f 136/126/83 137/127/83 132/122/83
f 132/122/82 55/10/82 136/126/82
f 117/111/11 139/129/11 138/128/11
f 117/111/11 116/110/11 139/129/11
f 140/130/11 135/125/11 133/123/11
f 133/123/11 134/124/11 141/131/11
f 142/132/11 144/134/11 143/133/11
f 134/124/11 145/135/11 141/131/11
f 146/136/11 145/135/11 134/124/11
f 146/136/11 144/134/11 145/135/11
f 143/133/11 144/134/11 146/136/11
f 140/130/11 143/133/11 135/125/11
f 142/132/11 143/133/11 140/130/11
o obj10
v -46.845699 25.883320 97.021591
v -36.557785 25.883322 76.639030
v -35.873905 25.883322 76.980972
v -46.161823 25.125107 97.363533
v -36.557785 25.125109 76.639030
v -46.845699 25.125107 97.021591
v -35.873905 25.125109 76.980972
v -36.557785 25.125109 76.639030
v -36.557785 25.883322 76.639030
v -46.845699 25.883320 97.021591
v -46.845699 25.125107 97.021591
v -46.161823 25.883320 97.363533
v -35.873905 25.883322 76.980972
v -46.845699 15.981943 97.021591
v -36.542919 15.981945 76.639030
v -35.873905 15.981945 76.980972
v -46.161823 25.883320 97.363533
v -36.542919 15.223732 76.639030
v -46.845699 15.981943 97.021591
v -46.845699 15.223730 97.021591
v -36.542919 15.981945 76.639030
v -46.161823 15.223730 97.363533
v -46.161823 15.981943 97.363533
v -35.873905 15.981945 76.980972
v -35.873905 15.223732 76.980972
v -46.161823 15.981943 97.363533
v -15.104802 25.125113 34.179073
v -15.104802 25.883326 34.179077
v -33.970940 25.883322 71.539673
v -46.845699 15.223730 97.021591
v -46.845699 15.981943 97.021591
v -46.161823 15.981943 97.363533
v -46.161823 15.223730 97.363533
v -35.873905 15.223732 76.980972
v -35.873905 15.981945 76.980972
v -36.542919 15.981945 76.639030
v -36.542919 15.223732 76.639030
v -33.301926 25.125109 71.881615
v -14.420923 25.125113 34.521015
v -15.104802 25.125113 34.179073
v -33.970940 25.125109 71.539673
v -15.104802 15.223735 34.179073
v -33.970940 15.981945 71.539673
v -33.970940 15.223732 71.539673
v -33.970940 25.125109 71.539673
v -33.970940 25.883322 71.539673
v -14.420923 25.883326 34.521019
v -33.301926 25.883322 71.881615
v -15.104802 25.883326 34.179077
v -33.301926 25.125109 71.881615
v -33.301926 25.883322 71.881615
v -14.420923 25.883326 34.521019
v -14.420923 25.125113 34.521015
v -15.104802 15.981948 34.179073
v -14.420923 15.223735 34.521015
v -15.104802 15.981948 34.179073
v -15.104802 15.223735 34.179073
v -33.970940 15.223732 71.539673
v -33.970940 15.981945 71.539673
v -33.301926 15.981945 71.881615
v -33.301926 15.223732 71.881615
v -33.301926 15.223732 71.881615
v -14.420923 15.981948 34.521015
v -14.420923 15.223735 34.521015
v -33.301926 15.981945 71.881615
v -33.970940 15.981945 71.539673
v -14.420923 15.981948 34.521015
v -33.301926 15.981945 71.881615
v -15.104802 15.981948 34.179073
v -33.970940 25.883322 71.539673
v -36.542919 25.125109 76.639030
v -33.970940 25.125109 71.539673
v -14.420923 15.981948 34.521015
v -14.420923 25.125113 34.521015
v -14.420923 25.883326 34.521019
v -15.104802 25.883326 34.179077
v -15.104802 25.125113 34.179073
v -46.845699 25.125107 97.021591
v -46.161823 25.883320 97.363533
v -46.161823 25.125107 97.363533
v -46.845699 25.883320 97.021591
v -36.542919 25.883322 76.639030
v -86.183601 1.902974 -84.771240
v -86.183601 -5.694028 -81.738388
v -86.183601 1.902973 -81.738388
v -33.301926 25.883322 71.881615
v -35.873905 25.883322 76.980972
v -36.542919 25.883322 76.639030
v -33.970940 25.883322 71.539673
v -33.301926 25.125109 71.881615
v -35.873905 25.125109 76.980972
v -35.873905 25.883322 76.980972
v -33.301926 25.883322 71.881615
v -33.970940 25.125109 71.539673
v -36.542919 25.125109 76.639030
v -35.873905 25.125109 76.980972
v -33.301926 25.125109 71.881615
v -83.150749 1.902974 -84.771240
v -86.183601 -5.694028 -84.771240
v -86.183601 1.902974 -84.771240
v -86.183601 -5.694028 -84.771240
v -86.183601 1.902973 -81.738388
v -83.150749 -5.694028 -81.738388
v -83.150749 1.902973 -81.738388
v -86.183601 -5.694028 -81.738388
v -83.150749 1.902973 -81.738388
v -83.150749 -5.694028 -84.771240
v -83.150749 1.902974 -84.771240
v -83.150749 -5.694028 -81.738388
v -83.150749 -5.694028 -84.771240
v -76.103821 19.787882 50.978706
v -76.103821 12.176013 54.026428
v -76.103821 19.787882 54.026428
v -86.183601 -5.694028 -84.771240
v -83.150749 -5.694028 -84.771240
v -83.150749 -5.694028 -81.738388
v -86.183601 -5.694028 -81.738388
v -73.056099 12.176013 54.026428
v -76.103821 12.176013 54.026428
v -76.103821 12.176013 50.978706
v -73.056099 12.176013 50.978706
v -76.103821 19.787882 54.026428
v -73.056099 12.176013 54.026428
v -73.056099 19.787882 54.026428
v -76.103821 12.176013 54.026428
v -76.103821 12.176013 50.978706
v -73.056099 19.787882 50.978706
v -73.056099 12.176013 50.978706
v -76.103821 12.176013 50.978706
v -76.103821 19.787882 50.978706
v -73.056099 19.787882 54.026428
v -73.056099 12.176013 50.978706
v -73.056099 19.787882 50.978706
v -73.056099 12.176013 54.026428
v -32.335575 5.322362 -15.223738
v -34.238544 5.322362 -13.320770
v -34.238544 10.659591 -15.223737
v -34.238544 0.000001 -13.320770
v -32.335575 5.322362 -15.223738
v -32.335575 0.000001 -15.223738
v -36.141510 0.000001 -15.223738
v -36.141510 5.322362 -15.223738
v -34.238544 5.322362 -13.320770
v -34.238544 0.000001 -13.320770
v -34.238544 0.000001 -17.126705
v -36.141510 5.322362 -15.223738
v -36.141510 0.000001 -15.223738
v -34.238544 5.322363 -17.126705
v -32.335575 0.000001 -15.223738
v -34.238544 5.322363 -17.126705
v -34.238544 0.000001 -17.126705
v -32.335575 5.322362 -15.223738
v 21.319180 0.000005 -64.700882
v 21.319180 0.000005 -72.312752
v 26.641541 0.000005 -64.700882
v -34.238544 5.322362 -13.320770
v -36.141510 5.322362 -15.223738
v -34.238544 5.322363 -17.126705
v -34.238544 10.659591 -15.223737
v -34.238544 5.322362 -13.320770
v -36.141510 5.322362 -15.223738
v -34.238544 5.322363 -17.126705
v -32.335575 5.322362 -15.223738
v 92.858856 30.923210 103.503578
v 92.858856 23.311340 106.551300
v 92.858856 30.923210 106.551300
v 26.641541 0.000005 -72.312752
v 92.858856 30.923210 106.551300
v 92.858856 23.311340 106.551300
v 95.906570 23.311340 106.551300
v 95.906570 30.923210 106.551300
v 92.858856 23.311340 106.551300
v 92.858856 23.311340 103.503578
v 95.906570 23.311340 103.503578
v 95.906570 23.311340 106.551300
v 92.858856 23.311340 103.503578
v 61.653164 45.671207 34.996761
v 61.653164 38.059341 38.044479
v 61.653164 45.671207 38.044479
v 95.906570 30.923210 103.503578
v 95.906570 23.311340 103.503578
v 92.858856 23.311340 103.503578
v 92.858856 30.923210 103.503578
v 95.906570 30.923210 106.551300
v 95.906570 23.311340 106.551300
v 95.906570 23.311340 103.503578
v 95.906570 30.923210 103.503578
v 64.700882 38.059341 38.044479
v 61.653164 38.059341 34.996761
v 64.700882 38.059341 34.996761
v 61.653164 38.059341 38.044479
v 61.653164 45.671207 38.044479
v 61.653164 38.059341 38.044479
v 64.700882 38.059341 38.044479
v 61.653164 38.059341 34.996761
v 64.700882 45.671207 34.996761
v 64.700882 38.059341 34.996761
v 61.653164 38.059341 34.996761
v 61.653164 45.671207 34.996761
v 64.700882 45.671207 38.044479
v 64.700882 38.059341 38.044479
v 64.700882 38.059341 34.996761
v 64.700882 45.671207 34.996761
v 64.700882 45.671207 38.044479
v 63.184460 45.671211 -16.755028
v 66.217316 38.059345 -16.755028
v 66.217316 45.671211 -16.755028
v 66.217316 38.059345 -16.755028
v 63.184460 38.059345 -19.802750
v 66.217316 38.059345 -19.802750
v 63.184460 38.059345 -16.755028
v 66.217316 45.671211 -16.755028
v 66.217316 38.059345 -19.802750
v 66.217316 45.671211 -19.802750
v 66.217316 38.059345 -16.755028
v 66.217316 45.671211 -19.802750
v 66.217316 38.059345 -19.802750
v 63.184460 38.059345 -19.802750
v 63.184460 45.671211 -19.802750
v 63.184460 45.671211 -19.802750
v 63.184460 38.059345 -19.802750
v 63.184460 38.059345 -16.755028
v 63.184460 38.059345 -16.755028
v 63.184460 45.671211 -16.755028
vn -0.0000 1.0000 -0.0000
vn -0.0000 -1.0000 -0.0000
vn -0.8927 -0.0000 -0.4506
vn 0.8927 -0.0000 0.4506
vn -0.8925 -0.0000 -0.4511
vn -0.8926 -0.0000 -0.4508
vn -0.4472 -0.0000 0.8944
vn 0.4551 -0.0000 -0.8904
vn 0.8925 -0.0000 0.4510
vn 0.4472 -0.0000 -0.8944
vn -0.4551 -0.0000 0.8904
vn -0.8929 -0.0000 -0.4503
vn 1.0000 -0.0000 -0.0000
vn 0.8929 -0.0000 0.4503
vn -0.0000 -0.0000 1.0000
vn -0.0000 -0.0000 -1.0000
vn -1.0000 -0.0000 -0.0000
vn 0.6857 0.2445 0.6857
vn 0.7071 -0.0000 0.7071
vn -0.7071 -0.0000 0.7071
vn -0.7071 -0.0000 -0.7071
vn 0.7071 -0.0000 -0.7071
vn -0.6857 0.2445 -0.6857
vn -0.6857 0.2445 0.6857
vn 0.6857 0.2445 -0.6857
vt 11.945310 0.431640
vt 0.000000 0.431640
vt 0.000000 0.033200
vt 11.945310 0.033200
vt 0.966800 -0.363280
vt 0.966800 0.033200
vt -11.007810 0.033200
vt -11.007810 -0.363280
vt 21.925779 -0.363280
vt 21.925779 0.033200
vt 0.966800 -12.939450
vt 0.966800 -11.941410
vt 0.000000 -11.941410
vt 0.000000 -12.939450
vt 0.367190 0.632810
vt 0.367190 1.000000
vt 0.000000 1.000000
vt 0.000000 0.632810
vt 0.966800 21.990231
vt 0.568360 0.033200
vt 0.568360 21.990231
vt 0.000000 -0.363280
vt 0.966800 0.431640
vt -20.988279 0.431640
vt -20.988279 0.033200
vt 2.962890 1.000000
vt 2.962890 0.632810
vt 0.966800 1.000000
vt 0.966800 -1.462890
vt 2.962890 0.033200
vt 2.962890 0.431640
vt 0.966800 -1.460940
vt 0.000000 -1.462890
vt 0.000000 -1.460940
vt 0.949220 0.033200
vt 0.458980 2.035160
vt 0.966800 -0.962890
vt -0.013670 0.976560
vt -0.013670 -0.962890
vt 0.949220 -0.908200
vt 0.949220 1.000000
vt 0.000000 -0.908200
vt 0.966800 0.976560
vt -0.013670 0.033200
vt 0.476560 2.035160
vt 0.966800 1.261720
vt 0.000000 -0.962890
vt 0.000000 1.261720
vt 0.966800 -1.193360
vt 0.000000 -1.193360
s 0
usemtl mat4
f 147/137/84 149/139/84 148/138/84
f 150/140/85 152/137/85 151/138/85
f 150/140/85 151/138/85 153/139/85
f 154/141/86 156/143/86 155/142/86
f 154/141/86 157/144/86 156/143/86
f 150/140/87 159/138/87 158/137/87
f 150/140/87 153/139/87 159/138/87
f 160/137/84 162/139/84 161/138/84
f 147/137/84 163/140/84 149/139/84
f 164/141/88 166/144/88 165/143/88
f 164/141/88 165/143/88 167/142/88
f 168/140/87 170/138/87 169/137/87
f 168/140/87 171/139/87 170/138/87
f 160/137/84 172/140/84 162/139/84
f 173/145/89 175/139/89 174/146/89
f 176/147/90 178/149/90 177/148/90
f 176/147/90 179/150/90 178/149/90
f 180/151/91 182/153/91 181/152/91
f 180/151/91 183/154/91 182/153/91
f 184/155/85 186/156/85 185/142/85
f 184/155/85 187/157/85 186/156/85
f 188/145/89 190/158/89 189/139/89
f 173/145/89 191/158/89 175/139/89
f 192/157/84 194/155/84 193/142/84
f 192/157/84 193/142/84 195/156/84
f 196/142/92 198/160/92 197/159/92
f 196/142/92 199/161/92 198/160/92
f 188/145/89 189/139/89 200/146/89
f 201/151/93 203/154/93 202/153/93
f 204/151/94 206/153/94 205/152/94
f 204/151/94 207/154/94 206/153/94
f 208/142/92 210/161/92 209/160/92
f 208/142/92 209/160/92 211/159/92
f 212/157/84 214/155/84 213/142/84
f 212/157/84 213/142/84 215/156/84
f 216/162/95 218/163/95 217/154/95
f 201/151/93 202/153/93 219/152/93
f 220/151/93 222/153/93 221/152/93
f 220/151/93 223/154/93 222/153/93
f 224/142/90 226/139/90 225/153/90
f 224/142/90 225/153/90 227/164/90
f 216/162/95 217/154/95 228/153/95
f 229/153/96 231/164/96 230/165/96
f 232/162/84 234/154/84 233/153/84
f 232/162/84 235/163/84 234/154/84
f 236/154/97 238/162/97 237/163/97
f 236/154/97 239/153/97 238/162/97
f 240/139/85 242/167/85 241/166/85
f 240/139/85 243/138/85 242/167/85
f 244/153/98 246/164/98 245/168/98
f 229/153/96 230/165/96 247/169/96
f 248/153/99 250/164/99 249/165/99
f 248/153/99 249/165/99 251/169/99
f 252/153/100 254/164/100 253/168/100
f 252/153/100 253/168/100 255/170/100
f 244/153/98 245/168/98 256/170/98
f 257/153/96 259/164/96 258/165/96
f 260/142/84 262/153/84 261/164/84
f 260/142/84 263/139/84 262/153/84
f 264/153/84 266/142/84 265/139/84
f 264/153/84 267/164/84 266/142/84
f 268/153/99 270/164/99 269/165/99
f 268/153/99 269/165/99 271/169/99
f 257/153/96 258/165/96 272/169/96
f 273/153/98 275/168/98 274/170/98
f 273/153/98 276/164/98 275/168/98
f 277/153/100 279/164/100 278/168/100
f 277/153/100 278/168/100 280/170/100
f 281/139/101 283/172/101 282/171/101
f 284/173/102 286/175/102 285/174/102
f 287/176/103 289/153/103 288/177/103
f 287/176/103 290/178/103 289/153/103
f 291/176/104 293/178/104 292/153/104
f 291/176/104 292/153/104 294/177/104
f 295/173/105 297/175/105 296/174/105
f 295/173/105 296/174/105 298/179/105
f 299/139/84 301/153/84 300/142/84
f 284/173/102 285/174/102 302/179/102
f 303/180/106 305/181/106 304/142/106
f 306/139/107 283/172/107 307/171/107
f 308/139/108 283/172/108 309/171/108
f 310/153/96 312/164/96 311/165/96
f 300/142/84 301/153/84 313/164/84
f 314/153/99 316/165/99 315/169/99
f 314/153/99 317/164/99 316/165/99
f 318/153/84 320/142/84 319/139/84
f 318/153/84 321/164/84 320/142/84
f 310/153/96 311/165/96 322/169/96
f 323/182/96 325/184/96 324/183/96
f 326/153/98 328/165/98 327/169/98
f 326/153/98 329/164/98 328/165/98
f 330/153/100 332/165/100 331/169/100
f 330/153/100 333/164/100 332/165/100
f 334/164/84 336/142/84 335/139/84
f 334/164/84 335/139/84 337/153/84
f 338/164/99 340/186/99 339/185/99
f 323/182/96 324/183/96 341/173/96
f 342/153/98 344/185/98 343/186/98
f 342/153/98 345/164/98 344/185/98
f 346/184/100 348/173/100 347/183/100
f 346/184/100 349/182/100 348/173/100
f 338/164/99 350/153/99 340/186/99
f 351/153/99 353/164/99 352/165/99
f 354/139/84 356/153/84 355/164/84
f 354/139/84 355/164/84 357/142/84
f 358/153/100 360/164/100 359/165/100
f 358/153/100 359/165/100 361/170/100
f 362/153/98 364/165/98 363/170/98
f 362/153/98 365/164/98 364/165/98
f 366/153/96 368/165/96 367/170/96
f 351/153/99 352/165/99 369/170/99
f 366/153/96 370/164/96 368/165/96
o obj11
v 76.520096 13.722177 14.227654
v 79.463745 14.361455 17.661917
v 75.776749 12.265217 20.620434
v 79.002876 10.659589 8.028144
v 86.406609 11.284000 9.648640
v 84.280632 13.781645 11.596208
v 86.852615 12.369286 17.171307
v 72.030281 11.120463 13.915449
v 86.852615 12.369286 17.171307
v 84.280632 13.781645 11.596208
v 86.406609 11.284000 9.648640
v 81.054512 12.740958 22.077394
v -79.121811 16.888828 85.574059
v -77.828384 15.922477 86.852615
v -82.035728 12.622018 89.558395
v -77.278313 13.365366 79.924622
v -72.134354 11.878673 81.143715
v -75.375343 16.071148 85.306450
v -72.178955 10.971788 85.871399
v -82.912880 14.316849 82.020859
v -77.352646 11.536732 89.379990
v -87.521622 15.223735 43.753380
v -81.173447 19.787882 56.315937
v -89.424591 15.223733 57.074150
v -74.200851 15.223735 36.141510
v -60.880085 15.223735 43.753380
v -74.587395 19.787882 44.898132
v -60.880085 15.223733 58.977116
v -67.986481 19.787882 56.315937
v -73.056099 19.787882 50.978706
v -76.103821 19.787882 50.978706
v -74.200851 15.223733 66.588989
v -41.850410 17.944386 7.983543
v -47.559315 17.944386 8.355216
v -41.211132 15.030468 3.984339
v -73.056099 19.787882 54.026428
v -76.103821 19.787882 54.026428
v -37.762005 14.881798 6.481983
v -41.850410 17.944386 12.547691
v -36.007710 14.762862 9.856776
v -36.825390 14.718261 12.413889
v -45.463078 15.149403 4.043806
v -45.269806 17.944384 13.305904
v -49.640682 15.164269 8.370083
v -51.261181 15.089934 13.499175
v -47.826920 14.941265 15.996819
v -42.697826 14.762862 17.617315
v -39.323032 14.718261 15.863017
v -31.562496 2.571986 -92.829117
v -34.431812 3.642405 -93.661667
v -35.041359 1.992176 -95.728172
v -35.695503 3.493736 -94.003609
v -38.341816 1.650237 -96.501251
v -33.331661 2.928792 -88.369041
v -35.145424 3.553204 -92.412842
v -39.308167 1.709704 -95.341629
v -35.472500 2.780123 -88.175774
v -37.791740 2.393583 -90.108475
v -39.129765 1.962442 -93.200790
v -31.369225 2.809857 -90.703148
v 71.762680 19.758154 -17.587578
v 78.021652 18.568798 -10.035178
v 73.829178 19.817619 -9.589169
v 68.120277 11.105598 -18.449862
v 71.509941 11.254269 -21.021841
v 79.686752 11.343470 -18.687733
v 84.488770 11.284002 -13.781645
v 87.060753 11.209667 -10.391984
v 75.375343 10.629856 -0.460874
v 81.336983 10.719057 0.341940
v 65.087425 10.882595 -14.019515
v 66.841721 10.600122 -4.668215
v 63.912937 10.719058 -9.931109
v 85.886261 11.046130 -6.303578
vn -0.3862 0.9081 0.1620
vn 0.1055 0.6658 -0.7386
vn -0.1731 0.8538 -0.4911
vn 0.2659 0.9566 0.1197
vn -0.3975 0.7495 -0.5294
vn 0.6960 0.7037 -0.1428
vn -0.1908 0.8973 0.3980
vn -0.5038 0.8531 0.1358
vn 0.2675 0.9317 0.2456
vn -0.0542 0.9890 -0.1376
vn -0.1307 0.7229 0.6785
vn 0.3485 0.7822 -0.5165
vn 0.1530 0.8602 -0.4865
vn 0.4752 0.3855 0.7910
vn -0.0602 0.8380 -0.5423
vn 0.8365 0.5366 0.1108
vn 0.1496 0.5058 0.8496
vn -0.6867 0.6880 0.2346
vn 0.5310 0.4656 0.7080
vn 0.2215 0.8726 0.4354
vn -0.4878 0.8702 -0.0697
vn 0.2507 0.8629 -0.4387
vn 0.5404 0.8414 -0.0000
vn -0.2602 0.8515 -0.4553
vn -0.0000 1.0000 -0.0000
vn 0.2982 0.9388 -0.1724
vn -0.3567 0.7396 0.5707
vn -0.0000 0.9139 0.4060
vn -0.3130 0.9324 -0.1806
vn 0.3056 0.7877 0.5349
vn -0.0386 0.8047 -0.5925
vn 0.3946 0.7715 -0.4991
vn 0.5344 0.8247 0.1853
vn 0.0160 0.8425 -0.5384
vn -0.6337 0.4711 -0.6135
vn -0.4170 0.8882 0.1928
vn -0.3511 0.7727 0.5288
vn -0.1802 0.7371 0.6514
vn -0.7782 0.5814 -0.2374
vn 0.2558 0.8445 0.4706
vn 0.1405 0.7610 0.6334
vn 0.5091 0.7777 0.3687
vn 0.4782 0.8782 -0.0000
vn 0.5228 0.8171 -0.2430
vn 0.4247 0.6422 -0.6381
vn 0.0705 0.7654 -0.6397
vn 0.0820 0.7668 -0.6366
vn 0.0805 0.9899 0.1167
vn -0.3237 0.8920 -0.3155
vn -0.0524 0.9831 0.1753
vn -0.3981 0.9162 0.0445
vn -0.3391 0.9372 0.0822
vn -0.2836 0.9470 0.1509
vn -0.4201 0.9046 -0.0718
vn -0.1178 0.9930 0.0036
vn 0.1736 0.9801 0.0961
vn 0.3809 0.9144 -0.1369
vn 0.2769 0.9577 -0.0787
vn -0.5817 0.3194 -0.7481
vn 0.2529 0.3558 -0.8997
vn 0.5860 0.6871 -0.4296
vn -0.1065 0.6917 0.7143
vn -0.7471 0.6375 0.1883
vn 0.2946 0.8051 0.5149
vn -0.7732 0.3764 -0.5104
vn 0.5791 0.7290 -0.3651
vn -0.6353 0.6785 0.3689
vn 0.5282 0.7498 0.3985
vn 0.6224 0.7543 0.2090
vn -0.3445 0.6318 0.6943
vn -0.6642 0.7299 -0.1616
vn 0.5704 0.6092 -0.5509
vt 1.990230 0.966800
vt 2.183590 1.191410
vt 1.943360 1.384770
vt 2.154300 0.560550
vt 2.638670 0.666020
vt 2.500000 0.794920
vt 2.667970 1.160160
vt 1.697270 0.947270
vt -1.216800 8.392580
vt -0.976560 8.355470
vt -0.962890 8.458980
vt 2.289060 1.482420
vt 0.552730 0.298830
vt 0.361330 0.376950
vt 0.167970 0.033200
vt 0.966800 0.699220
vt 0.568360 1.000000
vt 0.435550 0.621090
vt 0.167970 0.865230
vt 0.966800 0.033200
vt 0.000000 0.365230
vt 0.140620 0.259770
vt 0.218750 0.533200
vt -0.050780 0.681640
vt 0.447270 -0.001950
vt 0.882810 0.246090
vt 0.433590 0.158200
vt 0.882810 0.744140
vt 0.650390 0.533200
vt 0.484380 0.357420
vt 0.384770 0.357420
vt 0.447270 0.994140
vt 0.681640 0.490230
vt 0.337890 0.339840
vt 0.841800 0.283200
vt 0.484380 0.457030
vt 0.384770 0.457030
vt 0.966800 0.531250
vt 0.542970 0.755860
vt 0.966800 0.781250
vt 0.841800 0.906250
vt 0.591800 0.158200
vt 0.320310 0.695310
vt 0.218750 0.283200
vt 0.000000 0.531250
vt 0.093750 0.781250
vt 0.343750 1.000000
vt 0.591800 1.000000
vt 0.517580 -0.503910
vt -0.023440 -0.224610
vt -0.007810 -0.748050
vt -0.353520 -0.316410
vt -0.390620 -0.607420
vt 0.519530 0.496090
vt -0.210940 0.099610
vt -0.667970 -0.376950
vt -0.162110 0.669920
vt -0.597660 0.314450
vt -0.736330 -0.068360
vt 0.675780 0.080080
vt 1.802730 -1.140620
vt 2.212890 -0.646480
vt 1.937500 -0.615230
vt 1.382810 -1.310550
vt 1.628910 -1.343750
vt 2.281250 -1.179690
vt 2.437500 -0.949220
vt 2.595700 -0.718750
vt 1.818360 0.011720
vt 2.205080 0.083980
vt 1.292970 -1.046880
vt 1.396480 -0.308590
vt 1.220700 -0.662110
vt 2.646480 -0.349610
s 0
usemtl mat5
f 371/187/109 373/189/109 372/188/109
f 374/190/110 376/192/110 375/191/110
f 374/190/111 371/187/111 376/192/111
f 376/192/112 372/188/112 377/193/112
f 374/190/113 378/194/113 371/187/113
f 379/195/114 381/197/114 380/196/114
f 382/198/115 372/188/115 373/189/115
f 373/189/116 371/187/116 378/194/116
f 382/198/117 377/193/117 372/188/117
f 372/188/118 376/192/118 371/187/118
f 383/199/119 385/201/119 384/200/119
f 386/202/120 388/204/120 387/203/120
f 386/202/121 383/199/121 388/204/121
f 388/204/122 384/200/122 389/205/122
f 386/202/123 390/206/123 383/199/123
f 389/205/124 387/203/124 388/204/124
f 391/207/125 384/200/125 385/201/125
f 385/201/126 383/199/126 390/206/126
f 391/207/127 389/205/127 384/200/127
f 384/200/128 388/204/128 383/199/128
f 392/208/129 394/210/129 393/209/129
f 395/211/130 397/213/130 396/212/130
f 396/212/131 399/215/131 398/214/131
f 395/211/132 392/208/132 397/213/132
f 397/213/133 400/216/133 399/215/133
f 397/213/133 401/217/133 400/216/133
f 393/209/133 401/217/133 397/213/133
f 399/215/134 396/212/134 397/213/134
f 402/218/135 393/209/135 394/210/135
f 402/218/136 399/215/136 393/209/136
f 393/209/137 397/213/137 392/208/137
f 402/218/138 398/214/138 399/215/138
f 403/219/139 405/221/139 404/220/139
f 399/215/133 400/216/133 406/222/133
f 393/209/133 407/223/133 401/217/133
f 399/215/133 406/222/133 407/223/133
f 399/215/133 407/223/133 393/209/133
f 403/219/140 408/224/140 405/221/140
f 409/225/141 411/227/141 410/226/141
f 405/221/142 412/228/142 404/220/142
f 413/229/133 409/225/133 403/219/133
f 412/228/143 414/230/143 404/220/143
f 404/220/144 415/231/144 413/229/144
f 413/229/145 415/231/145 416/232/145
f 416/232/146 417/233/146 413/229/146
f 414/230/147 415/231/147 404/220/147
f 417/233/148 418/234/148 413/229/148
f 413/229/133 403/219/133 404/220/133
f 409/225/149 413/229/149 418/234/149
f 409/225/150 418/234/150 411/227/150
f 409/225/151 410/226/151 403/219/151
f 408/224/152 403/219/152 410/226/152
f 419/235/153 421/237/153 420/236/153
f 421/237/154 423/239/154 422/238/154
f 421/237/155 422/238/155 420/236/155
f 420/236/156 425/241/156 424/240/156
f 423/239/157 426/242/157 422/238/157
f 427/243/158 424/240/158 425/241/158
f 422/238/159 429/245/159 428/244/159
f 422/238/160 428/244/160 425/241/160
f 428/244/161 427/243/161 425/241/161
f 426/242/162 429/245/162 422/238/162
f 425/241/163 420/236/163 422/238/163
f 424/240/164 430/246/164 420/236/164
f 420/236/165 430/246/165 419/235/165
f 431/247/166 433/249/166 432/248/166
f 431/247/167 435/251/167 434/250/167
f 436/252/168 435/251/168 431/247/168
f 431/247/169 438/254/169 437/253/169
f 439/255/170 440/256/170 433/249/170
f 433/249/171 431/247/171 441/257/171
f 433/249/172 440/256/172 432/248/172
f 441/257/173 431/247/173 434/250/173
f 432/248/174 438/254/174 431/247/174
f 433/249/175 443/259/175 442/258/175
f 440/256/176 444/260/176 432/248/176
f 444/260/177 438/254/177 432/248/177
f 442/258/178 439/255/178 433/249/178
f 441/257/179 443/259/179 433/249/179
f 437/253/180 436/252/180 431/247/180
o obj12
v 76.520096 13.722177 14.227654
v 79.463745 14.361455 17.661917
v 75.776749 12.265217 20.620434
v 79.002876 10.659589 8.028144
v 86.406609 11.284000 9.648640
v 84.280632 13.781645 11.596208
v 86.852615 12.369286 17.171307
v 72.030281 11.120463 13.915449
v 86.852615 12.369286 17.171307
v 84.280632 13.781645 11.596208
v 86.406609 11.284000 9.648640
v 81.054512 12.740958 22.077394
v -79.121811 16.888828 85.574059
v -77.828384 15.922477 86.852615
v -82.035728 12.622018 89.558395
v -77.278313 13.365366 79.924622
v -72.134354 11.878673 81.143715
v -75.375343 16.071148 85.306450
v -72.178955 10.971788 85.871399
v -82.912880 14.316849 82.020859
v -77.352646 11.536732 89.379990
v -87.521622 15.223735 43.753380
v -81.173447 19.787882 56.315937
v -89.424591 15.223733 57.074150
v -74.200851 15.223735 36.141510
v -60.880085 15.223735 43.753380
v -74.587395 19.787882 44.898132
v -60.880085 15.223733 58.977116
v -67.986481 19.787882 56.315937
v -73.056099 19.787882 50.978706
v -76.103821 19.787882 50.978706
v -74.200851 15.223733 66.588989
v -41.850410 17.944386 7.983543
v -47.559315 17.944386 8.355216
v -41.211132 15.030468 3.984339
v -73.056099 19.787882 54.026428
v -76.103821 19.787882 54.026428
v -37.762005 14.881798 6.481983
v -41.850410 17.944386 12.547691
v -36.007710 14.762862 9.856776
v -36.825390 14.718261 12.413889
v -45.463078 15.149403 4.043806
v -45.269806 17.944384 13.305904
v -49.640682 15.164269 8.370083
v -51.261181 15.089934 13.499175
v -47.826920 14.941265 15.996819
v -42.697826 14.762862 17.617315
v -39.323032 14.718261 15.863017
v -31.562496 2.571986 -92.829117
v -34.431812 3.642405 -93.661667
v -35.041359 1.992176 -95.728172
v -35.695503 3.493736 -94.003609
v -38.341816 1.650237 -96.501251
v -33.331661 2.928792 -88.369041
v -35.145424 3.553204 -92.412842
v -39.308167 1.709704 -95.341629
v -35.472500 2.780123 -88.175774
v -37.791740 2.393583 -90.108475
v -39.129765 1.962442 -93.200790
v -31.369225 2.809857 -90.703148
v 71.762680 19.758154 -17.587578
v 78.021652 18.568798 -10.035178
v 73.829178 19.817619 -9.589169
v 68.120277 11.105598 -18.449862
v 71.509941 11.254269 -21.021841
v 79.686752 11.343470 -18.687733
v 84.488770 11.284002 -13.781645
v 87.060753 11.209667 -10.391984
v 75.375343 10.629856 -0.460874
v 81.336983 10.719057 0.341940
v 65.087425 10.882595 -14.019515
v 66.841721 10.600122 -4.668215
v 63.912937 10.719058 -9.931109
v 85.886261 11.046130 -6.303578
vn -0.3862 0.9081 0.1620
vn 0.1055 0.6658 -0.7386
vn -0.1731 0.8538 -0.4911
vn 0.2659 0.9566 0.1197
vn -0.3975 0.7495 -0.5294
vn 0.6960 0.7037 -0.1428
vn -0.1908 0.8973 0.3980
vn -0.5038 0.8531 0.1358
vn 0.2675 0.9317 0.2456
vn -0.0542 0.9890 -0.1376
vn -0.1307 0.7229 0.6785
vn 0.3485 0.7822 -0.5165
vn 0.1530 0.8602 -0.4865
vn 0.4752 0.3855 0.7910
vn -0.0602 0.8380 -0.5423
vn 0.8365 0.5366 0.1108
vn 0.1496 0.5058 0.8496
vn -0.6867 0.6880 0.2346
vn 0.5310 0.4656 0.7080
vn 0.2215 0.8726 0.4354
vn -0.4878 0.8702 -0.0697
vn 0.2507 0.8629 -0.4387
vn 0.5404 0.8414 -0.0000
vn -0.2602 0.8515 -0.4553
vn -0.0000 1.0000 -0.0000
vn 0.2982 0.9388 -0.1724
vn -0.3567 0.7396 0.5707
vn -0.0000 0.9139 0.4060
vn -0.3130 0.9324 -0.1806
vn 0.3056 0.7877 0.5349
vn -0.0386 0.8047 -0.5925
vn 0.3946 0.7715 -0.4991
vn 0.5344 0.8247 0.1853
vn 0.0160 0.8425 -0.5384
vn -0.6337 0.4711 -0.6135
vn -0.4170 0.8882 0.1928
vn -0.3511 0.7727 0.5288
vn -0.1802 0.7371 0.6514
vn -0.7782 0.5814 -0.2374
vn 0.2558 0.8445 0.4706
vn 0.1405 0.7610 0.6334
vn 0.5091 0.7777 0.3687
vn 0.4782 0.8782 -0.0000
vn 0.5228 0.8171 -0.2430
vn 0.4247 0.6422 -0.6381
vn 0.0705 0.7654 -0.6397
vn 0.0820 0.7668 -0.6366
vn 0.0805 0.9899 0.1167
vn -0.3237 0.8920 -0.3155
vn -0.0524 0.9831 0.1753
vn -0.3981 0.9162 0.0445
vn -0.3391 0.9372 0.0822
vn -0.2836 0.9470 0.1509
vn -0.4201 0.9046 -0.0718
vn -0.1178 0.9930 0.0036
vn 0.1736 0.9801 0.0961
vn 0.3809 0.9144 -0.1369
vn 0.2769 0.9577 -0.0787
vn -0.5817 0.3194 -0.7481
vn 0.2529 0.3558 -0.8997
vn 0.5860 0.6871 -0.4296
vn -0.1065 0.6917 0.7143
vn -0.7471 0.6375 0.1883
vn 0.2946 0.8051 0.5149
vn -0.7732 0.3764 -0.5104
vn 0.5791 0.7290 -0.3651
vn -0.6353 0.6785 0.3689
vn 0.5282 0.7498 0.3985
vn 0.6224 0.7543 0.2090
vn -0.3445 0.6318 0.6943
vn -0.6642 0.7299 -0.1616
vn 0.5704 0.6092 -0.5509
vt 1.990230 0.966800
vt 2.183590 1.191410
vt 1.943360 1.384770
vt 2.154300 0.560550
vt 2.638670 0.666020
vt 2.500000 0.794920
vt 2.667970 1.160160
vt 1.697270 0.947270
vt -1.216800 8.392580
vt -0.976560 8.355470
vt -0.962890 8.458980
vt 2.289060 1.482420
vt 0.552730 0.298830
vt 0.361330 0.376950
vt 0.167970 0.033200
vt 0.966800 0.699220
vt 0.568360 1.000000
vt 0.435550 0.621090
vt 0.167970 0.865230
vt 0.966800 0.033200
vt 0.000000 0.365230
vt 0.140620 0.259770
vt 0.218750 0.533200
vt -0.050780 0.681640
vt 0.447270 -0.001950
vt 0.882810 0.246090
vt 0.433590 0.158200
vt 0.882810 0.744140
vt 0.650390 0.533200
vt 0.484380 0.357420
vt 0.384770 0.357420
vt 0.447270 0.994140
vt 0.681640 0.490230
vt 0.337890 0.339840
vt 0.841800 0.283200
vt 0.484380 0.457030
vt 0.384770 0.457030
vt 0.966800 0.531250
vt 0.542970 0.755860
vt 0.966800 0.781250
vt 0.841800 0.906250
vt 0.591800 0.158200
vt 0.320310 0.695310
vt 0.218750 0.283200
vt 0.000000 0.531250
vt 0.093750 0.781250
vt 0.343750 1.000000
vt 0.591800 1.000000
vt 0.517580 -0.503910
vt -0.023440 -0.224610
vt -0.007810 -0.748050
vt -0.353520 -0.316410
vt -0.390620 -0.607420
vt 0.519530 0.496090
vt -0.210940 0.099610
vt -0.667970 -0.376950
vt -0.162110 0.669920
vt -0.597660 0.314450
vt -0.736330 -0.068360
vt 0.675780 0.080080
vt 1.802730 -1.140620
vt 2.212890 -0.646480
vt 1.937500 -0.615230
vt 1.382810 -1.310550
vt 1.628910 -1.343750
vt 2.281250 -1.179690
vt 2.437500 -0.949220
vt 2.595700 -0.718750
vt 1.818360 0.011720
vt 2.205080 0.083980
vt 1.292970 -1.046880
vt 1.396480 -0.308590
vt 1.220700 -0.662110
vt 2.646480 -0.349610
s 0
usemtl mat5
f 445/261/181 447/263/181 446/262/181
f 448/264/182 450/266/182 449/265/182
f 448/264/183 445/261/183 450/266/183
f 450/266/184 446/262/184 451/267/184
f 448/264/185 452/268/185 445/261/185
f 453/269/186 455/271/186 454/270/186
f 456/272/187 446/262/187 447/263/187
f 447/263/188 445/261/188 452/268/188
f 456/272/189 451/267/189 446/262/189
f 446/262/190 450/266/190 445/261/190
f 457/273/191 459/275/191 458/274/191
f 460/276/192 462/278/192 461/277/192
f 460/276/193 457/273/193 462/278/193
f 462/278/194 458/274/194 463/279/194
f 460/276/195 464/280/195 457/273/195
f 463/279/196 461/277/196 462/278/196
f 465/281/197 458/274/197 459/275/197
f 459/275/198 457/273/198 464/280/198
f 465/281/199 463/279/199 458/274/199
f 458/274/200 462/278/200 457/273/200
f 466/282/201 468/284/201 467/283/201
f 469/285/202 471/287/202 470/286/202
f 470/286/203 473/289/203 472/288/203
f 469/285/204 466/282/204 471/287/204
f 471/287/205 474/290/205 473/289/205
f 471/287/205 475/291/205 474/290/205
f 467/283/205 475/291/205 471/287/205
f 473/289/206 470/286/206 471/287/206
f 476/292/207 467/283/207 468/284/207
f 476/292/208 473/289/208 467/283/208
f 467/283/209 471/287/209 466/282/209
f 476/292/210 472/288/210 473/289/210
f 477/293/211 479/295/211 478/294/211
f 473/289/205 474/290/205 480/296/205
f 467/283/205 481/297/205 475/291/205
f 473/289/205 480/296/205 481/297/205
f 473/289/205 481/297/205 467/283/205
f 477/293/212 482/298/212 479/295/212
f 483/299/213 485/301/213 484/300/213
f 479/295/214 486/302/214 478/294/214
f 487/303/205 483/299/205 477/293/205
f 486/302/215 488/304/215 478/294/215
f 478/294/216 489/305/216 487/303/216
f 487/303/217 489/305/217 490/306/217
f 490/306/218 491/307/218 487/303/218
f 488/304/219 489/305/219 478/294/219
f 491/307/220 492/308/220 487/303/220
f 487/303/205 477/293/205 478/294/205
f 483/299/221 487/303/221 492/308/221
f 483/299/222 492/308/222 485/301/222
f 483/299/223 484/300/223 477/293/223
f 482/298/224 477/293/224 484/300/224
f 493/309/225 495/311/225 494/310/225
f 495/311/226 497/313/226 496/312/226
f 495/311/227 496/312/227 494/310/227
f 494/310/228 499/315/228 498/314/228
f 497/313/229 500/316/229 496/312/229
f 501/317/230 498/314/230 499/315/230
f 496/312/231 503/319/231 502/318/231
f 496/312/232 502/318/232 499/315/232
f 502/318/233 501/317/233 499/315/233
f 500/316/234 503/319/234 496/312/234
f 499/315/235 494/310/235 496/312/235
f 498/314/236 504/320/236 494/310/236
f 494/310/237 504/320/237 493/309/237
f 505/321/238 507/323/238 506/322/238
f 505/321/239 509/325/239 508/324/239
f 510/326/240 509/325/240 505/321/240
f 505/321/241 512/328/241 511/327/241
f 513/329/242 514/330/242 507/323/242
f 507/323/243 505/321/243 515/331/243
f 507/323/244 514/330/244 506/322/244
f 515/331/245 505/321/245 508/324/245
f 506/322/246 512/328/246 505/321/246
f 507/323/247 517/333/247 516/332/247
f 514/330/248 518/334/248 506/322/248
f 518/334/249 512/328/249 506/322/249
f 516/332/250 513/329/250 507/323/250
f 515/331/251 517/333/251 507/323/251
f 511/327/252 510/326/252 505/321/252
o obj13
v -36.542919 15.223732 76.639030
v -41.523338 9.514831 74.156250
v -46.637562 9.514831 71.599144
v -36.542919 -0.000006 76.639030
v -39.828510 -0.000006 75.003670
v -39.828510 5.708896 75.003670
v -51.216579 11.551600 69.309631
v -48.332394 5.708896 70.751724
v -48.332394 -0.000005 70.751724
v -51.216579 0.014862 69.309631
v -51.216579 11.551600 69.309631
v -38.044476 11.417800 41.850410
v -36.542919 15.223732 76.639030
v -22.820740 15.223734 49.462280
v -27.920097 9.514832 46.905167
v -26.225267 5.708898 47.767452
v -22.820740 15.223734 49.462280
v -26.225267 -0.000004 47.767452
v -22.820740 -0.000004 49.462280
v -33.034321 9.514832 44.362923
v -38.044476 11.417800 41.850410
v -26.225267 5.708898 47.767452
v -39.828510 5.708896 75.003670
v -39.828510 -0.000006 75.003670
v -34.729153 5.708898 43.500641
v -38.044476 -0.000003 41.850410
v -34.729153 -0.000003 43.500641
v -34.729153 -0.000003 43.500641
v -48.332394 5.708896 70.751724
v -34.729153 5.708898 43.500641
v -48.332394 -0.000005 70.751724
v -26.225267 -0.000004 47.767452
v -34.729153 5.708898 43.500641
v -48.332394 5.708896 70.751724
v -46.637562 9.514831 71.599144
v -33.034321 9.514832 44.362923
v -27.920097 9.514832 46.905167
v -39.828510 5.708896 75.003670
v -26.225267 5.708898 47.767452
v -41.523338 9.514831 74.156250
v -33.034321 9.514832 44.362923
v -46.637562 9.514831 71.599144
v -41.523338 9.514831 74.156250
v -27.920097 9.514832 46.905167
vn -0.4472 0.0012 0.8944
vn -0.4456 -0.0000 0.8952
vn -0.4472 -0.0000 0.8944
vn -0.4470 0.0007 0.8945
vn -0.4465 0.0004 0.8948
vn -0.1951 0.9758 -0.0983
vn -0.1948 0.9759 -0.0984
vn 0.4500 -0.0019 -0.8930
vn 0.4456 -0.0000 -0.8952
vn 0.4476 -0.0021 -0.8942
vn 0.4451 0.0035 -0.8955
vn -0.8946 -0.0000 -0.4468
vn 0.4490 0.0025 -0.8935
vn 0.8947 -0.0000 0.4466
vn 0.8009 -0.4457 0.3998
vn 0.8003 -0.4469 0.3997
vn -0.8003 -0.4469 -0.3997
vn -0.8009 -0.4457 -0.3998
vn -0.0000 -1.0000 -0.0000
vt 0.000000 4.025390
vt 1.427730 2.529300
vt 2.925780 2.529300
vt 0.000000 0.033200
vt 0.929690 0.033200
vt 0.929690 1.531250
vt 4.267580 3.060550
vt 3.423830 1.531250
vt 3.423830 0.033200
vt 4.267580 0.066410
vt -8.013670 -3.457030
vt 0.966800 -3.587890
vt -7.958980 1.000000
vt 0.966800 1.000000
vt -0.529300 2.527340
vt 0.000000 1.529300
vt 0.966800 4.025390
vt 0.966800 0.033200
vt -2.025390 2.527340
vt -3.494140 2.828120
vt 4.458980 1.000000
vt 0.000000 1.000000
vt 0.000000 -0.462890
vt -2.523440 1.529300
vt -3.494140 0.033200
vt -2.523440 0.033200
vt 4.460940 1.000000
vt 4.458980 -0.462890
vt 4.458980 -0.464840
vt -1.027340 0.033200
vt 3.460940 0.033200
vt 3.462890 1.148440
vt -1.027340 1.148440
vt 4.458980 1.148440
vt 4.458980 0.033200
vt 0.000000 1.148440
vt 0.966800 -7.949220
vt -0.527340 1.000000
vt -0.529300 -7.949220
s 0
usemtl mat6
f 519/335/253 521/337/253 520/336/253
f 519/335/254 523/339/254 522/338/254
f 519/335/254 524/340/254 523/339/254
f 525/341/255 527/343/255 526/342/255
f 525/341/255 528/344/255 527/343/255
f 519/335/256 525/341/256 521/337/256
f 519/335/257 520/336/257 524/340/257
f 521/337/255 525/341/255 526/342/255
f 529/345/258 531/347/258 530/346/258
f 530/346/259 531/347/259 532/348/259
f 533/349/260 535/351/260 534/350/260
f 534/350/261 535/351/261 536/338/261
f 536/338/261 535/351/261 537/352/261
f 538/353/262 539/354/262 535/351/262
f 538/353/263 535/351/263 533/349/263
f 540/355/264 542/357/264 541/356/264
f 543/358/265 539/354/265 538/353/265
f 544/359/261 539/354/261 543/358/261
f 544/359/261 543/358/261 545/360/261
f 546/357/266 548/356/266 547/361/266
f 546/357/266 547/361/266 549/362/266
f 540/355/264 550/363/264 542/357/264
f 551/364/267 553/366/267 552/365/267
f 551/364/268 554/367/268 553/366/268
f 555/368/269 557/369/269 556/338/269
f 555/368/270 556/338/270 558/370/270
f 559/371/271 561/372/271 560/348/271
f 559/371/271 562/373/271 561/372/271
o obj14
v -36.542919 15.223732 76.639030
v -41.523338 9.514831 74.156250
v -46.637562 9.514831 71.599144
v -36.542919 -0.000006 76.639030
v -39.828510 -0.000006 75.003670
v -39.828510 5.708896 75.003670
v -51.216579 11.551600 69.309631
v -48.332394 5.708896 70.751724
v -48.332394 -0.000005 70.751724
v -51.216579 0.014862 69.309631
v -51.216579 11.551600 69.309631
v -38.044476 11.417800 41.850410
v -36.542919 15.223732 76.639030
v -22.820740 15.223734 49.462280
v -27.920097 9.514832 46.905167
v -26.225267 5.708898 47.767452
v -22.820740 15.223734 49.462280
v -26.225267 -0.000004 47.767452
v -22.820740 -0.000004 49.462280
v -33.034321 9.514832 44.362923
v -38.044476 11.417800 41.850410
v -26.225267 5.708898 47.767452
v -39.828510 5.708896 75.003670
v -39.828510 -0.000006 75.003670
v -34.729153 5.708898 43.500641
v -38.044476 -0.000003 41.850410
v -34.729153 -0.000003 43.500641
v -34.729153 -0.000003 43.500641
v -48.332394 5.708896 70.751724
v -34.729153 5.708898 43.500641
v -48.332394 -0.000005 70.751724
v -26.225267 -0.000004 47.767452
v -34.729153 5.708898 43.500641
v -48.332394 5.708896 70.751724
v -46.637562 9.514831 71.599144
v -33.034321 9.514832 44.362923
v -27.920097 9.514832 46.905167
v -39.828510 5.708896 75.003670
v -26.225267 5.708898 47.767452
v -41.523338 9.514831 74.156250
v -33.034321 9.514832 44.362923
v -46.637562 9.514831 71.599144
v -41.523338 9.514831 74.156250
v -27.920097 9.514832 46.905167
vn -0.4472 0.0012 0.8944
vn -0.4456 -0.0000 0.8952
vn -0.4472 -0.0000 0.8944
vn -0.4470 0.0007 0.8945
vn -0.4465 0.0004 0.8948
vn -0.1951 0.9758 -0.0983
vn -0.1948 0.9759 -0.0984
vn 0.4500 -0.0019 -0.8930
vn 0.4456 -0.0000 -0.8952
vn 0.4476 -0.0021 -0.8942
vn 0.4451 0.0035 -0.8955
vn -0.8946 -0.0000 -0.4468
vn 0.4490 0.0025 -0.8935
vn 0.8947 -0.0000 0.4466
vn 0.8009 -0.4457 0.3998
vn 0.8003 -0.4469 0.3997
vn -0.8003 -0.4469 -0.3997
vn -0.8009 -0.4457 -0.3998
vn -0.0000 -1.0000 -0.0000
vt 0.000000 4.025390
vt 1.427730 2.529300
vt 2.925780 2.529300
vt 0.000000 0.033200
vt 0.929690 0.033200
vt 0.929690 1.531250
vt 4.267580 3.060550
vt 3.423830 1.531250
vt 3.423830 0.033200
vt 4.267580 0.066410
vt -8.013670 -3.457030
vt 0.966800 -3.587890
vt -7.958980 1.000000
vt 0.966800 1.000000
vt -0.529300 2.527340
vt 0.000000 1.529300
vt 0.966800 4.025390
vt 0.966800 0.033200
vt -2.025390 2.527340
vt -3.494140 2.828120
vt 4.458980 1.000000
vt 0.000000 1.000000
vt 0.000000 -0.462890
vt -2.523440 1.529300
vt -3.494140 0.033200
vt -2.523440 0.033200
vt 4.460940 1.000000
vt 4.458980 -0.462890
vt 4.458980 -0.464840
vt -1.027340 0.033200
vt 3.460940 0.033200
vt 3.462890 1.148440
vt -1.027340 1.148440
vt 4.458980 1.148440
vt 4.458980 0.033200
vt 0.000000 1.148440
vt 0.966800 -7.949220
vt -0.527340 1.000000
vt -0.529300 -7.949220
s 0
usemtl mat6
f 563/374/272 565/376/272 564/375/272
f 563/374/273 567/378/273 566/377/273
f 563/374/273 568/379/273 567/378/273
f 569/380/274 571/382/274 570/381/274
f 569/380/274 572/383/274 571/382/274
f 563/374/275 569/380/275 565/376/275
f 563/374/276 564/375/276 568/379/276
f 565/376/274 569/380/274 570/381/274
f 573/384/277 575/386/277 574/385/277
f 574/385/278 575/386/278 576/387/278
f 577/388/279 579/390/279 578/389/279
f 578/389/280 579/390/280 580/377/280
f 580/377/280 579/390/280 581/391/280
f 582/392/281 583/393/281 579/390/281
f 582/392/282 579/390/282 577/388/282
f 584/394/283 586/396/283 585/395/283
f 587/397/284 583/393/284 582/392/284
f 588/398/280 583/393/280 587/397/280
f 588/398/280 587/397/280 589/399/280
f 590/396/285 592/395/285 591/400/285
f 590/396/285 591/400/285 593/401/285
f 584/394/283 594/402/283 586/396/283
f 595/403/286 597/405/286 596/404/286
f 595/403/287 598/406/287 597/405/287
f 599/407/288 601/408/288 600/377/288
f 599/407/289 600/377/289 602/409/289
f 603/410/290 605/411/290 604/387/290
f 603/410/290 606/412/290 605/411/290
o obj15
v 15.223738 22.835606 -2.542243
v 46.042885 25.883327 10.897463
v 17.632181 20.932640 2.215174
v 15.223738 20.932640 -2.542243
v 18.018721 20.932640 1.828634
v 30.863750 20.932640 -6.318444
v 28.068766 20.932640 -10.704188
v 28.068766 22.835606 -10.704188
v 15.223738 22.835606 -2.542243
v 15.223738 11.417803 -2.542244
v 18.018721 20.932640 1.828634
v 15.223738 20.932640 -2.542243
v 18.018721 11.417803 1.828633
v -22.820740 0.000002 -22.835606
v -22.820740 11.417805 -22.835606
v 46.042885 25.883327 10.897463
v 15.223738 22.835606 -2.542243
v 28.990517 30.462343 1.219091
v 28.068766 22.835606 -10.704188
v 17.632181 11.417803 2.215174
v 53.283081 9.752706 11.402937
v 25.154848 11.417807 -47.455246
v -22.820740 11.417805 -22.835606
v 15.223738 11.417803 -2.542244
v 15.223738 22.835606 -2.542243
v 18.018721 20.932640 1.828634
v 30.863750 11.417804 -6.318445
v 30.863750 20.932640 -6.318444
v 18.018721 11.417803 1.828633
v -11.402936 -0.000001 11.402936
v 17.632181 11.417803 2.215174
v 46.042885 25.883327 10.897463
v -22.820740 0.000002 -22.835606
v 30.908350 20.337959 22.820742
v -15.104802 -0.000003 34.179073
v 25.154848 11.417807 -47.455246
v 28.068766 22.835606 -10.704188
v 28.068766 11.417804 -10.704189
v 30.863750 11.417804 -6.318445
v 28.068766 11.417804 -10.704189
v 30.863750 20.932640 -6.318444
v 18.732334 43.381702 34.595352
v 22.612602 43.381702 36.453720
v 19.743284 43.381702 37.464672
v 21.586784 43.381702 33.584400
vn -0.2906 0.8286 0.4786
vn -0.0000 -1.0000 -0.0000
vn -0.5363 -0.0000 -0.8440
vn 0.8425 -0.0000 -0.5387
vn -0.5265 -0.0000 0.8502
vn -0.4893 0.6956 0.5260
vn -0.4057 0.3080 0.8606
vn 0.4775 0.7229 -0.4993
vn -0.3140 0.8106 -0.4942
vn -0.2923 -0.0000 0.9563
vn 0.7121 0.2997 -0.6348
vn 0.6225 0.7320 -0.2768
vn 0.4706 -0.0000 -0.8823
vn -0.5356 -0.0000 -0.8445
vn -0.4062 0.8983 -0.1674
vn -0.3331 0.9363 0.1111
vn -0.4095 0.9070 -0.0980
vn -0.4173 0.9062 -0.0678
vn -0.9969 -0.0000 0.0790
vn -0.8433 -0.0000 0.5374
vn -0.0000 1.0000 -0.0000
vt -0.412110 1.500000
vt -4.566410 0.109380
vt -0.859380 1.000000
vt 0.000000 1.000000
vt 0.000000 0.691410
vt 0.966800 0.691410
vt 0.966800 1.000000
vt 0.966800 1.156250
vt 0.000000 1.156250
vt 0.626950 0.033200
vt 0.966800 0.781250
vt 0.626950 0.781250
vt 0.966800 0.033200
vt 5.957030 1.000000
vt 5.353520 2.402340
vt 2.468750 0.773440
vt 1.466800 -0.048830
vt 1.927730 0.087890
vt 1.886720 -0.316410
vt -0.357420 -0.109380
vt 2.712890 0.408200
vt 1.589840 -1.585940
vt -4.687500 0.033200
vt 0.966800 1.529300
vt 0.966800 0.283200
vt 0.000000 0.283200
vt 0.000000 -0.101560
vt 0.000000 2.029300
vt -1.130860 3.863280
vt 2.335940 -0.136720
vt -1.578120 2.628910
vt -1.378910 -0.740230
vt 4.958980 1.000000
vt -0.099610 1.000000
vt 0.341800 -0.396480
vt 0.626950 0.283200
vt 0.626950 1.000000
vt 0.000000 0.033200
vt 0.964840 1.000000
vt 0.964840 0.033200
s 0
usemtl mat7
f 607/413/291 609/415/291 608/414/291
f 610/416/292 612/418/292 611/417/292
f 610/416/292 613/419/292 612/418/292
f 614/420/293 613/419/293 610/416/293
f 614/420/293 610/416/293 615/421/293
f 616/422/294 618/424/294 617/423/294
f 616/422/294 617/423/294 619/425/294
f 620/426/295 609/415/295 621/427/295
f 621/427/296 609/415/296 607/413/296
f 622/428/297 624/430/297 623/429/297
f 625/431/298 624/430/298 622/428/298
f 623/429/299 624/430/299 625/431/299
f 620/426/295 626/432/295 609/415/295
f 626/432/300 608/414/300 609/415/300
f 627/433/301 625/431/301 622/428/301
f 627/433/302 628/434/302 625/431/302
f 629/435/303 631/436/303 630/425/303
f 632/416/304 634/419/304 633/437/304
f 632/416/304 633/437/304 635/438/304
f 636/439/305 638/441/305 637/440/305
f 636/439/306 637/440/306 639/442/306
f 640/443/307 638/441/307 636/439/307
f 636/439/308 641/444/308 640/443/308
f 642/445/309 644/447/309 643/446/309
f 613/419/310 646/437/310 645/448/310
f 613/419/310 645/448/310 647/449/310
f 648/450/311 650/416/311 649/451/311
f 648/450/311 649/451/311 651/452/311
o obj16
v 15.223738 22.835606 -2.542243
v 46.042885 25.883327 10.897463
v 17.632181 20.932640 2.215174
v 15.223738 20.932640 -2.542243
v 18.018721 20.932640 1.828634
v 30.863750 20.932640 -6.318444
v 28.068766 20.932640 -10.704188
v 28.068766 22.835606 -10.704188
v 15.223738 22.835606 -2.542243
v 15.223738 11.417803 -2.542244
v 18.018721 20.932640 1.828634
v 15.223738 20.932640 -2.542243
v 18.018721 11.417803 1.828633
v -22.820740 0.000002 -22.835606
v -22.820740 11.417805 -22.835606
v 46.042885 25.883327 10.897463
v 15.223738 22.835606 -2.542243
v 28.990517 30.462343 1.219091
v 28.068766 22.835606 -10.704188
v 17.632181 11.417803 2.215174
v 53.283081 9.752706 11.402937
v 25.154848 11.417807 -47.455246
v -22.820740 11.417805 -22.835606
v 15.223738 11.417803 -2.542244
v 15.223738 22.835606 -2.542243
v 18.018721 20.932640 1.828634
v 30.863750 11.417804 -6.318445
v 30.863750 20.932640 -6.318444
v 18.018721 11.417803 1.828633
v -11.402936 -0.000001 11.402936
v 17.632181 11.417803 2.215174
v 46.042885 25.883327 10.897463
v -22.820740 0.000002 -22.835606
v 30.908350 20.337959 22.820742
v -15.104802 -0.000003 34.179073
v 25.154848 11.417807 -47.455246
v 28.068766 22.835606 -10.704188
v 28.068766 11.417804 -10.704189
v 30.863750 11.417804 -6.318445
v 28.068766 11.417804 -10.704189
v 30.863750 20.932640 -6.318444
v 18.732334 43.381702 34.595352
v 22.612602 43.381702 36.453720
v 19.743284 43.381702 37.464672
v 21.586784 43.381702 33.584400
vn -0.2906 0.8286 0.4786
vn -0.0000 -1.0000 -0.0000
vn -0.5363 -0.0000 -0.8440
vn 0.8425 -0.0000 -0.5387
vn -0.5265 -0.0000 0.8502
vn -0.4893 0.6956 0.5260
vn -0.4057 0.3080 0.8606
vn 0.4775 0.7229 -0.4993
vn -0.3140 0.8106 -0.4942
vn -0.2923 -0.0000 0.9563
vn 0.7121 0.2997 -0.6348
vn 0.6225 0.7320 -0.2768
vn 0.4706 -0.0000 -0.8823
vn -0.5356 -0.0000 -0.8445
vn -0.4062 0.8983 -0.1674
vn -0.3331 0.9363 0.1111
vn -0.4095 0.9070 -0.0980
vn -0.4173 0.9062 -0.0678
vn -0.9969 -0.0000 0.0790
vn -0.8433 -0.0000 0.5374
vn -0.0000 1.0000 -0.0000
vt -0.412110 1.500000
vt -4.566410 0.109380
vt -0.859380 1.000000
vt 0.000000 1.000000
vt 0.000000 0.691410
vt 0.966800 0.691410
vt 0.966800 1.000000
vt 0.966800 1.156250
vt 0.000000 1.156250
vt 0.626950 0.033200
vt 0.966800 0.781250
vt 0.626950 0.781250
vt 0.966800 0.033200
vt 5.957030 1.000000
vt 5.353520 2.402340
vt 2.468750 0.773440
vt 1.466800 -0.048830
vt 1.927730 0.087890
vt 1.886720 -0.316410
vt -0.357420 -0.109380
vt 2.712890 0.408200
vt 1.589840 -1.585940
vt -4.687500 0.033200
vt 0.966800 1.529300
vt 0.966800 0.283200
vt 0.000000 0.283200
vt 0.000000 -0.101560
vt 0.000000 2.029300
vt -1.130860 3.863280
vt 2.335940 -0.136720
vt -1.578120 2.628910
vt -1.378910 -0.740230
vt 4.958980 1.000000
vt -0.099610 1.000000
vt 0.341800 -0.396480
vt 0.626950 0.283200
vt 0.626950 1.000000
vt 0.000000 0.033200
vt 0.964840 1.000000
vt 0.964840 0.033200
s 0
usemtl mat7
f 652/453/312 654/455/312 653/454/312
f 655/456/313 657/458/313 656/457/313
f 655/456/313 658/459/313 657/458/313
f 659/460/314 658/459/314 655/456/314
f 659/460/314 655/456/314 660/461/314
f 661/462/315 663/464/315 662/463/315
f 661/462/315 662/463/315 664/465/315
f 665/466/316 654/455/316 666/467/316
f 666/467/317 654/455/317 652/453/317
f 667/468/318 669/470/318 668/469/318
f 670/471/319 669/470/319 667/468/319
f 668/469/320 669/470/320 670/471/320
f 665/466/316 671/472/316 654/455/316
f 671/472/321 653/454/321 654/455/321
f 672/473/322 670/471/322 667/468/322
f 672/473/323 673/474/323 670/471/323
f 674/475/324 676/476/324 675/465/324
f 677/456/325 679/459/325 678/477/325
f 677/456/325 678/477/325 680/478/325
f 681/479/326 683/481/326 682/480/326
f 681/479/327 682/480/327 684/482/327
f 685/483/328 683/481/328 681/479/328
f 681/479/329 686/484/329 685/483/329
f 687/485/330 689/487/330 688/486/330
f 658/459/331 691/477/331 690/488/331
f 658/459/331 690/488/331 692/489/331
f 693/490/332 695/456/332 694/491/332
f 693/490/332 694/491/332 696/492/332
o obj17
v 81.441048 22.835611 -66.990395
v 81.441048 15.223742 -66.990395
v 81.441048 15.223743 -70.023247
v 81.441048 22.835611 -70.023247
v 78.408195 22.835611 -66.990395
v 78.408195 15.223742 -66.990395
v 81.441048 22.835611 -70.023247
v 81.441048 15.223743 -70.023247
v 78.408195 15.223743 -70.023247
v 78.408195 22.835611 -70.023247
v 81.441048 15.223742 -66.990395
v 78.408195 15.223743 -70.023247
v 81.441048 15.223743 -70.023247
v 78.408195 15.223742 -66.990395
v 87.536491 15.223743 -76.118690
v 83.730560 22.835611 -72.312752
v 76.118690 22.835611 -72.312752
v 76.118690 22.835611 -72.312752
v 83.730560 22.835611 -72.312752
v 81.441048 22.835611 -70.023247
v 83.730560 22.835611 -64.700882
v 81.441048 22.835611 -66.990395
v 78.408195 22.835611 -66.990395
v 78.408195 22.835611 -70.023247
v 76.118690 22.835611 -64.700882
v 87.536491 15.223742 -60.894951
v 83.730560 22.835611 -72.312752
v 87.536491 15.223743 -76.118690
v 83.730560 22.835611 -64.700882
v -52.078861 14.272254 -1.650228
v -47.380909 14.272254 1.709698
v -48.035057 14.272254 2.363843
v 72.312752 15.223743 -76.118690
v 72.312752 15.223743 -76.118690
v 72.312752 15.223742 -60.894951
v 76.118690 22.835611 -72.312752
v 72.312752 15.223742 -60.894951
v 83.730560 22.835611 -64.700882
v 87.536491 15.223742 -60.894951
v 76.118690 22.835611 -64.700882
v -51.409847 14.272254 -2.319240
v -47.366043 13.320770 1.694831
v -51.409847 13.320770 -2.319240
v -46.711899 12.369287 1.025819
v -50.740837 13.320770 -2.988252
v -50.740837 12.369287 -2.988252
v -46.711899 13.320770 1.025819
v -50.071823 12.369287 -3.657264
v -46.042885 12.369287 0.356807
v -46.042885 11.417803 0.356807
v -50.071823 11.417803 -3.657264
v -52.078861 11.417803 -1.650229
v -50.071823 11.417803 -3.657264
v -50.740837 12.369287 -2.988252
v -51.409847 13.320770 -2.319240
v -52.078861 14.272254 -1.650228
v -50.740837 13.320770 -2.988252
v -51.409847 14.272254 -2.319240
v -50.071823 12.369287 -3.657264
vn -1.0000 -0.0000 -0.0000
vn -0.0000 -0.0000 -1.0000
vn -0.0000 -0.0000 1.0000
vn 1.0000 -0.0000 -0.0000
vn -0.0000 1.0000 -0.0000
vn -0.0000 0.4472 -0.8944
vn 0.8944 0.4472 -0.0000
vn -0.8944 0.4472 -0.0000
vn -0.0000 0.4472 0.8944
vn 0.7069 0.0221 -0.7069
vn 0.7045 -0.0000 -0.7097
vn 0.7058 -0.0000 -0.7084
vn -0.7071 -0.0000 -0.7071
vt 3.462890 0.033200
vt 3.462890 1.000000
vt 4.460940 1.000000
vt 4.460940 0.033200
vt 2.464840 0.033200
vt 2.462890 1.000000
vt 0.466800 0.033200
vt 0.468750 1.000000
vt 1.466800 1.000000
vt 1.466800 0.033200
vt 0.000000 1.000000
vt 0.767580 0.232420
vt 0.767580 1.000000
vt 0.000000 0.232420
vt 1.466800 -0.082030
vt 0.966800 1.000000
vt 0.000000 0.033200
vt 0.966800 0.033200
vt 0.667970 0.332030
vt 0.667970 0.732420
vt 0.267580 0.732420
vt 0.267580 0.332030
vt 1.470700 -0.082030
vt -0.025390 1.000000
vt -0.523440 -0.082030
vt 0.972660 1.000000
vt -0.902340 1.128910
vt 0.966800 0.912110
vt 0.966800 1.130860
vt -0.529300 -0.082030
vt 1.464840 -0.082030
vt -0.527340 -0.082030
vt -0.902340 0.912110
vt 0.966800 0.691410
vt -0.902340 0.691410
vt 0.966800 0.251950
vt -0.902340 0.472660
vt -0.902340 0.251950
vt 0.966800 0.472660
vt -0.902340 0.033200
vt 0.966800 -0.185550
vt -0.902340 -0.185550
vt 1.000000 0.033200
vt 0.656250 0.378910
vt 0.310550 0.726560
vt 0.000000 1.072270
vt 0.656250 0.726560
vt 0.310550 1.072270
vt 1.000000 0.378910
s 0
usemtl mat8
f 697/493/333 699/495/333 698/494/333
f 697/493/333 700/496/333 699/495/333
f 701/497/334 697/493/334 698/494/334
f 701/497/334 698/494/334 702/498/334
f 703/499/335 705/501/335 704/500/335
f 703/499/335 706/502/335 705/501/335
f 706/502/336 702/498/336 705/501/336
f 706/502/336 701/497/336 702/498/336
f 707/503/337 709/505/337 708/504/337
f 707/503/337 708/504/337 710/506/337
f 711/507/338 713/503/338 712/508/338
f 714/509/337 716/511/337 715/510/337
f 715/510/337 718/512/337 717/508/337
f 715/510/337 716/511/337 718/512/337
f 717/508/337 718/512/337 719/513/337
f 714/509/337 720/514/337 716/511/337
f 717/508/337 719/513/337 721/503/337
f 721/503/337 720/514/337 714/509/337
f 721/503/337 719/513/337 720/514/337
f 722/515/339 724/517/339 723/516/339
f 722/515/339 723/516/339 725/518/339
f 726/519/337 728/521/337 727/520/337
f 711/507/338 729/522/338 713/503/338
f 730/523/340 731/524/340 721/503/340
f 730/523/340 721/503/340 732/508/340
f 733/507/341 735/522/341 734/503/341
f 733/507/341 734/503/341 736/508/341
f 726/519/337 727/520/337 737/525/337
f 738/526/342 737/525/342 727/520/342
f 738/526/343 739/527/343 737/525/343
f 740/528/344 742/530/344 741/529/344
f 740/528/344 741/529/344 743/531/344
f 739/527/337 743/531/337 741/529/337
f 739/527/337 738/526/337 743/531/337
f 742/530/337 745/510/337 744/532/337
f 742/530/337 740/528/337 745/510/337
f 746/533/344 744/532/344 745/510/344
f 746/533/344 747/534/344 744/532/344
f 748/509/345 750/536/345 749/535/345
f 748/509/345 751/537/345 750/536/345
f 748/509/345 752/538/345 751/537/345
f 750/536/345 751/537/345 753/539/345
f 751/537/345 752/538/345 754/540/345
f 749/535/345 750/536/345 755/541/345
o obj18
v 81.441048 22.835611 -66.990395
v 81.441048 15.223742 -66.990395
v 81.441048 15.223743 -70.023247
v 81.441048 22.835611 -70.023247
v 78.408195 22.835611 -66.990395
v 78.408195 15.223742 -66.990395
v 81.441048 22.835611 -70.023247
v 81.441048 15.223743 -70.023247
v 78.408195 15.223743 -70.023247
v 78.408195 22.835611 -70.023247
v 81.441048 15.223742 -66.990395
v 78.408195 15.223743 -70.023247
v 81.441048 15.223743 -70.023247
v 78.408195 15.223742 -66.990395
v 87.536491 15.223743 -76.118690
v 83.730560 22.835611 -72.312752
v 76.118690 22.835611 -72.312752
v 76.118690 22.835611 -72.312752
v 83.730560 22.835611 -72.312752
v 81.441048 22.835611 -70.023247
v 83.730560 22.835611 -64.700882
v 81.441048 22.835611 -66.990395
v 78.408195 22.835611 -66.990395
v 78.408195 22.835611 -70.023247
v 76.118690 22.835611 -64.700882
v 87.536491 15.223742 -60.894951
v 83.730560 22.835611 -72.312752
v 87.536491 15.223743 -76.118690
v 83.730560 22.835611 -64.700882
v -52.078861 14.272254 -1.650228
v -47.380909 14.272254 1.709698
v -48.035057 14.272254 2.363843
v 72.312752 15.223743 -76.118690
v 72.312752 15.223743 -76.118690
v 72.312752 15.223742 -60.894951
v 76.118690 22.835611 -72.312752
v 72.312752 15.223742 -60.894951
v 83.730560 22.835611 -64.700882
v 87.536491 15.223742 -60.894951
v 76.118690 22.835611 -64.700882
v -51.409847 14.272254 -2.319240
v -47.366043 13.320770 1.694831
v -51.409847 13.320770 -2.319240
v -46.711899 12.369287 1.025819
v -50.740837 13.320770 -2.988252
v -50.740837 12.369287 -2.988252
v -46.711899 13.320770 1.025819
v -50.071823 12.369287 -3.657264
v -46.042885 12.369287 0.356807
v -46.042885 11.417803 0.356807
v -50.071823 11.417803 -3.657264
v -52.078861 11.417803 -1.650229
v -50.071823 11.417803 -3.657264
v -50.740837 12.369287 -2.988252
v -51.409847 13.320770 -2.319240
v -52.078861 14.272254 -1.650228
v -50.740837 13.320770 -2.988252
v -51.409847 14.272254 -2.319240
v -50.071823 12.369287 -3.657264
vn -1.0000 -0.0000 -0.0000
vn -0.0000 -0.0000 -1.0000
vn -0.0000 -0.0000 1.0000
vn 1.0000 -0.0000 -0.0000
vn -0.0000 1.0000 -0.0000
vn -0.0000 0.4472 -0.8944
vn 0.8944 0.4472 -0.0000
vn -0.8944 0.4472 -0.0000
vn -0.0000 0.4472 0.8944
vn 0.7069 0.0221 -0.7069
vn 0.7045 -0.0000 -0.7097
vn 0.7058 -0.0000 -0.7084
vn -0.7071 -0.0000 -0.7071
vt 3.462890 0.033200
vt 3.462890 1.000000
vt 4.460940 1.000000
vt 4.460940 0.033200
vt 2.464840 0.033200
vt 2.462890 1.000000
vt 0.466800 0.033200
vt 0.468750 1.000000
vt 1.466800 1.000000
vt 1.466800 0.033200
vt 0.000000 1.000000
vt 0.767580 0.232420
vt 0.767580 1.000000
vt 0.000000 0.232420
vt 1.466800 -0.082030
vt 0.966800 1.000000
vt 0.000000 0.033200
vt 0.966800 0.033200
vt 0.667970 0.332030
vt 0.667970 0.732420
vt 0.267580 0.732420
vt 0.267580 0.332030
vt 1.470700 -0.082030
vt -0.025390 1.000000
vt -0.523440 -0.082030
vt 0.972660 1.000000
vt -0.902340 1.128910
vt 0.966800 0.912110
vt 0.966800 1.130860
vt -0.529300 -0.082030
vt 1.464840 -0.082030
vt -0.527340 -0.082030
vt -0.902340 0.912110
vt 0.966800 0.691410
vt -0.902340 0.691410
vt 0.966800 0.251950
vt -0.902340 0.472660
vt -0.902340 0.251950
vt 0.966800 0.472660
vt -0.902340 0.033200
vt 0.966800 -0.185550
vt -0.902340 -0.185550
vt 1.000000 0.033200
vt 0.656250 0.378910
vt 0.310550 0.726560
vt 0.000000 1.072270
vt 0.656250 0.726560
vt 0.310550 1.072270
vt 1.000000 0.378910
s 0
usemtl mat8
f 756/542/346 758/544/346 757/543/346
f 756/542/346 759/545/346 758/544/346
f 760/546/347 756/542/347 757/543/347
f 760/546/347 757/543/347 761/547/347
f 762/548/348 764/550/348 763/549/348
f 762/548/348 765/551/348 764/550/348
f 765/551/349 761/547/349 764/550/349
f 765/551/349 760/546/349 761/547/349
f 766/552/350 768/554/350 767/553/350
f 766/552/350 767/553/350 769/555/350
f 770/556/351 772/552/351 771/557/351
f 773/558/350 775/560/350 774/559/350
f 774/559/350 777/561/350 776/557/350
f 774/559/350 775/560/350 777/561/350
f 776/557/350 777/561/350 778/562/350
f 773/558/350 779/563/350 775/560/350
f 776/557/350 778/562/350 780/552/350
f 780/552/350 779/563/350 773/558/350
f 780/552/350 778/562/350 779/563/350
f 781/564/352 783/566/352 782/565/352
f 781/564/352 782/565/352 784/567/352
f 785/568/350 787/570/350 786/569/350
f 770/556/351 788/571/351 772/552/351
f 789/572/353 790/573/353 780/552/353
f 789/572/353 780/552/353 791/557/353
f 792/556/354 794/571/354 793/552/354
f 792/556/354 793/552/354 795/557/354
f 785/568/350 786/569/350 796/574/350
f 797/575/355 796/574/355 786/569/355
f 797/575/356 798/576/356 796/574/356
f 799/577/357 801/579/357 800/578/357
f 799/577/357 800/578/357 802/580/357
f 798/576/350 802/580/350 800/578/350
f 798/576/350 797/575/350 802/580/350
f 801/579/350 804/559/350 803/581/350
f 801/579/350 799/577/350 804/559/350
f 805/582/357 803/581/357 804/559/357
f 805/582/357 806/583/357 803/581/357
f 807/558/358 809/585/358 808/584/358
f 807/558/358 810/586/358 809/585/358
f 807/558/358 811/587/358 810/586/358
f 809/585/358 810/586/358 812/588/358
f 810/586/358 811/587/358 813/589/358
f 808/584/358 809/585/358 814/590/358
o obj19
v -99.266502 15.981947 52.837074
v -97.185127 15.981947 47.083572
v -95.222694 15.981947 49.417679
v 27.934963 12.176024 -95.460564
v 31.978769 12.176024 -98.865097
v 30.938084 12.176024 -95.980911
v 25.972528 12.176024 -97.809540
v 27.013214 12.176024 -100.678856
v 30.016335 12.176024 -101.199203
v -91.178886 15.981945 81.812721
v -92.085770 15.981945 76.594429
v -89.097519 15.981945 76.059219
v -87.135086 15.981945 78.393326
v -88.175774 15.981945 81.292381
v -93.141327 15.981945 79.448883
v -100.188248 15.981947 47.603912
v -101.228935 15.981947 50.473232
v -96.263382 15.981947 52.301865
vn -0.0000 1.0000 -0.0000
vt -1.027340 4.523440
vt 2.962890 -2.423830
vt 4.958980 1.000000
vt 2.962890 4.523440
vt -3.023440 1.000000
vt -1.027340 -2.423830
s 0
usemtl mat9
f 815/591/359 817/593/359 816/592/359
f 818/591/359 820/594/359 819/593/359
f 818/591/359 822/596/359 821/595/359
f 818/591/359 823/592/359 822/596/359
f 818/591/359 819/593/359 823/592/359
f 824/591/359 826/592/359 825/596/359
f 824/591/359 828/594/359 827/593/359
f 824/591/359 827/593/359 826/592/359
f 824/591/359 825/596/359 829/595/359
f 815/591/359 816/592/359 830/596/359
f 815/591/359 830/596/359 831/595/359
f 815/591/359 832/594/359 817/593/359
o obj2
v 72.312752 15.223742 -60.894951
v 114.178032 11.417803 0.000001
v 57.089016 11.417806 -34.253410
v 34.253410 11.417808 -64.700882
v 53.283081 9.752706 11.402937
v 87.536491 15.223742 -60.894951
v 114.267235 11.417810 -105.555214
v 121.789902 38.059349 -60.894947
v 121.789902 27.578159 -15.223736
v 93.498131 13.558639 39.441967
v 81.292381 13.558640 27.801163
v -41.850410 15.223738 -3.805933
v -74.200851 15.223735 36.141510
v -48.035057 15.223738 2.363843
v 25.154848 11.417807 -47.455246
v -22.820740 3.805941 -87.536491
v -45.656345 0.000008 -106.566162
v -13.692444 0.000007 -95.148361
v -13.692444 3.805941 -87.536491
v -38.044476 2.661187 -87.536491
v -53.268215 0.000007 -87.536491
v -26.626675 14.465524 11.402937
v -74.200851 15.223733 66.588989
v -61.430161 7.626729 89.721931
v -106.551300 15.223730 106.551300
v -27.830896 11.417801 21.423248
v -38.044476 11.417800 41.850410
v -60.880085 15.223735 43.753380
v -106.551300 15.223739 -7.611868
v -87.521622 15.223735 43.753380
v -60.880085 15.223733 58.977116
v -89.424591 15.223733 57.074150
v -46.845699 7.611862 97.021591
v -106.551300 15.223742 -60.894951
v -121.775032 22.835596 121.775032
v -46.845699 15.223730 97.021591
v -60.880085 26.641531 121.775032
v -91.327560 38.059338 121.775032
v 120.318077 28.782372 89.632729
v 120.318077 28.782373 88.220367
v 120.318077 30.685341 88.220367
v 120.318077 30.997543 88.933983
v 120.318077 30.685339 89.632729
v 121.789902 38.059338 121.775032
v 114.178032 11.417803 0.000001
v 121.789902 27.578159 -15.223736
v 121.789902 40.438046 76.103821
v 120.318077 28.782372 89.632729
v 121.789902 38.059338 121.775032
v 114.178032 30.923208 114.163162
v 104.499664 13.558637 59.452858
v 120.318077 28.782373 88.220367
v 57.089016 30.447485 -121.789902
v 11.417803 11.417810 -106.566162
v 93.498131 28.782375 39.441971
v 120.318077 28.782372 89.632729
v 120.318077 28.782373 88.220367
v 93.498131 13.558639 39.441967
v 104.499664 13.558637 59.452858
v 93.498131 28.782375 39.441971
v 46.042885 25.883327 10.897463
v 81.292381 13.558640 27.801163
v 11.417803 11.417809 -87.536491
v -45.656345 9.514846 -121.789902
v 11.417803 11.417811 -114.178032
v 11.417803 0.000008 -106.566162
v 121.789902 15.223747 -121.789902
v -12.919363 15.223731 82.184395
v 45.671211 37.360592 114.163162
v 45.671211 37.360592 121.775032
v -46.161823 15.223730 97.363533
v -121.775032 19.029682 -121.789902
v 87.536491 15.223743 -76.118690
v 72.312752 15.223743 -76.118690
v 26.641541 11.417809 -79.924622
v 53.283081 9.752706 11.402937
v -106.551300 0.000008 -106.566162
v -106.551300 0.000005 -60.894951
v -79.909760 0.000007 -96.099846
v -5.694035 0.000007 -95.148361
v -106.551300 15.223742 -60.894951
v -121.775032 19.029682 -121.789902
v -106.551300 0.000005 -60.894951
v -97.987946 0.000006 -78.973137
v -121.775032 30.447475 0.000002
v -89.424591 0.000007 -96.099846
v -97.987946 0.000007 -87.536491
v 64.700882 55.186043 121.775040
v 7.611869 49.477139 121.775032
v 45.671211 37.360592 121.775032
v 121.789902 38.059338 121.775032
v 7.611869 49.477139 121.775032
v 121.789902 38.059338 121.775032
v 114.178032 30.923208 114.163162
v 92.858856 30.923210 103.503578
v 92.858856 30.923210 106.551300
v 93.141327 30.923210 97.036461
v 95.906570 30.923210 103.503578
v -51.216579 11.551600 69.309631
v -36.542919 15.223732 76.639030
v -33.301926 15.223732 71.881615
v -35.873905 15.223732 76.980972
v -33.970940 15.223732 71.539673
v 19.029673 11.417807 -49.477146
v -22.820740 11.417805 -22.835606
v 34.253410 11.417809 -72.312752
v -106.551300 11.417804 -7.611868
v -50.071823 11.417803 -3.657264
v -52.078861 11.417803 -1.650229
v -45.656345 11.417804 -7.611868
v 95.906570 30.923210 106.551300
v 92.948051 28.782375 40.140720
v -60.880085 11.417808 -60.894951
v -45.656345 11.417807 -45.671211
v -106.551300 11.417808 -60.894951
v 15.223738 11.417803 -2.542244
v 28.068766 11.417804 -10.704189
v -89.424591 0.000005 -70.409790
v -79.909760 0.000005 -70.409790
v -60.880085 0.000005 -60.894951
v -53.268215 0.000006 -79.924622
v -71.346405 0.000006 -78.973137
v -38.044476 2.661187 -79.924622
v -22.820740 3.805940 -79.924622
v -13.692444 0.000007 -87.536491
v -71.346405 0.000007 -87.536491
v -13.692444 0.000005 -72.327621
v -13.692444 3.805940 -79.909760
v -52.078861 15.223738 -1.650228
v 11.417803 0.000007 -87.536491
v 3.805934 0.000007 -95.148361
v 45.492809 25.883327 11.596209
v 87.536491 45.671211 -18.286322
v 66.217316 45.671211 -16.755028
v 66.217316 45.671211 -19.802750
v 46.042885 25.883327 10.897463
v 30.908350 20.337959 22.820742
v 30.863750 11.417804 -6.318445
v 18.018721 11.417803 1.828633
v 76.118690 45.671215 -38.059341
v 76.118690 45.671211 1.471830
v 53.283081 45.671215 -38.059341
v 63.184460 45.671211 -19.802750
v 41.865280 45.671211 -18.286322
v 53.283081 45.671211 1.471830
v 63.184460 45.671211 -16.755028
vn -0.0633 0.9924 0.1056
vn -0.0437 0.9985 0.0328
vn -0.1071 0.9910 0.0804
vn -0.0208 0.9992 0.0347
vn -0.0000 0.9981 0.0624
vn 0.1412 0.9900 0.0001
vn -0.8512 0.5115 0.1174
vn -0.9620 0.2730 -0.0008
vn 0.0345 0.9988 -0.0361
vn -0.0530 0.9889 -0.1389
vn -0.0000 1.0000 -0.0000
vn 0.0281 0.9995 0.0148
vn 0.1172 0.9373 -0.3281
vn -0.0000 0.8944 -0.4472
vn -0.0745 0.9913 -0.1088
vn -0.1718 0.9827 -0.0687
vn 0.0275 0.9994 0.0223
vn 0.2304 0.9551 0.1865
vn 0.1738 0.9361 0.3056
vn 0.1396 0.9596 -0.2443
vn 0.0970 0.9941 0.0485
vn 0.1371 0.9611 0.2399
vn 0.0948 0.9777 -0.1873
vn 0.4472 0.8944 -0.0000
vn -0.0720 0.8895 -0.4511
vn 0.1738 0.4634 -0.8689
vn -0.3333 0.6667 -0.6667
vn -1.0000 -0.0000 -0.0000
vn -0.9990 -0.0000 0.0457
vn -0.9973 0.0676 0.0302
vn -0.9109 0.4123 -0.0178
vn -0.9999 -0.0000 -0.0142
vn -0.9993 0.0349 -0.0153
vn -0.9914 0.1297 -0.0183
vn -0.9862 0.1655 0.0086
vn -0.5500 0.8088 -0.2082
vn 0.0505 0.9983 -0.0277
vn -0.5649 0.8162 -0.1213
vn -0.0076 0.6357 0.7719
vn 0.8763 -0.0002 -0.4818
vn 0.8763 -0.0000 -0.4818
vn 0.4881 0.2484 -0.8367
vn 0.6902 -0.0000 -0.7237
vn -0.1246 0.6116 0.7813
vn -0.0000 0.5547 0.8321
vn -0.3846 0.9231 -0.0000
vn 0.2172 0.9232 0.3171
vn -0.3534 0.9355 -0.0000
vn -0.1430 0.9388 -0.3133
vn -0.0985 0.8439 0.5274
vn 0.1054 0.8433 0.5270
vn -0.0000 0.9917 -0.1282
vn 0.1410 0.9900 -0.0000
vn -0.0632 0.9743 -0.2160
vn -0.7763 0.5902 -0.2213
vn 0.4772 0.1873 -0.8586
vn 0.7809 0.6247 -0.0000
vn -0.0000 0.6247 0.7809
vn 0.9701 -0.0000 -0.2425
vn 0.5283 0.8453 -0.0792
vn 0.7803 0.6242 0.0390
vn -0.0000 -0.0000 -1.0000
vn 0.1667 0.9279 -0.3335
vn -0.2671 0.8011 -0.5357
vn 0.1354 0.4252 -0.8949
vn -0.0067 0.7329 -0.6803
vn 0.1352 0.9908 -0.0000
vn 0.0701 0.9780 -0.1963
vn 0.1374 0.9905 0.0060
vn 0.0443 0.9961 -0.0759
vn 0.1701 0.9824 0.0768
vn 0.3552 0.9348 -0.0000
vn 0.1096 0.9645 0.2403
vn -0.0995 0.9950 -0.0000
vn 0.1344 0.9909 -0.0000
vn 0.0703 0.9971 -0.0301
vn 0.0683 0.9970 -0.0377
vn -0.0749 0.9960 0.0494
vn 0.0873 0.9287 0.3604
vn -0.0007 0.8937 0.4486
vn -0.0902 0.9918 0.0902
vn -0.0414 0.9986 -0.0326
vn -0.6092 0.6315 -0.4796
vt 21.841801 7.351560
vt 26.416019 14.005860
vt 20.179689 10.263670
vt 17.683590 6.935550
vt 19.763670 15.253910
vt 23.505859 7.351560
vt 26.425779 2.470700
vt 27.248051 7.351560
vt 27.248051 12.341800
vt 24.158199 18.316410
vt 22.824221 17.044920
vt 9.367190 13.589840
vt 5.832030 17.957029
vt 8.691410 14.265620
vt 16.691410 8.820310
vt 11.445310 4.441410
vt 8.951170 2.361330
vt 12.443360 3.609380
vt 12.443360 4.441410
vt 9.783200 4.441410
vt 8.119140 4.441410
vt 11.031250 15.253910
vt 5.832030 21.283199
vt 7.228520 23.810551
vt 2.296880 25.650391
vt 10.898440 16.347660
vt 9.783200 18.580080
vt 7.287110 18.789061
vt 2.296880 13.173830
vt 4.376950 18.789061
vt 7.287110 20.451170
vt 4.167970 20.244141
vt 8.820310 24.607420
vt 2.296880 7.351560
vt 0.634770 27.312500
vt 7.287110 27.312500
vt 3.960940 27.312500
vt 0.421880 -0.169920
vt 0.576170 -0.179690
vt 0.587890 0.025390
vt 0.511720 0.060550
vt 0.433590 0.033200
vt -3.029300 1.000000
vt 10.105470 -2.652340
vt 11.859380 -0.861330
vt 1.964840 1.000000
vt -1.027340 1.000000
vt -1.027340 4.689450
vt -1.968750 3.638670
vt 25.359381 20.503910
vt 27.265619 23.968750
vt 20.179689 0.699220
vt 15.189450 2.361330
vt 27.199221 24.003910
vt 8.988280 -5.173830
vt 3.332030 -3.125000
vt 5.099610 -4.375000
vt 4.447270 -1.960940
vt -0.148440 1.986330
vt 1.964840 -1.960940
vt 15.189450 4.441410
vt 8.951170 0.699220
vt 15.189450 1.529300
vt 27.248051 0.699220
vt 12.529300 22.986330
vt 18.931641 26.480471
vt 18.931641 27.312500
vt 8.894530 24.646481
vt 0.634770 0.699220
vt 23.505859 5.689450
vt 21.841801 5.689450
vt 16.851561 5.273440
vt -0.873050 0.197270
vt 2.296880 2.361330
vt 5.208980 3.505860
vt 13.318360 3.609380
vt 0.966800 1.458980
vt -4.910160 1.816410
vt 0.966800 0.033200
vt 3.232420 5.376950
vt 0.634770 14.005860
vt 4.167970 3.505860
vt 3.232420 4.441410
vt 1.765620 1.685550
vt -3.583980 1.201170
vt 0.000000 0.033200
vt 7.097660 0.033200
vt 14.773440 27.312500
vt 27.248051 27.312500
vt 26.416019 26.480471
vt 24.087891 25.316410
vt 24.087891 25.650391
vt 24.117189 24.609381
vt 24.419920 25.316410
vt 8.343750 21.580080
vt 9.945310 22.380859
vt 10.300780 21.861330
vt 10.019530 22.417971
vt 10.226560 21.824221
vt 16.021481 8.599610
vt 11.445310 11.509770
vt 17.683590 6.105470
vt 8.468750 13.605470
vt 8.250000 13.826170
vt 8.951170 13.173830
vt 24.419920 25.650391
vt 24.097660 18.392580
vt 7.287110 7.351560
vt 8.951170 9.015620
vt 15.605470 13.728520
vt 17.007811 12.835940
vt 4.167970 6.312500
vt 5.208980 6.312500
vt 8.119140 5.273440
vt 6.144530 5.376950
vt 9.783200 5.273440
vt 11.445310 5.273440
vt 6.144530 4.441410
vt 12.443360 6.103520
vt 12.443360 5.273440
vt 14.357420 3.609380
vt 18.912109 15.273440
vt 0.000000 1.000000
vt 1.193360 -1.486330
vt 1.539060 -1.287110
vt 18.970699 15.197270
vt 17.318359 16.500000
vt 17.312500 13.314450
vt 15.910160 14.207030
vt 2.962890 1.000000
vt -1.527340 -1.560550
vt 4.458980 -1.560550
vt 1.738280 -1.632810
vt 2.962890 -4.152340
vt 0.000000 -4.152340
vt 1.392580 -1.832030
s 0
usemtl mat0
f 833/597/360 835/599/360 834/598/360
f 836/600/361 837/601/361 835/599/361
f 836/600/362 835/599/362 833/597/362
f 835/599/363 837/601/363 834/598/363
f 833/597/364 834/598/364 838/602/364
f 834/598/365 839/603/365 838/602/365
f 834/598/366 841/605/366 840/604/366
f 839/603/367 834/598/367 840/604/367
f 834/598/368 843/607/368 842/606/368
f 837/601/369 843/607/369 834/598/369
f 844/608/370 846/610/370 845/609/370
f 836/600/371 847/611/371 837/601/371
f 848/612/372 850/614/372 849/613/372
f 850/614/373 848/612/373 851/615/373
f 848/612/374 849/613/374 852/616/374
f 852/616/375 849/613/375 853/617/375
f 844/608/376 845/609/376 854/618/376
f 855/619/377 857/621/377 856/620/377
f 854/618/378 845/609/378 858/622/378
f 859/623/379 845/609/379 860/624/379
f 858/622/380 845/609/380 859/623/380
f 861/625/370 862/626/370 845/609/370
f 855/619/381 856/620/381 863/627/381
f 864/628/370 857/621/370 855/619/370
f 856/620/382 857/621/382 865/629/382
f 866/630/383 867/631/383 857/621/383
f 857/621/384 869/632/384 868/629/384
f 857/621/385 870/633/385 869/632/385
f 867/631/386 870/633/386 857/621/386
f 871/634/387 873/636/387 872/635/387
f 871/634/387 874/637/387 873/636/387
f 871/634/387 875/638/387 874/637/387
f 871/634/388 876/639/388 875/638/388
f 874/637/389 875/638/389 876/639/389
f 872/635/390 878/641/390 877/640/390
f 878/641/391 872/635/391 873/636/391
f 874/637/392 878/641/392 873/636/392
f 874/637/393 879/642/393 878/641/393
f 874/637/394 876/639/394 879/642/394
f 880/643/395 882/645/395 881/644/395
f 842/606/396 883/646/396 834/598/396
f 834/598/397 883/646/397 884/647/397
f 885/648/398 886/649/398 839/603/398
f 887/606/370 888/650/370 884/647/370
f 889/651/399 891/653/399 890/652/399
f 889/651/400 890/652/400 892/654/400
f 892/654/401 894/656/401 893/655/401
f 890/652/402 894/656/402 892/654/402
f 895/657/370 839/603/370 886/649/370
f 896/658/403 897/659/403 885/648/403
f 849/613/404 898/649/404 897/659/404
f 886/649/405 885/648/405 897/659/405
f 839/603/406 899/660/406 885/648/406
f 900/661/407 902/663/407 901/662/407
f 902/663/408 900/661/408 903/664/408
f 896/658/409 849/613/409 897/659/409
f 904/665/410 849/613/410 896/658/410
f 839/603/411 906/667/411 905/666/411
f 838/602/412 839/603/412 905/666/412
f 907/668/370 839/603/370 895/657/370
f 906/667/413 839/603/413 907/668/413
f 839/603/414 840/604/414 899/660/414
f 893/655/415 894/656/415 908/669/415
f 904/665/416 910/630/416 909/670/416
f 911/671/370 853/617/370 849/613/370
f 849/613/370 909/670/370 911/671/370
f 850/614/370 912/672/370 849/613/370
f 849/613/370 912/672/370 898/649/370
f 849/613/417 904/665/417 909/670/417
f 913/673/418 915/675/418 914/674/418
f 916/676/370 909/670/370 910/630/370
f 866/630/419 904/665/419 917/677/419
f 918/678/370 909/670/370 919/679/370
f 911/671/370 909/670/370 918/678/370
f 909/670/370 916/676/370 919/679/370
f 866/630/420 917/677/420 867/631/420
f 920/680/421 922/682/421 921/681/421
f 923/683/421 922/682/421 920/680/421
f 869/632/422 903/664/422 868/629/422
f 869/632/423 924/684/423 903/664/423
f 903/664/424 924/684/424 902/663/424
f 925/685/425 926/686/425 902/663/425
f 902/663/426 928/688/426 927/687/426
f 902/663/427 926/686/427 928/688/427
f 902/663/428 927/687/428 929/689/428
f 926/686/429 888/650/429 930/690/429
f 860/624/430 931/691/430 859/623/430
f 932/692/370 934/694/370 933/693/370
f 932/692/370 933/693/370 935/695/370
f 933/693/370 934/694/370 900/661/370
f 934/694/370 903/664/370 900/661/370
f 863/627/431 931/691/431 860/624/431
f 863/627/432 856/620/432 931/691/432
f 936/696/370 847/611/370 836/600/370
f 936/696/370 937/697/370 847/611/370
f 836/600/433 906/667/433 938/698/433
f 836/600/433 833/597/433 906/667/433
f 939/625/370 941/700/370 940/699/370
f 939/625/370 940/699/370 942/701/370
f 929/689/434 901/662/434 902/663/434
f 926/686/370 943/702/370 928/688/370
f 927/687/370 930/690/370 929/689/370
f 929/689/435 930/690/435 888/650/435
f 944/703/370 888/650/370 887/606/370
f 944/703/436 929/689/436 888/650/436
f 945/704/370 939/625/370 946/705/370
f 942/701/370 946/705/370 939/625/370
f 939/625/370 945/704/370 947/630/370
f 937/697/370 948/706/370 847/611/370
f 847/611/370 948/706/370 949/707/370
f 916/676/370 910/630/370 950/708/370
f 910/630/370 952/704/370 951/709/370
f 953/710/370 954/711/370 951/709/370
f 952/704/370 953/710/370 951/709/370
f 955/712/437 952/704/437 956/713/437
f 912/672/370 850/614/370 957/615/370
f 958/714/370 853/617/370 911/671/370
f 952/704/375 955/712/375 953/710/375
f 952/704/438 959/715/438 956/713/438
f 956/713/439 959/715/439 960/716/439
f 846/610/370 961/700/370 845/609/370
f 861/625/370 845/609/370 961/700/370
f 950/708/370 910/630/370 951/709/370
f 938/698/440 906/667/440 907/668/440
f 857/621/370 864/628/370 861/625/370
f 861/625/370 864/628/370 862/626/370
f 898/649/370 963/717/370 962/657/370
f 898/649/370 912/672/370 963/717/370
f 926/686/370 930/690/370 943/702/370
f 964/718/441 944/703/441 887/606/441
f 965/719/370 967/721/370 966/720/370
f 968/722/442 969/723/442 964/718/442
f 964/718/441 887/606/441 968/722/441
f 949/707/370 971/725/370 970/724/370
f 949/707/370 948/706/370 971/725/370
f 972/726/370 967/721/370 965/719/370
f 965/719/370 966/720/370 973/727/370
f 974/728/370 976/730/370 975/729/370
f 966/720/370 977/731/370 973/727/370
f 978/732/370 977/731/370 966/720/370
f 978/732/370 976/730/370 977/731/370
f 975/729/370 976/730/370 978/732/370
f 972/726/370 975/729/370 967/721/370
f 974/728/370 975/729/370 972/726/370
o obj20
v -99.266502 15.981947 52.837074
v -97.185127 15.981947 47.083572
v -95.222694 15.981947 49.417679
v 27.934963 12.176024 -95.460564
v 31.978769 12.176024 -98.865097
v 30.938084 12.176024 -95.980911
v 25.972528 12.176024 -97.809540
v 27.013214 12.176024 -100.678856
v 30.016335 12.176024 -101.199203
v -91.178886 15.981945 81.812721
v -92.085770 15.981945 76.594429
v -89.097519 15.981945 76.059219
v -87.135086 15.981945 78.393326
v -88.175774 15.981945 81.292381
v -93.141327 15.981945 79.448883
v -100.188248 15.981947 47.603912
v -101.228935 15.981947 50.473232
v -96.263382 15.981947 52.301865
vn -0.0000 1.0000 -0.0000
vt -1.027340 4.523440
vt 2.962890 -2.423830
vt 4.958980 1.000000
vt 2.962890 4.523440
vt -3.023440 1.000000
vt -1.027340 -2.423830
s 0
usemtl mat9
f 979/733/443 981/735/443 980/734/443
f 982/733/443 984/736/443 983/735/443
f 982/733/443 986/738/443 985/737/443
f 982/733/443 987/734/443 986/738/443
f 982/733/443 983/735/443 987/734/443
f 988/733/443 990/734/443 989/738/443
f 988/733/443 992/736/443 991/735/443
f 988/733/443 991/735/443 990/734/443
f 988/733/443 989/738/443 993/737/443
f 979/733/443 980/734/443 994/738/443
f 979/733/443 994/738/443 995/737/443
f 979/733/443 996/736/443 981/735/443
o obj21
v 31.978769 11.417810 -98.865097
v 31.978769 12.176024 -98.865097
v 30.016335 12.176024 -101.199203
v 25.972528 11.417810 -97.809540
v 25.972528 12.176024 -97.809540
v 27.934963 12.176024 -95.460564
v 27.934963 11.417810 -95.460564
v 27.934963 11.417810 -95.460564
v 27.934963 12.176024 -95.460564
v 30.938084 12.176024 -95.980911
v 30.938084 11.417810 -95.980911
v 30.938084 11.417810 -95.980911
v 31.978769 12.176024 -98.865097
v 31.978769 11.417810 -98.865097
v 30.938084 12.176024 -95.980911
v -93.141327 15.223732 79.448883
v -93.141327 15.981945 79.448883
v -91.178886 15.981945 81.812721
v 30.016335 11.417810 -101.199203
v 30.016335 11.417810 -101.199203
v 30.016335 12.176024 -101.199203
v 27.013214 12.176024 -100.678856
v 27.013214 11.417810 -100.678856
v 27.013214 11.417810 -100.678856
v 27.013214 12.176024 -100.678856
v 25.972528 12.176024 -97.809540
v 25.972528 11.417810 -97.809540
v -91.178886 15.223732 81.812721
v -89.097519 15.223732 76.059219
v -92.085770 15.981945 76.594429
v -92.085770 15.223732 76.594429
v -91.178886 15.223732 81.812721
v -88.175774 15.981945 81.292381
v -88.175774 15.223732 81.292381
v -91.178886 15.981945 81.812721
v -88.175774 15.223732 81.292381
v -88.175774 15.981945 81.292381
v -87.135086 15.981945 78.393326
v -87.135086 15.223732 78.393326
v -87.135086 15.223732 78.393326
v -87.135086 15.981945 78.393326
v -89.097519 15.981945 76.059219
v -89.097519 15.223732 76.059219
v -99.266502 15.223734 52.837074
v -96.263382 15.981947 52.301865
v -96.263382 15.223734 52.301865
v -89.097519 15.981945 76.059219
v -92.085770 15.223732 76.594429
v -92.085770 15.981945 76.594429
v -93.141327 15.981945 79.448883
v -93.141327 15.223732 79.448883
v -101.228935 15.223734 50.473232
v -101.228935 15.981947 50.473232
v -99.266502 15.981947 52.837074
v -99.266502 15.223734 52.837074
v -99.266502 15.981947 52.837074
v -100.188248 15.223734 47.603912
v -100.188248 15.981947 47.603912
v -101.228935 15.981947 50.473232
v -96.263382 15.223734 52.301865
v -95.222694 15.981947 49.417679
v -95.222694 15.223734 49.417679
v -96.263382 15.981947 52.301865
v -95.222694 15.223734 49.417679
v -95.222694 15.981947 49.417679
v -97.185127 15.981947 47.083572
v -97.185127 15.223734 47.083572
v -97.185127 15.223734 47.083572
v -100.188248 15.981947 47.603912
v -100.188248 15.223734 47.603912
v -97.185127 15.981947 47.083572
v -101.228935 15.223734 50.473232
vn 0.7654 -0.0000 -0.6435
vn -0.7674 -0.0000 0.6411
vn 0.1707 -0.0000 0.9853
vn 0.9406 -0.0000 0.3394
vn -0.7694 -0.0000 0.6388
vn -0.1707 -0.0000 -0.9853
vn -0.9401 -0.0000 -0.3410
vn -0.1763 -0.0000 -0.9843
vn 0.9412 -0.0000 0.3379
vn 0.1755 -0.0000 0.9845
vn -0.9379 -0.0000 -0.3468
vt 3.960940 0.033200
vt 3.960940 1.000000
vt 0.000000 1.000000
vt 3.460940 0.033200
vt 3.460940 1.000000
vt -0.345700 1.000000
vt -0.345700 0.033200
vt -0.208980 1.000000
vt -0.208980 0.033200
vt 0.000000 0.033200
s 0
usemtl mat10
f 997/739/444 999/741/444 998/740/444
f 1000/742/445 1002/744/445 1001/743/445
f 1000/742/445 1003/745/445 1002/744/445
f 1004/739/446 1006/746/446 1005/740/446
f 1004/739/446 1007/747/446 1006/746/446
f 1008/739/447 1010/748/447 1009/741/447
f 1008/739/447 1009/741/447 1011/740/447
f 1012/742/448 1014/744/448 1013/743/448
f 997/739/444 1015/748/444 999/741/444
f 1016/739/449 1018/741/449 1017/740/449
f 1016/739/449 1019/748/449 1018/741/449
f 1020/739/450 1022/741/450 1021/740/450
f 1020/739/450 1023/748/450 1022/741/450
f 1012/742/448 1024/745/448 1014/744/448
f 1025/739/451 1027/748/451 1026/741/451
f 1028/739/446 1030/747/446 1029/746/446
f 1028/739/446 1029/746/446 1031/740/446
f 1032/739/452 1034/741/452 1033/740/452
f 1032/739/452 1035/748/452 1034/741/452
f 1036/739/444 1038/741/444 1037/740/444
f 1036/739/444 1039/748/444 1038/741/444
f 1040/739/453 1042/747/453 1041/746/453
f 1025/739/451 1026/741/451 1043/740/451
f 1044/739/454 1046/741/454 1045/740/454
f 1044/739/454 1047/748/454 1046/741/454
f 1048/742/448 1050/744/448 1049/743/448
f 1048/742/448 1051/745/448 1050/744/448
f 1040/739/453 1041/746/453 1052/740/453
f 1053/739/450 1055/741/450 1054/740/450
f 1056/739/447 1058/748/447 1057/741/447
f 1056/739/447 1057/741/447 1059/740/447
f 1060/739/444 1062/741/444 1061/740/444
f 1060/739/444 1063/748/444 1062/741/444
f 1064/739/449 1066/748/449 1065/741/449
f 1064/739/449 1065/741/449 1067/740/449
f 1053/739/450 1068/748/450 1055/741/450
o obj22
v 31.978769 11.417810 -98.865097
v 31.978769 12.176024 -98.865097
v 30.016335 12.176024 -101.199203
v 25.972528 11.417810 -97.809540
v 25.972528 12.176024 -97.809540
v 27.934963 12.176024 -95.460564
v 27.934963 11.417810 -95.460564
v 27.934963 11.417810 -95.460564
v 27.934963 12.176024 -95.460564
v 30.938084 12.176024 -95.980911
v 30.938084 11.417810 -95.980911
v 30.938084 11.417810 -95.980911
v 31.978769 12.176024 -98.865097
v 31.978769 11.417810 -98.865097
v 30.938084 12.176024 -95.980911
v -93.141327 15.223732 79.448883
v -93.141327 15.981945 79.448883
v -91.178886 15.981945 81.812721
v 30.016335 11.417810 -101.199203
v 30.016335 11.417810 -101.199203
v 30.016335 12.176024 -101.199203
v 27.013214 12.176024 -100.678856
v 27.013214 11.417810 -100.678856
v 27.013214 11.417810 -100.678856
v 27.013214 12.176024 -100.678856
v 25.972528 12.176024 -97.809540
v 25.972528 11.417810 -97.809540
v -91.178886 15.223732 81.812721
v -89.097519 15.223732 76.059219
v -92.085770 15.981945 76.594429
v -92.085770 15.223732 76.594429
v -91.178886 15.223732 81.812721
v -88.175774 15.981945 81.292381
v -88.175774 15.223732 81.292381
v -91.178886 15.981945 81.812721
v -88.175774 15.223732 81.292381
v -88.175774 15.981945 81.292381
v -87.135086 15.981945 78.393326
v -87.135086 15.223732 78.393326
v -87.135086 15.223732 78.393326
v -87.135086 15.981945 78.393326
v -89.097519 15.981945 76.059219
v -89.097519 15.223732 76.059219
v -99.266502 15.223734 52.837074
v -96.263382 15.981947 52.301865
v -96.263382 15.223734 52.301865
v -89.097519 15.981945 76.059219
v -92.085770 15.223732 76.594429
v -92.085770 15.981945 76.594429
v -93.141327 15.981945 79.448883
v -93.141327 15.223732 79.448883
v -101.228935 15.223734 50.473232
v -101.228935 15.981947 50.473232
v -99.266502 15.981947 52.837074
v -99.266502 15.223734 52.837074
v -99.266502 15.981947 52.837074
v -100.188248 15.223734 47.603912
v -100.188248 15.981947 47.603912
v -101.228935 15.981947 50.473232
v -96.263382 15.223734 52.301865
v -95.222694 15.981947 49.417679
v -95.222694 15.223734 49.417679
v -96.263382 15.981947 52.301865
v -95.222694 15.223734 49.417679
v -95.222694 15.981947 49.417679
v -97.185127 15.981947 47.083572
v -97.185127 15.223734 47.083572
v -97.185127 15.223734 47.083572
v -100.188248 15.981947 47.603912
v -100.188248 15.223734 47.603912
v -97.185127 15.981947 47.083572
v -101.228935 15.223734 50.473232
vn 0.7654 -0.0000 -0.6435
vn -0.7674 -0.0000 0.6411
vn 0.1707 -0.0000 0.9853
vn 0.9406 -0.0000 0.3394
vn -0.7694 -0.0000 0.6388
vn -0.1707 -0.0000 -0.9853
vn -0.9401 -0.0000 -0.3410
vn -0.1763 -0.0000 -0.9843
vn 0.9412 -0.0000 0.3379
vn 0.1755 -0.0000 0.9845
vn -0.9379 -0.0000 -0.3468
vt 3.960940 0.033200
vt 3.960940 1.000000
vt 0.000000 1.000000
vt 3.460940 0.033200
vt 3.460940 1.000000
vt -0.345700 1.000000
vt -0.345700 0.033200
vt -0.208980 1.000000
vt -0.208980 0.033200
vt 0.000000 0.033200
s 0
usemtl mat10
f 1069/749/455 1071/751/455 1070/750/455
f 1072/752/456 1074/754/456 1073/753/456
f 1072/752/456 1075/755/456 1074/754/456
f 1076/749/457 1078/756/457 1077/750/457
f 1076/749/457 1079/757/457 1078/756/457
f 1080/749/458 1082/758/458 1081/751/458
f 1080/749/458 1081/751/458 1083/750/458
f 1084/752/459 1086/754/459 1085/753/459
f 1069/749/455 1087/758/455 1071/751/455
f 1088/749/460 1090/751/460 1089/750/460
f 1088/749/460 1091/758/460 1090/751/460
f 1092/749/461 1094/751/461 1093/750/461
f 1092/749/461 1095/758/461 1094/751/461
f 1084/752/459 1096/755/459 1086/754/459
f 1097/749/462 1099/758/462 1098/751/462
f 1100/749/457 1102/757/457 1101/756/457
f 1100/749/457 1101/756/457 1103/750/457
f 1104/749/463 1106/751/463 1105/750/463
f 1104/749/463 1107/758/463 1106/751/463
f 1108/749/455 1110/751/455 1109/750/455
f 1108/749/455 1111/758/455 1110/751/455
f 1112/749/464 1114/757/464 1113/756/464
f 1097/749/462 1098/751/462 1115/750/462
f 1116/749/465 1118/751/465 1117/750/465
f 1116/749/465 1119/758/465 1118/751/465
f 1120/752/459 1122/754/459 1121/753/459
f 1120/752/459 1123/755/459 1122/754/459
f 1112/749/464 1113/756/464 1124/750/464
f 1125/749/461 1127/751/461 1126/750/461
f 1128/749/458 1130/758/458 1129/751/458
f 1128/749/458 1129/751/458 1131/750/458
f 1132/749/455 1134/751/455 1133/750/455
f 1132/749/455 1135/758/455 1134/751/455
f 1136/749/460 1138/758/460 1137/751/460
f 1136/749/460 1137/751/460 1139/750/460
f 1125/749/461 1140/758/461 1127/751/461
o obj23
v 33.837135 11.923284 -64.700882
v 33.837135 11.923284 -65.979439
v 33.837135 13.201839 -65.979439
v -66.395714 15.640010 29.362192
v -65.444229 16.918566 30.224474
v -66.395714 16.918566 29.362192
v -65.429367 15.640010 30.224474
v -52.673538 12.740955 62.218109
v -51.513916 14.019511 62.827652
v -52.688404 14.019511 62.292442
v -51.499050 12.726089 62.753319
v -63.139858 15.729213 11.343470
v -62.232975 15.729213 12.250353
v -62.232975 17.007769 12.250353
v -63.139858 17.007769 11.343470
v 92.249306 13.484304 22.657206
v 93.171059 13.484304 23.549221
v 93.171059 14.762861 23.549221
v 33.837135 13.201839 -64.700882
v 92.249306 14.762861 22.657206
vn -1.0000 -0.0000 -0.0000
vn 0.6715 -0.0000 -0.7410
vn 0.6658 0.0077 -0.7461
vn 0.4140 0.0576 -0.9085
vn 0.4146 0.0570 -0.9082
vn 0.7071 -0.0000 -0.7071
vn 0.6954 -0.0000 -0.7186
vt 0.966800 0.033200
vt 0.000000 0.033200
vt 0.000000 1.000000
vt 0.966800 1.000000
vt -0.023440 0.033200
vt -0.023440 1.023440
vt 0.966800 1.023440
s 0
usemtl mat11
f 1141/759/466 1143/761/466 1142/760/466
f 1144/760/467 1146/761/467 1145/762/467
f 1144/760/468 1145/762/468 1147/759/468
f 1148/760/469 1150/761/469 1149/762/469
f 1148/760/470 1149/762/470 1151/759/470
f 1152/760/471 1154/762/471 1153/759/471
f 1152/760/471 1155/761/471 1154/762/471
f 1156/759/472 1158/764/472 1157/763/472
f 1141/759/466 1159/762/466 1143/761/466
f 1156/759/472 1160/765/472 1158/764/472
o obj24
v 33.837135 11.923284 -64.700882
v 33.837135 11.923284 -65.979439
v 33.837135 13.201839 -65.979439
v -66.395714 15.640010 29.362192
v -65.444229 16.918566 30.224474
v -66.395714 16.918566 29.362192
v -65.429367 15.640010 30.224474
v -52.673538 12.740955 62.218109
v -51.513916 14.019511 62.827652
v -52.688404 14.019511 62.292442
v -51.499050 12.726089 62.753319
v -63.139858 15.729213 11.343470
v -62.232975 15.729213 12.250353
v -62.232975 17.007769 12.250353
v -63.139858 17.007769 11.343470
v 92.249306 13.484304 22.657206
v 93.171059 13.484304 23.549221
v 93.171059 14.762861 23.549221
v 33.837135 13.201839 -64.700882
v 92.249306 14.762861 22.657206
vn -1.0000 -0.0000 -0.0000
vn 0.6715 -0.0000 -0.7410
vn 0.6658 0.0077 -0.7461
vn 0.4140 0.0576 -0.9085
vn 0.4146 0.0570 -0.9082
vn 0.7071 -0.0000 -0.7071
vn 0.6954 -0.0000 -0.7186
vt 0.966800 0.033200
vt 0.000000 0.033200
vt 0.000000 1.000000
vt 0.966800 1.000000
vt -0.023440 0.033200
vt -0.023440 1.023440
vt 0.966800 1.023440
s 0
usemtl mat11
f 1161/766/473 1163/768/473 1162/767/473
f 1164/767/474 1166/768/474 1165/769/474
f 1164/767/475 1165/769/475 1167/766/475
f 1168/767/476 1170/768/476 1169/769/476
f 1168/767/477 1169/769/477 1171/766/477
f 1172/767/478 1174/769/478 1173/766/478
f 1172/767/478 1175/768/478 1174/769/478
f 1176/766/479 1178/771/479 1177/770/479
f 1161/766/473 1179/769/473 1163/768/473
f 1176/766/479 1180/772/479 1178/771/479
o obj25
v -66.038910 17.022635 29.808199
v -66.128113 15.134534 29.912268
v -65.979439 15.134534 29.852800
v -66.083511 17.022635 29.971735
v -66.024040 17.082102 29.912268
v -65.919975 17.022635 29.927135
v -66.009178 15.134534 30.016336
v -66.083511 17.022635 29.971735
v -66.009178 15.134534 30.016336
v -66.128113 15.134534 29.912268
v -65.979439 15.134534 29.852800
v -65.919975 17.022635 29.927135
v -66.038910 17.022635 29.808199
v -65.533432 15.640010 30.328543
v -66.484917 16.918566 29.466259
v -65.533432 16.918566 30.328543
v -66.024040 17.082102 29.912268
v -66.484917 16.918566 29.466259
v -65.444229 16.918566 30.224474
v -65.533432 16.918566 30.328543
v -66.395714 16.918566 29.362192
v -65.533432 15.640010 30.328543
v -65.429367 15.640010 30.224474
v -66.395714 15.640010 29.362192
v -66.484917 15.640010 29.466259
v -66.484917 15.640010 29.466259
v -52.257263 12.220613 62.634380
v -52.227531 14.123580 62.619514
v -52.212662 14.108713 62.783051
v -65.429367 15.640010 30.224474
v -65.533432 16.918566 30.328543
v -65.444229 16.918566 30.224474
v -65.533432 15.640010 30.328543
v -66.484917 15.640010 29.466259
v -66.395714 15.640010 29.362192
v -66.395714 16.918566 29.362192
v -66.484917 16.918566 29.466259
v -52.108593 12.235479 62.530312
v -52.168060 14.168180 62.708717
v -52.747871 14.019511 62.426247
v -52.688404 14.019511 62.292442
v -51.513916 14.019511 62.827652
v -52.063995 14.123580 62.693848
v -52.093727 12.220613 62.708717
v -52.212662 14.108713 62.783051
v -52.093727 12.220613 62.708717
v -52.257263 12.220613 62.634380
v -52.108593 12.235479 62.530312
v -52.063995 14.123580 62.693848
v -52.227531 14.123580 62.619514
v -52.168060 14.168180 62.708717
v -51.499050 12.726089 62.753319
v -51.573383 14.004644 62.961452
v -51.513916 14.019511 62.827652
v -51.573383 14.004644 62.961452
v -51.558517 12.726089 62.872253
v -51.499050 12.726089 62.753319
v -52.673538 12.740955 62.218109
v -52.733006 12.740955 62.351910
v -51.558517 12.726089 62.872253
v -52.747871 14.019511 62.426247
v -51.573383 14.004644 62.961452
v -52.733006 12.740955 62.351910
v -51.558517 12.726089 62.872253
v -62.857388 17.111837 11.953013
v -62.797916 15.223737 12.012482
v -62.916855 15.223737 11.893546
v -52.733006 12.740955 62.351910
v -52.673538 12.740955 62.218109
v -52.688404 14.019511 62.292442
v -52.747871 14.019511 62.426247
v -62.916855 15.223737 11.893546
v -62.812786 17.111837 11.804344
v -62.857388 17.111837 11.953013
v -62.753319 15.223737 11.848946
v -62.797916 17.171307 11.893546
v -62.693848 17.111837 11.923280
v -62.797916 15.223737 12.012482
v -62.337044 15.729213 12.339554
v -63.243927 17.007769 11.432672
v -62.337044 17.007769 12.339554
v -62.753319 15.223737 11.848946
v -62.693848 17.111837 11.923280
v -62.812786 17.111837 11.804344
v -62.797916 17.171307 11.893546
v -63.243927 17.007769 11.432672
v -62.232975 17.007769 12.250353
v -62.337044 17.007769 12.339554
v -63.139858 17.007769 11.343470
v -62.337044 15.729213 12.339554
v -63.139858 15.729213 11.343470
v -63.243927 15.729213 11.432672
v -62.232975 15.729213 12.250353
v 33.985806 11.923284 -64.700882
v 33.837135 13.201839 -64.700882
v 33.985806 13.201839 -64.700882
v -63.243927 15.729213 11.432672
v -62.232975 15.729213 12.250353
v -62.337044 15.729213 12.339554
v -62.337044 17.007769 12.339554
v -62.232975 17.007769 12.250353
v -63.243927 15.729213 11.432672
v -63.139858 15.729213 11.343470
v -63.139858 17.007769 11.343470
v -63.243927 17.007769 11.432672
v 33.837135 11.923284 -64.700882
v 33.985806 13.201839 -64.700882
v 33.837135 13.201839 -64.700882
v 33.837135 13.201839 -65.979439
v 33.837135 11.923284 -65.979439
v 33.985806 11.923284 -65.979439
v 33.985806 13.201839 -65.979439
v 33.837135 13.201839 -65.979439
v 33.985806 11.923284 -65.979439
v 33.985806 13.201839 -64.700882
v 33.985806 13.201839 -65.979439
v 33.985806 11.923284 -64.700882
v 33.985806 11.923284 -65.979439
v 33.837135 11.923284 -64.700882
v 33.985806 11.923284 -64.700882
v 33.837135 11.923284 -65.979439
v 33.985806 13.201839 -65.979439
v 33.985806 13.365376 -65.340164
v 33.941204 13.305908 -65.429367
v 34.075008 13.305908 -65.340164
v 33.941204 13.305908 -65.265831
v 33.941204 11.417808 -65.340164
v 34.075008 11.417808 -65.429367
v 34.075008 11.417808 -65.265831
v 33.985806 13.365376 -65.340164
v 33.941204 13.305908 -65.265831
v 33.941204 13.305908 -65.429367
v 33.941204 11.417808 -65.340164
v 34.075008 13.305908 -65.340164
v 34.075008 11.417808 -65.429367
v 34.075008 11.417808 -65.265831
v 92.487183 12.978829 23.222149
v 92.576378 14.866929 23.118080
v 92.546646 14.866929 23.281616
v 92.606117 14.926397 23.222149
v 92.650719 12.978829 23.177547
v 92.710182 14.866929 23.237015
v 92.606117 12.978829 23.341084
v 93.066994 13.484304 23.653290
v 93.171059 13.484304 23.549221
v 92.249306 13.484304 22.657206
v 92.546646 14.866929 23.281616
v 92.606117 12.978829 23.341084
v 92.487183 12.978829 23.222149
v 92.650719 12.978829 23.177547
v 92.710182 14.866929 23.237015
v 92.576378 14.866929 23.118080
v 92.606117 14.926397 23.222149
v 92.145241 14.762861 22.761274
v 92.249306 14.762861 22.657206
v 93.171059 14.762861 23.549221
v 93.066994 14.762861 23.653290
v 92.145241 13.484304 22.761274
v 93.066994 13.484304 23.653290
v 92.145241 14.762861 22.761274
v 93.066994 14.762861 23.653290
v 92.145241 13.484304 22.761274
v 93.171059 13.484304 23.549221
v 93.066994 13.484304 23.653290
v 93.066994 14.762861 23.653290
v 93.171059 14.762861 23.549221
v 92.145241 13.484304 22.761274
v 92.249306 13.484304 22.657206
v 92.249306 14.762861 22.657206
v 92.145241 14.762861 22.761274
vn -0.3712 -0.0336 -0.9280
vn -0.7898 0.5744 -0.2154
vn -0.9643 0.0311 -0.2630
vn 0.9832 -0.0380 0.1788
vn 0.2630 0.0331 0.9642
vn 0.2154 0.5744 0.7898
vn -0.6585 -0.0081 0.7526
vn 0.7071 0.0056 -0.7071
vn -0.6715 -0.0000 0.7410
vn 0.4851 0.7276 -0.4851
vn -0.0000 1.0000 -0.0000
vn -0.0000 -1.0000 -0.0000
vn -0.9956 0.0163 0.0920
vn 0.7592 0.0088 0.6508
vn 0.7071 -0.0000 0.7071
vn -0.7593 -0.0000 -0.6508
vn -0.5736 0.0026 -0.8191
vn -0.7104 0.6922 0.1275
vn 0.9963 -0.0162 -0.0844
vn 0.3621 0.6098 0.7050
vn 0.5146 -0.0013 0.8574
vn -0.4130 -0.0618 0.9086
vn 0.4128 0.0689 -0.9082
vn 0.2561 0.7854 -0.5635
vn 0.9143 -0.0128 0.4049
vn -0.0314 0.9948 0.0966
vn -0.0103 -0.9999 -0.0052
vn -0.0106 -0.9999 -0.0047
vn -0.4144 -0.0681 0.9075
vn -0.4050 -0.0578 0.9125
vn 0.8942 -0.0208 0.4471
vn -0.7071 -0.0000 0.7071
vn -0.9137 0.0130 -0.4061
vn -0.9571 0.0392 -0.2871
vn -0.2630 -0.0311 -0.9643
vn -0.7956 0.5569 -0.2387
vn 0.9640 -0.0407 0.2629
vn 0.1393 0.6271 0.7664
vn 0.1788 0.0366 0.9832
vn 0.5298 0.6623 -0.5298
vn -0.0000 -0.0000 1.0000
vn 0.6508 -0.0000 0.7593
vn -0.6508 -0.0000 -0.7593
vn -0.0000 -0.0000 -1.0000
vn 1.0000 -0.0000 -0.0000
vn 0.4264 0.6396 -0.6396
vn 0.3925 0.5888 0.7066
vn -0.5543 -0.0393 -0.8314
vn 0.5543 0.0393 -0.8314
vn 0.4854 0.0344 0.8736
vn -0.8000 0.6000 -0.0000
vn -0.4854 -0.0344 0.8736
vn -1.0000 -0.0000 -0.0000
vn -0.9832 0.0366 -0.1788
vn -0.7664 0.6271 -0.1393
vn -0.2629 -0.0407 -0.9640
vn 0.9640 -0.0386 0.2629
vn 0.2629 0.0386 0.9640
vn 0.6644 0.0026 -0.7474
vn 0.4755 0.6984 -0.5349
vn -0.6954 -0.0000 0.7186
vn -0.7071 -0.0000 -0.7071
vt 0.966800 1.000000
vt 0.638670 0.023440
vt 0.859380 0.025390
vt 0.525390 1.000000
vt 0.734380 1.042970
vt 0.746090 1.017580
vt 0.417970 0.025390
vt 0.189450 1.009770
vt 0.000000 0.017580
vt 0.410160 0.017580
vt 0.189450 0.023440
vt 0.410160 1.000000
vt 0.000000 1.000000
vt 1.839840 1.000000
vt 0.000000 0.173830
vt 0.189450 1.041020
vt 0.966800 0.017580
vt 0.591800 0.859380
vt 0.966800 0.859380
vt 0.591800 0.017580
vt 1.839840 0.173830
vt 0.343750 0.017580
vt 0.000000 0.953120
vt 0.343750 0.953120
s 0
usemtl mat2
f 1181/773/480 1183/775/480 1182/774/480
f 1184/776/481 1185/777/481 1181/773/481
f 1182/774/482 1184/776/482 1181/773/482
f 1186/778/483 1187/779/483 1183/775/483
f 1187/779/484 1186/778/484 1184/776/484
f 1185/777/485 1184/776/485 1186/778/485
f 1188/780/486 1190/782/486 1189/781/486
f 1191/783/487 1193/785/487 1192/784/487
f 1194/786/488 1196/785/488 1195/787/488
f 1197/788/489 1192/784/489 1193/785/489
f 1198/789/490 1200/791/490 1199/790/490
f 1198/789/490 1199/790/490 1201/792/490
f 1202/791/491 1204/792/491 1203/790/491
f 1202/791/491 1205/789/491 1204/792/491
f 1194/786/488 1195/787/488 1206/793/488
f 1207/774/492 1209/776/492 1208/773/492
f 1210/794/493 1212/796/493 1211/795/493
f 1210/794/494 1211/795/494 1213/781/494
f 1214/781/495 1216/796/495 1215/794/495
f 1214/781/495 1217/795/495 1216/796/495
f 1208/773/496 1218/775/496 1207/774/496
f 1209/776/497 1219/777/497 1208/773/497
f 1220/789/490 1222/790/490 1221/792/490
f 1223/778/498 1224/779/498 1218/775/498
f 1219/777/499 1209/776/499 1223/778/499
f 1224/779/500 1223/778/500 1209/776/500
f 1225/780/501 1227/782/501 1226/781/501
f 1228/783/502 1230/785/502 1229/784/502
f 1231/788/503 1229/784/503 1230/785/503
f 1232/794/504 1234/796/504 1233/795/504
f 1220/789/505 1235/791/505 1222/790/505
f 1236/791/506 1238/792/506 1237/790/506
f 1236/791/507 1239/789/507 1238/792/507
f 1240/786/508 1242/785/508 1241/787/508
f 1240/786/509 1241/787/509 1243/793/509
f 1232/794/510 1233/795/510 1244/781/510
f 1245/780/511 1247/782/511 1246/781/511
f 1248/781/512 1250/796/512 1249/794/512
f 1248/781/512 1251/795/512 1250/796/512
f 1252/774/513 1254/776/513 1253/773/513
f 1253/773/514 1255/775/514 1252/774/514
f 1254/776/515 1256/777/515 1253/773/515
f 1257/778/516 1258/779/516 1255/775/516
f 1256/777/517 1254/776/517 1257/778/517
f 1258/779/518 1257/778/518 1254/776/518
f 1259/786/511 1261/785/511 1260/787/511
f 1262/783/487 1264/785/487 1263/784/487
f 1265/788/519 1263/784/519 1264/785/519
f 1266/789/490 1268/791/490 1267/790/490
f 1266/789/490 1267/790/490 1269/792/490
f 1270/791/491 1272/789/491 1271/792/491
f 1270/791/491 1271/792/491 1273/790/491
f 1274/781/520 1276/795/520 1275/796/520
f 1259/786/511 1260/787/511 1277/793/511
f 1278/794/521 1280/795/521 1279/781/521
f 1278/794/521 1281/796/521 1280/795/521
f 1282/781/522 1284/796/522 1283/794/522
f 1282/781/522 1285/795/522 1284/796/522
f 1274/781/520 1275/796/520 1286/794/520
f 1287/789/490 1289/790/490 1288/792/490
f 1290/794/523 1292/795/523 1291/781/523
f 1290/794/523 1293/796/523 1292/795/523
f 1294/786/524 1296/785/524 1295/787/524
f 1294/786/524 1295/787/524 1297/793/524
f 1298/791/491 1300/789/491 1299/792/491
f 1298/791/491 1299/792/491 1301/790/491
f 1287/789/490 1302/791/490 1289/790/490
f 1303/777/525 1305/776/525 1304/778/525
f 1305/776/526 1303/777/526 1306/773/526
f 1304/778/527 1308/779/527 1307/775/527
f 1308/779/528 1304/778/528 1305/776/528
f 1309/774/529 1305/776/529 1306/773/529
f 1310/788/530 1312/784/530 1311/785/530
f 1306/773/531 1307/775/531 1309/774/531
f 1313/783/532 1311/785/532 1312/784/532
f 1314/780/524 1316/782/524 1315/781/524
f 1317/774/533 1319/776/533 1318/773/533
f 1319/776/534 1320/777/534 1318/773/534
f 1318/773/535 1321/775/535 1317/774/535
f 1322/778/536 1323/779/536 1321/775/536
f 1320/777/485 1319/776/485 1322/778/485
f 1323/779/537 1322/778/537 1319/776/537
f 1324/791/491 1326/792/491 1325/790/491
f 1327/780/511 1329/782/511 1328/781/511
f 1330/783/538 1332/785/538 1331/784/538
f 1333/788/539 1331/784/539 1332/785/539
f 1334/789/490 1336/790/490 1335/792/490
f 1334/789/490 1337/791/490 1336/790/490
f 1324/791/491 1338/789/491 1326/792/491
f 1339/786/540 1341/785/540 1340/787/540
f 1339/786/540 1340/787/540 1342/793/540
f 1343/794/494 1345/795/494 1344/781/494
f 1343/794/494 1346/796/494 1345/795/494
f 1347/781/541 1349/796/541 1348/794/541
f 1347/781/541 1350/795/541 1349/796/541
o obj26
v -66.038910 17.022635 29.808199
v -66.128113 15.134534 29.912268
v -65.979439 15.134534 29.852800
v -66.083511 17.022635 29.971735
v -66.024040 17.082102 29.912268
v -65.919975 17.022635 29.927135
v -66.009178 15.134534 30.016336
v -66.083511 17.022635 29.971735
v -66.009178 15.134534 30.016336
v -66.128113 15.134534 29.912268
v -65.979439 15.134534 29.852800
v -65.919975 17.022635 29.927135
v -66.038910 17.022635 29.808199
v -65.533432 15.640010 30.328543
v -66.484917 16.918566 29.466259
v -65.533432 16.918566 30.328543
v -66.024040 17.082102 29.912268
v -66.484917 16.918566 29.466259
v -65.444229 16.918566 30.224474
v -65.533432 16.918566 30.328543
v -66.395714 16.918566 29.362192
v -65.533432 15.640010 30.328543
v -65.429367 15.640010 30.224474
v -66.395714 15.640010 29.362192
v -66.484917 15.640010 29.466259
v -66.484917 15.640010 29.466259
v -52.257263 12.220613 62.634380
v -52.227531 14.123580 62.619514
v -52.212662 14.108713 62.783051
v -65.429367 15.640010 30.224474
v -65.533432 16.918566 30.328543
v -65.444229 16.918566 30.224474
v -65.533432 15.640010 30.328543
v -66.484917 15.640010 29.466259
v -66.395714 15.640010 29.362192
v -66.395714 16.918566 29.362192
v -66.484917 16.918566 29.466259
v -52.108593 12.235479 62.530312
v -52.168060 14.168180 62.708717
v -52.747871 14.019511 62.426247
v -52.688404 14.019511 62.292442
v -51.513916 14.019511 62.827652
v -52.063995 14.123580 62.693848
v -52.093727 12.220613 62.708717
v -52.212662 14.108713 62.783051
v -52.093727 12.220613 62.708717
v -52.257263 12.220613 62.634380
v -52.108593 12.235479 62.530312
v -52.063995 14.123580 62.693848
v -52.227531 14.123580 62.619514
v -52.168060 14.168180 62.708717
v -51.499050 12.726089 62.753319
v -51.573383 14.004644 62.961452
v -51.513916 14.019511 62.827652
v -51.573383 14.004644 62.961452
v -51.558517 12.726089 62.872253
v -51.499050 12.726089 62.753319
v -52.673538 12.740955 62.218109
v -52.733006 12.740955 62.351910
v -51.558517 12.726089 62.872253
v -52.747871 14.019511 62.426247
v -51.573383 14.004644 62.961452
v -52.733006 12.740955 62.351910
v -51.558517 12.726089 62.872253
v -62.857388 17.111837 11.953013
v -62.797916 15.223737 12.012482
v -62.916855 15.223737 11.893546
v -52.733006 12.740955 62.351910
v -52.673538 12.740955 62.218109
v -52.688404 14.019511 62.292442
v -52.747871 14.019511 62.426247
v -62.916855 15.223737 11.893546
v -62.812786 17.111837 11.804344
v -62.857388 17.111837 11.953013
v -62.753319 15.223737 11.848946
v -62.797916 17.171307 11.893546
v -62.693848 17.111837 11.923280
v -62.797916 15.223737 12.012482
v -62.337044 15.729213 12.339554
v -63.243927 17.007769 11.432672
v -62.337044 17.007769 12.339554
v -62.753319 15.223737 11.848946
v -62.693848 17.111837 11.923280
v -62.812786 17.111837 11.804344
v -62.797916 17.171307 11.893546
v -63.243927 17.007769 11.432672
v -62.232975 17.007769 12.250353
v -62.337044 17.007769 12.339554
v -63.139858 17.007769 11.343470
v -62.337044 15.729213 12.339554
v -63.139858 15.729213 11.343470
v -63.243927 15.729213 11.432672
v -62.232975 15.729213 12.250353
v 33.985806 11.923284 -64.700882
v 33.837135 13.201839 -64.700882
v 33.985806 13.201839 -64.700882
v -63.243927 15.729213 11.432672
v -62.232975 15.729213 12.250353
v -62.337044 15.729213 12.339554
v -62.337044 17.007769 12.339554
v -62.232975 17.007769 12.250353
v -63.243927 15.729213 11.432672
v -63.139858 15.729213 11.343470
v -63.139858 17.007769 11.343470
v -63.243927 17.007769 11.432672
v 33.837135 11.923284 -64.700882
v 33.985806 13.201839 -64.700882
v 33.837135 13.201839 -64.700882
v 33.837135 13.201839 -65.979439
v 33.837135 11.923284 -65.979439
v 33.985806 11.923284 -65.979439
v 33.985806 13.201839 -65.979439
v 33.837135 13.201839 -65.979439
v 33.985806 11.923284 -65.979439
v 33.985806 13.201839 -64.700882
v 33.985806 13.201839 -65.979439
v 33.985806 11.923284 -64.700882
v 33.985806 11.923284 -65.979439
v 33.837135 11.923284 -64.700882
v 33.985806 11.923284 -64.700882
v 33.837135 11.923284 -65.979439
v 33.985806 13.201839 -65.979439
v 33.985806 13.365376 -65.340164
v 33.941204 13.305908 -65.429367
v 34.075008 13.305908 -65.340164
v 33.941204 13.305908 -65.265831
v 33.941204 11.417808 -65.340164
v 34.075008 11.417808 -65.429367
v 34.075008 11.417808 -65.265831
v 33.985806 13.365376 -65.340164
v 33.941204 13.305908 -65.265831
v 33.941204 13.305908 -65.429367
v 33.941204 11.417808 -65.340164
v 34.075008 13.305908 -65.340164
v 34.075008 11.417808 -65.429367
v 34.075008 11.417808 -65.265831
v 92.487183 12.978829 23.222149
v 92.576378 14.866929 23.118080
v 92.546646 14.866929 23.281616
v 92.606117 14.926397 23.222149
v 92.650719 12.978829 23.177547
v 92.710182 14.866929 23.237015
v 92.606117 12.978829 23.341084
v 93.066994 13.484304 23.653290
v 93.171059 13.484304 23.549221
v 92.249306 13.484304 22.657206
v 92.546646 14.866929 23.281616
v 92.606117 12.978829 23.341084
v 92.487183 12.978829 23.222149
v 92.650719 12.978829 23.177547
v 92.710182 14.866929 23.237015
v 92.576378 14.866929 23.118080
v 92.606117 14.926397 23.222149
v 92.145241 14.762861 22.761274
v 92.249306 14.762861 22.657206
v 93.171059 14.762861 23.549221
v 93.066994 14.762861 23.653290
v 92.145241 13.484304 22.761274
v 93.066994 13.484304 23.653290
v 92.145241 14.762861 22.761274
v 93.066994 14.762861 23.653290
v 92.145241 13.484304 22.761274
v 93.171059 13.484304 23.549221
v 93.066994 13.484304 23.653290
v 93.066994 14.762861 23.653290
v 93.171059 14.762861 23.549221
v 92.145241 13.484304 22.761274
v 92.249306 13.484304 22.657206
v 92.249306 14.762861 22.657206
v 92.145241 14.762861 22.761274
vn -0.3712 -0.0336 -0.9280
vn -0.7898 0.5744 -0.2154
vn -0.9643 0.0311 -0.2630
vn 0.9832 -0.0380 0.1788
vn 0.2630 0.0331 0.9642
vn 0.2154 0.5744 0.7898
vn -0.6585 -0.0081 0.7526
vn 0.7071 0.0056 -0.7071
vn -0.6715 -0.0000 0.7410
vn 0.4851 0.7276 -0.4851
vn -0.0000 1.0000 -0.0000
vn -0.0000 -1.0000 -0.0000
vn -0.9956 0.0163 0.0920
vn 0.7592 0.0088 0.6508
vn 0.7071 -0.0000 0.7071
vn -0.7593 -0.0000 -0.6508
vn -0.5736 0.0026 -0.8191
vn -0.7104 0.6922 0.1275
vn 0.9963 -0.0162 -0.0844
vn 0.3621 0.6098 0.7050
vn 0.5146 -0.0013 0.8574
vn -0.4130 -0.0618 0.9086
vn 0.4128 0.0689 -0.9082
vn 0.2561 0.7854 -0.5635
vn 0.9143 -0.0128 0.4049
vn -0.0314 0.9948 0.0966
vn -0.0103 -0.9999 -0.0052
vn -0.0106 -0.9999 -0.0047
vn -0.4144 -0.0681 0.9075
vn -0.4050 -0.0578 0.9125
vn 0.8942 -0.0208 0.4471
vn -0.7071 -0.0000 0.7071
vn -0.9137 0.0130 -0.4061
vn -0.9571 0.0392 -0.2871
vn -0.2630 -0.0311 -0.9643
vn -0.7956 0.5569 -0.2387
vn 0.9640 -0.0407 0.2629
vn 0.1393 0.6271 0.7664
vn 0.1788 0.0366 0.9832
vn 0.5298 0.6623 -0.5298
vn -0.0000 -0.0000 1.0000
vn 0.6508 -0.0000 0.7593
vn -0.6508 -0.0000 -0.7593
vn -0.0000 -0.0000 -1.0000
vn 1.0000 -0.0000 -0.0000
vn 0.4264 0.6396 -0.6396
vn 0.3925 0.5888 0.7066
vn -0.5543 -0.0393 -0.8314
vn 0.5543 0.0393 -0.8314
vn 0.4854 0.0344 0.8736
vn -0.8000 0.6000 -0.0000
vn -0.4854 -0.0344 0.8736
vn -1.0000 -0.0000 -0.0000
vn -0.9832 0.0366 -0.1788
vn -0.7664 0.6271 -0.1393
vn -0.2629 -0.0407 -0.9640
vn 0.9640 -0.0386 0.2629
vn 0.2629 0.0386 0.9640
vn 0.6644 0.0026 -0.7474
vn 0.4755 0.6984 -0.5349
vn -0.6954 -0.0000 0.7186
vn -0.7071 -0.0000 -0.7071
vt 0.966800 1.000000
vt 0.638670 0.023440
vt 0.859380 0.025390
vt 0.525390 1.000000
vt 0.734380 1.042970
vt 0.746090 1.017580
vt 0.417970 0.025390
vt 0.189450 1.009770
vt 0.000000 0.017580
vt 0.410160 0.017580
vt 0.189450 0.023440
vt 0.410160 1.000000
vt 0.000000 1.000000
vt 1.839840 1.000000
vt 0.000000 0.173830
vt 0.189450 1.041020
vt 0.966800 0.017580
vt 0.591800 0.859380
vt 0.966800 0.859380
vt 0.591800 0.017580
vt 1.839840 0.173830
vt 0.343750 0.017580
vt 0.000000 0.953120
vt 0.343750 0.953120
s 0
usemtl mat2
f 1351/797/542 1353/799/542 1352/798/542
f 1354/800/543 1355/801/543 1351/797/543
f 1352/798/544 1354/800/544 1351/797/544
f 1356/802/545 1357/803/545 1353/799/545
f 1357/803/546 1356/802/546 1354/800/546
f 1355/801/547 1354/800/547 1356/802/547
f 1358/804/548 1360/806/548 1359/805/548
f 1361/807/549 1363/809/549 1362/808/549
f 1364/810/550 1366/809/550 1365/811/550
f 1367/812/551 1362/808/551 1363/809/551
f 1368/813/552 1370/815/552 1369/814/552
f 1368/813/552 1369/814/552 1371/816/552
f 1372/815/553 1374/816/553 1373/814/553
f 1372/815/553 1375/813/553 1374/816/553
f 1364/810/550 1365/811/550 1376/817/550
f 1377/798/554 1379/800/554 1378/797/554
f 1380/818/555 1382/820/555 1381/819/555
f 1380/818/556 1381/819/556 1383/805/556
f 1384/805/557 1386/820/557 1385/818/557
f 1384/805/557 1387/819/557 1386/820/557
f 1378/797/558 1388/799/558 1377/798/558
f 1379/800/559 1389/801/559 1378/797/559
f 1390/813/552 1392/814/552 1391/816/552
f 1393/802/560 1394/803/560 1388/799/560
f 1389/801/561 1379/800/561 1393/802/561
f 1394/803/562 1393/802/562 1379/800/562
f 1395/804/563 1397/806/563 1396/805/563
f 1398/807/564 1400/809/564 1399/808/564
f 1401/812/565 1399/808/565 1400/809/565
f 1402/818/566 1404/820/566 1403/819/566
f 1390/813/567 1405/815/567 1392/814/567
f 1406/815/568 1408/816/568 1407/814/568
f 1406/815/569 1409/813/569 1408/816/569
f 1410/810/570 1412/809/570 1411/811/570
f 1410/810/571 1411/811/571 1413/817/571
f 1402/818/572 1403/819/572 1414/805/572
f 1415/804/573 1417/806/573 1416/805/573
f 1418/805/574 1420/820/574 1419/818/574
f 1418/805/574 1421/819/574 1420/820/574
f 1422/798/575 1424/800/575 1423/797/575
f 1423/797/576 1425/799/576 1422/798/576
f 1424/800/577 1426/801/577 1423/797/577
f 1427/802/578 1428/803/578 1425/799/578
f 1426/801/579 1424/800/579 1427/802/579
f 1428/803/580 1427/802/580 1424/800/580
f 1429/810/573 1431/809/573 1430/811/573
f 1432/807/549 1434/809/549 1433/808/549
f 1435/812/581 1433/808/581 1434/809/581
f 1436/813/552 1438/815/552 1437/814/552
f 1436/813/552 1437/814/552 1439/816/552
f 1440/815/553 1442/813/553 1441/816/553
f 1440/815/553 1441/816/553 1443/814/553
f 1444/805/582 1446/819/582 1445/820/582
f 1429/810/573 1430/811/573 1447/817/573
f 1448/818/583 1450/819/583 1449/805/583
f 1448/818/583 1451/820/583 1450/819/583
f 1452/805/584 1454/820/584 1453/818/584
f 1452/805/584 1455/819/584 1454/820/584
f 1444/805/582 1445/820/582 1456/818/582
f 1457/813/552 1459/814/552 1458/816/552
f 1460/818/585 1462/819/585 1461/805/585
f 1460/818/585 1463/820/585 1462/819/585
f 1464/810/586 1466/809/586 1465/811/586
f 1464/810/586 1465/811/586 1467/817/586
f 1468/815/553 1470/813/553 1469/816/553
f 1468/815/553 1469/816/553 1471/814/553
f 1457/813/552 1472/815/552 1459/814/552
f 1473/801/587 1475/800/587 1474/802/587
f 1475/800/588 1473/801/588 1476/797/588
f 1474/802/589 1478/803/589 1477/799/589
f 1478/803/590 1474/802/590 1475/800/590
f 1479/798/591 1475/800/591 1476/797/591
f 1480/812/592 1482/808/592 1481/809/592
f 1476/797/593 1477/799/593 1479/798/593
f 1483/807/594 1481/809/594 1482/808/594
f 1484/804/586 1486/806/586 1485/805/586
f 1487/798/595 1489/800/595 1488/797/595
f 1489/800/596 1490/801/596 1488/797/596
f 1488/797/597 1491/799/597 1487/798/597
f 1492/802/598 1493/803/598 1491/799/598
f 1490/801/547 1489/800/547 1492/802/547
f 1493/803/599 1492/802/599 1489/800/599
f 1494/815/553 1496/816/553 1495/814/553
f 1497/804/573 1499/806/573 1498/805/573
f 1500/807/600 1502/809/600 1501/808/600
f 1503/812/601 1501/808/601 1502/809/601
f 1504/813/552 1506/814/552 1505/816/552
f 1504/813/552 1507/815/552 1506/814/552
f 1494/815/553 1508/813/553 1496/816/553
f 1509/810/602 1511/809/602 1510/811/602
f 1509/810/602 1510/811/602 1512/817/602
f 1513/818/556 1515/819/556 1514/805/556
f 1513/818/556 1516/820/556 1515/819/556
f 1517/805/603 1519/820/603 1518/818/603
f 1517/805/603 1520/819/603 1519/820/603
o obj27
v -57.832363 11.417806 -42.623493
v -63.927803 11.417806 -42.623493
v -63.927803 11.417807 -48.718933
v 66.678185 14.316859 -57.178219
v 58.427040 13.246440 -54.977913
v 61.430161 13.989787 -60.225941
v 63.689934 13.558645 -51.930191
v 47.053837 11.417809 -85.901131
v 39.501438 11.417809 -90.034134
v 45.344139 11.417809 -91.743835
v 41.211132 11.417809 -84.191429
v -59.482594 0.000005 -72.580360
v -61.742367 0.000005 -66.916061
v -67.406670 0.000005 -69.175835
v -65.146896 0.000006 -74.840134
v -85.648392 15.223732 73.472374
v -86.555275 15.223733 64.909019
v -81.827591 15.223733 68.744690
v -57.832363 11.417807 -48.718933
v -73.056099 11.417805 -27.399754
v -79.151543 11.417806 -33.495197
v -73.056099 11.417806 -33.495197
v -79.151543 11.417805 -27.399754
v 85.172653 13.246443 -88.785316
v 76.713364 12.413895 -90.108475
v 81.678925 11.953019 -93.602203
v 80.207092 13.707317 -85.291588
v -90.390945 15.223732 69.651573
v -57.832363 11.417805 -19.787886
v -63.927803 11.417805 -19.787886
v -63.927803 11.417805 -25.883327
v -87.075615 12.205743 97.571671
v -92.160110 12.800420 100.886993
v -95.192963 14.554718 95.891708
v -90.108475 13.960042 92.591248
v -99.266502 15.223732 76.222755
v -105.034866 15.223732 74.230591
v -103.042702 15.223733 68.477089
v -97.274330 15.223732 70.469254
v 93.081856 32.900513 116.512138
v 87.060753 33.465454 117.181152
v 86.287666 32.335567 111.249245
v 92.323647 31.770624 110.580238
v -88.710976 15.223737 9.440502
v -94.806419 15.223737 9.440502
v -94.806419 15.223738 3.345061
v -57.832363 11.417805 -25.883327
v -95.891708 11.417807 -50.235359
v -101.987152 11.417807 -50.235359
v -101.987152 11.417807 -56.330803
v -95.891708 11.417807 -56.330803
v -50.220493 11.417806 -35.011623
v -56.315937 11.417806 -41.107067
v -50.220493 11.417806 -41.107067
v -56.315937 11.417806 -35.011623
v -88.710976 15.223738 3.345061
v 104.663200 29.704123 85.455124
v 97.512199 30.001461 80.667969
v 103.473839 29.555454 79.493484
v 98.701561 30.150131 86.629608
v 63.942673 45.671211 -21.319176
v 57.847229 45.671211 -21.319176
v 57.847229 45.671215 -27.399750
v 63.942673 45.671215 -27.399750
v -22.255796 0.579816 -71.732941
v -26.715876 2.423316 -75.434807
v -18.137657 1.858372 -76.029488
v -22.597736 3.716739 -79.746223
vn -0.0000 1.0000 -0.0000
vn -0.1075 0.9911 0.0788
vn -0.1065 0.9909 0.0825
vn -0.0620 0.9743 -0.2166
vn 0.2361 0.9527 0.1912
vn 0.2360 0.9526 0.1919
vn 0.0701 0.9782 -0.1955
vn 0.0699 0.9783 -0.1953
vn 0.0671 0.9970 -0.0382
vn 0.0861 0.9293 0.3591
vn 0.0862 0.9286 0.3609
vt 0.966800 0.033200
vt 0.966800 1.000000
vt 0.000000 1.000000
vt 0.000000 0.033200
s 0
usemtl mat12
f 1521/821/604 1523/823/604 1522/822/604
f 1524/821/605 1526/824/605 1525/823/605
f 1524/821/606 1525/823/606 1527/822/606
f 1528/821/604 1530/824/604 1529/823/604
f 1528/821/604 1529/823/604 1531/822/604
f 1532/821/604 1534/823/604 1533/822/604
f 1532/821/604 1535/824/604 1534/823/604
f 1536/822/604 1538/821/604 1537/824/604
f 1521/821/604 1539/824/604 1523/823/604
f 1540/821/604 1542/824/604 1541/823/604
f 1540/821/604 1541/823/604 1543/822/604
f 1544/821/607 1546/824/607 1545/823/607
f 1544/821/607 1545/823/607 1547/822/607
f 1536/822/604 1537/824/604 1548/823/604
f 1549/822/604 1551/824/604 1550/823/604
f 1552/821/608 1554/823/608 1553/822/608
f 1552/821/609 1555/824/609 1554/823/609
f 1556/822/604 1558/824/604 1557/823/604
f 1556/822/604 1559/821/604 1558/824/604
f 1560/822/610 1562/824/610 1561/823/610
f 1560/822/611 1563/821/611 1562/824/611
f 1564/822/604 1566/824/604 1565/823/604
f 1549/822/604 1567/821/604 1551/824/604
f 1568/822/604 1570/824/604 1569/823/604
f 1568/822/604 1571/821/604 1570/824/604
f 1572/822/604 1574/821/604 1573/824/604
f 1572/822/604 1573/824/604 1575/823/604
f 1564/822/604 1576/821/604 1566/824/604
f 1577/822/612 1579/821/612 1578/824/612
f 1577/822/612 1578/824/612 1580/823/612
f 1581/822/604 1583/824/604 1582/823/604
f 1581/822/604 1584/821/604 1583/824/604
f 1585/824/613 1587/823/613 1586/821/613
f 1586/821/614 1587/823/614 1588/822/614
o obj28
v -14.762863 25.125113 34.342613
v -33.628998 25.125109 71.718079
v -33.628998 15.981945 71.718079
v -14.762863 15.981948 34.342613
v -46.503761 25.125107 97.185127
v -46.503761 15.981943 97.185127
v -36.215843 15.981945 76.817436
v -36.215843 25.125109 76.817436
vn -0.8927 -0.0000 -0.4506
vn -0.8926 -0.0000 -0.4509
vt 22.125000 1.000000
vt 0.167970 1.000000
vt 0.167970 0.072270
vt 22.125000 0.072270
vt -11.007810 1.000000
vt -11.007810 0.072270
vt 0.966800 0.072270
vt 0.966800 1.000000
s 0
usemtl mat13
f 1589/825/615 1591/827/615 1590/826/615
f 1589/825/615 1592/828/615 1591/827/615
f 1593/829/616 1595/831/616 1594/830/616
f 1596/832/616 1595/831/616 1593/829/616
o obj29
v -45.656345 11.417805 -22.835606
v -45.656345 15.223742 -45.671211
v -45.656345 11.417807 -45.671211
v 11.417803 12.934237 -86.926949
v 26.031998 11.417809 -79.315079
v 11.417803 11.417809 -86.926949
v 26.031998 12.934236 -79.315079
v 26.031998 12.934236 -79.315079
v 33.643867 11.417809 -72.312752
v 26.031998 11.417809 -79.315079
v 33.643867 12.934236 -72.312752
v 33.643867 12.934236 -72.312752
v 33.643867 12.934235 -66.603851
v 33.628998 11.417808 -66.603851
v 33.643867 11.417809 -72.312752
v 45.760414 25.883327 11.239402
v 45.760414 27.786295 11.239402
v 93.230530 30.685343 39.798779
v -45.656345 15.223740 -22.835604
v -60.880085 15.223742 -60.894951
v -106.551300 15.223742 -60.894951
v -106.551300 11.417808 -60.894951
v -60.880085 11.417808 -60.894951
v -60.880085 11.417808 -60.894951
v -45.656345 11.417807 -45.671211
v -45.656345 15.223742 -45.671211
v -60.880085 15.223742 -60.894951
v 93.215660 28.782375 39.798779
v 93.230530 30.685343 39.798779
v 120.318077 30.685339 88.933983
v 93.215660 28.782375 39.798779
v 120.318077 28.782372 88.933983
v -22.612602 13.246438 -30.239336
v 19.148607 11.417807 -56.791679
v 19.148607 13.246440 -56.791679
v -22.612602 11.417805 -30.239338
v 11.417803 11.417810 -106.566162
v 11.417803 12.934237 -106.566162
v 11.417803 12.934237 -86.926949
v 11.417803 11.417809 -86.926949
vn 1.0000 -0.0000 -0.0000
vn -0.4619 -0.0000 0.8869
vn -0.6770 -0.0000 0.7360
vn -1.0000 0.0098 -0.0000
vn -1.0000 -0.0000 -0.0026
vn -0.5155 -0.0000 0.8569
vn -0.0000 -0.0000 -1.0000
vn 0.7071 -0.0000 -0.7071
vn -0.5158 0.0040 0.8567
vn -0.8757 0.0068 0.4828
vn -0.8756 -0.0000 0.4830
vn -0.5365 -0.0000 -0.8439
vn -1.0000 -0.0000 -0.0000
vt 5.957030 0.033200
vt 0.000000 1.000000
vt 0.000000 0.033200
vt 0.966800 1.000000
vt -10.189450 0.033200
vt 0.966800 0.033200
vt -10.189450 1.000000
vt 0.789060 1.000000
vt -6.267580 0.033200
vt 0.789060 0.033200
vt -6.267580 1.000000
vt 3.710940 1.000000
vt 3.710940 0.033200
vt -22.984381 1.000000
vt 5.957030 1.000000
vt -11.007810 1.000000
vt -11.009770 0.033200
vt 0.964840 0.033200
vt 0.310550 0.027340
vt 0.310550 1.023440
vt -22.984381 0.033200
vt 11.632810 1.000000
vt -18.128910 1.000000
vt 11.611330 0.033200
vt -18.152340 0.033200
vt -8.013670 1.000000
vt 19.023439 0.033200
vt 19.023439 1.000000
vt -8.013670 0.033200
vt -11.906250 1.000000
vt -11.906250 0.033200
s 0
usemtl mat14
f 1597/833/617 1599/835/617 1598/834/617
f 1600/836/618 1602/838/618 1601/837/618
f 1600/836/618 1601/837/618 1603/839/618
f 1604/840/619 1606/842/619 1605/841/619
f 1604/840/619 1605/841/619 1607/843/619
f 1608/844/620 1610/835/620 1609/834/620
f 1611/845/621 1610/835/621 1608/844/621
f 1612/838/622 1614/846/622 1613/836/622
f 1597/833/617 1598/834/617 1615/847/617
f 1616/836/623 1618/849/623 1617/848/623
f 1616/836/623 1619/850/623 1618/849/623
f 1620/851/624 1622/847/624 1621/833/624
f 1620/851/624 1623/852/624 1622/847/624
f 1624/853/625 1614/846/625 1612/838/625
f 1625/854/626 1627/856/626 1626/855/626
f 1626/855/627 1627/856/627 1628/857/627
f 1629/858/628 1631/860/628 1630/859/628
f 1629/858/628 1630/859/628 1632/861/628
f 1633/838/629 1635/862/629 1634/836/629
f 1633/838/629 1636/863/629 1635/862/629
o obj3
v 11.417803 11.417809 -87.536491
v 26.641541 11.417809 -72.312752
v 11.417803 11.417809 -79.924622
v 26.641541 11.417809 -79.924622
v 26.641541 11.417809 -79.924622
v 34.253410 11.417809 -72.312752
v 26.641541 11.417809 -72.312752
v -26.626675 11.417805 -26.641541
v -22.820740 11.417805 -30.447475
v -22.820740 11.417805 -22.835606
v -13.692444 3.805940 -79.909760
v -22.820740 3.805940 -79.924622
v -22.820740 3.805941 -87.536491
v -13.692444 3.805941 -87.536491
v -38.044476 2.661187 -79.924622
v -38.044476 2.661187 -87.536491
v -53.268215 0.000006 -79.924622
v -71.346405 0.000006 -78.973137
v -71.346405 0.000007 -87.536491
v -53.268215 0.000007 -87.536491
v -53.268215 0.000006 -79.924622
v -53.268215 0.000007 -87.536491
v 26.641541 11.417808 -64.700882
v 26.641541 11.417809 -72.312752
v 34.253410 11.417809 -72.312752
v 34.253410 11.417808 -64.700882
v -22.820740 11.417805 -30.447475
v 19.029673 11.417808 -57.089016
v -22.820740 11.417805 -22.835606
v 19.029673 11.417807 -49.477146
v 19.029673 11.417808 -57.089016
v 26.641541 11.417808 -64.700882
v 34.253410 11.417808 -64.700882
v 19.029673 11.417807 -49.477146
v -45.656345 11.417804 -7.611868
v -41.850410 11.417803 -3.805933
v -46.042885 11.417803 0.356807
v -50.071823 11.417803 -3.657264
vn -0.0000 1.0000 -0.0000
vn -0.0750 0.9972 -0.0000
vn -0.1722 0.9851 -0.0000
vt 0.966800 -0.449220
vt -0.025390 2.525390
vt -0.025390 0.044920
vt 0.966800 2.029300
vt 0.966800 -0.962890
vt 0.966800 1.000000
vt 0.000000 0.033200
vt 0.996090 -0.222660
vt 0.996090 0.783200
vt -0.011720 -0.222660
vt 0.000000 2.226560
vt 0.000000 1.000000
vt 0.966800 2.226560
vt 0.000000 -0.968750
vt 0.966800 -0.968750
vt 0.058590 1.000000
vt -0.052730 -1.121090
vt 0.966800 -1.121090
vt 0.000000 -2.984380
vt 0.966800 -2.984380
vt 0.966800 0.033200
vt 1.005860 -0.285160
vt 1.005860 8.708980
vt 0.000000 -0.976560
vt 0.000000 8.017580
vt 0.976560 0.003910
vt 0.976560 2.019530
vt 0.000000 3.027340
vt 0.000000 -1.003910
vt -0.089840 1.033200
s 0
usemtl mat1
f 1637/864/630 1639/866/630 1638/865/630
f 1637/864/630 1638/865/630 1640/867/630
f 1641/868/630 1643/870/630 1642/869/630
f 1644/871/630 1646/873/630 1645/872/630
f 1647/874/630 1649/869/630 1648/875/630
f 1650/876/630 1649/869/630 1647/874/630
f 1648/875/631 1649/869/631 1651/877/631
f 1651/877/631 1649/869/631 1652/878/631
f 1653/879/630 1655/881/630 1654/880/630
f 1653/879/630 1656/869/630 1655/881/630
f 1651/877/632 1658/883/632 1657/882/632
f 1651/877/632 1652/878/632 1658/883/632
f 1659/884/630 1661/875/630 1660/869/630
f 1659/884/630 1662/870/630 1661/875/630
f 1663/885/630 1665/887/630 1664/886/630
f 1664/886/630 1665/887/630 1666/888/630
f 1667/889/630 1669/891/630 1668/890/630
f 1667/889/630 1670/892/630 1669/891/630
f 1671/870/630 1673/869/630 1672/884/630
f 1671/870/630 1674/893/630 1673/869/630
o obj30
v -41.850410 15.223738 -3.805933
v -48.035057 14.272254 2.363843
v -46.042885 11.417803 0.356807
v -41.850410 11.417803 -3.805933
v -48.035057 15.223738 2.363843
v -48.035057 11.417803 2.363843
v -48.035057 14.272254 2.363843
v -48.035057 15.223738 2.363843
v -52.078861 15.223738 -1.650228
v -52.078861 14.272254 -1.650228
v -106.551300 11.417808 -60.894951
v -106.551300 0.000005 -60.894951
v -60.880085 0.000005 -60.894951
v -60.880085 11.417808 -60.894951
v 11.417803 11.417811 -114.178032
v 11.417803 11.417810 -106.566162
v 11.417803 0.000008 -106.566162
v 11.417803 11.417809 -87.536491
v 11.417803 10.659596 -87.536491
v 11.417803 0.000007 -87.536491
v 56.137531 38.059349 -33.108654
v 41.865280 45.671211 -18.286322
v 47.574181 38.059345 -18.286322
v 64.700882 30.447477 -18.286324
v 53.283081 45.671211 1.471830
v 56.137531 38.059345 -3.449125
v 53.283081 45.671215 -38.059341
v 76.118690 45.671211 1.471830
v 73.264236 38.059345 -3.449125
v 73.264236 38.059349 -33.108654
v 81.827591 38.059345 -18.286322
v 87.536491 45.671211 -18.286322
v 76.118690 45.671215 -38.059341
v -106.551300 11.417808 -60.894951
v -106.551300 11.417804 -7.611868
v -106.551300 15.223739 -7.611868
v -106.551300 15.223742 -60.894951
v -52.078861 15.223738 -1.650228
v -106.551300 15.223739 -7.611868
v -52.078861 14.272254 -1.650228
v -106.551300 11.417804 -7.611868
v -52.078861 11.417803 -1.650229
v 42.385620 23.980358 28.529644
v 45.671211 43.783108 30.432611
v 45.671211 43.024895 32.335579
v 45.671211 43.024895 36.141514
v 41.657143 23.980356 39.441967
v 45.671211 34.922417 30.432610
v 49.477146 37.063259 23.831694
v 49.477146 43.768246 23.831696
v 78.631203 37.063255 49.462284
v 82.407402 39.204094 42.861366
v 49.477146 37.063259 23.831694
v 45.671211 43.783108 38.044479
v 45.671211 52.346458 106.551308
v 45.671211 54.502163 106.551308
v 45.671211 54.502163 114.163170
v 45.671211 52.346458 114.163170
v 78.631203 37.063255 49.462284
v 78.631203 45.923946 49.462284
v 82.407402 45.923946 42.861366
v 82.407402 39.204094 42.861366
v 45.671211 34.922417 30.432610
v 2.482778 40.274513 55.855064
v 0.802814 41.062462 55.007648
v 0.802814 15.223734 55.007645
v 45.671211 52.346458 106.551308
v 45.671211 52.346458 114.163170
v 78.631203 45.909077 87.521622
v 85.232117 45.923943 91.327560
v 85.232117 45.923943 91.327560
v 85.217247 48.064781 91.327560
v 78.631203 48.064781 87.521622
v 78.631203 45.909077 87.521622
v 6.229244 40.229912 57.743164
v 7.924075 40.958393 58.605446
v 2.512511 15.223734 51.603119
v 7.983542 40.452915 54.368370
v 9.693239 41.211128 55.230656
v 2.512511 41.255730 51.603123
v 4.251942 40.482651 52.480270
v 38.059345 42.549152 38.847294
v 38.059345 42.578888 35.190029
v 38.059345 23.980356 40.690792
v 38.059345 43.292500 40.675926
v 38.059345 23.965492 33.361393
v 38.059345 43.366837 33.361397
v 5.946773 37.851204 44.808933
v 3.389660 41.657139 37.643074
v 5.946773 41.657139 44.808933
v 0.802814 15.223734 55.007645
v 9.693239 41.211128 55.230656
v 7.924075 40.958393 58.605446
v 38.059345 43.366837 33.361397
v 35.502232 43.366837 26.195538
v 38.059345 39.560902 33.361397
v 5.946773 37.851204 44.808933
v 35.502232 43.366837 26.195538
v 3.389660 41.657139 37.643074
v 38.059345 39.560902 33.361397
v 5.946773 15.223734 44.808929
v 38.059345 23.965492 33.361393
v 38.059345 43.366837 33.361397
v 5.946773 41.657139 44.808933
v 2.512511 15.223734 51.603119
v 2.512511 41.255730 51.603123
v 19.297277 56.643002 83.715698
v 19.966290 57.014675 84.102242
v 25.229183 57.014675 87.135094
v 45.671211 54.502163 98.939438
v 45.671211 63.838596 98.939438
v 25.229183 60.820610 87.135094
v 23.920893 62.351902 86.376877
v 19.297277 63.823730 83.715698
v 72.045151 48.064781 83.715691
v 38.059345 23.980356 40.690792
v 45.671211 43.783108 38.044479
v 38.059345 43.292500 40.675926
v 19.297277 63.823734 53.268219
v 21.274578 62.351902 84.860451
v 19.966290 60.820610 84.102242
v 19.297277 58.783844 53.268219
v 72.045151 45.923946 53.268219
v 72.045151 63.065517 53.268219
v 45.671211 60.909813 38.044479
v 41.657143 23.980356 39.441967
v 12.651758 56.761936 87.625702
v 7.537534 45.225197 84.696907
v 4.891221 45.225197 83.180481
v 12.904496 58.783844 49.090611
v 12.904496 41.642269 49.090611
v -2.690915 39.516296 78.824471
v -2.690915 56.761936 78.824478
v 45.671211 37.360592 106.551300
v 8.860691 43.693905 85.455124
v 45.671211 54.502163 106.551308
v -2.690915 39.516296 78.824471
v 8.860691 39.887970 85.455124
v 45.671211 37.360592 106.551300
v 78.631203 45.909077 87.521622
v 78.631203 30.923212 87.521622
v 45.671211 52.346458 106.551308
v 78.631203 48.064781 87.521622
v 78.631203 45.923946 49.462284
v 78.631203 28.782375 49.462284
v 82.407402 45.923946 42.861366
v 49.477146 43.768246 23.831696
v 49.477146 37.063259 23.831694
v 45.671211 52.346458 114.163170
v 45.671211 54.502163 114.163170
v 85.232117 45.923943 91.327560
v 85.217247 48.064781 91.327560
v 78.631203 37.063255 49.462284
v 45.671211 34.922417 30.432610
v 42.385620 23.980358 28.529644
v 78.631203 28.782375 49.462284
v 45.671211 43.783108 30.432611
v 82.407402 39.204094 42.861366
v -12.919363 15.223731 82.184395
v 0.802814 41.062462 55.007648
v -12.919363 39.501431 82.184395
v 72.045151 63.065514 83.715698
v 72.045151 45.923946 53.268219
v 72.045151 63.065517 53.268219
v 45.671211 60.909813 45.656349
v 45.671211 63.823734 45.656349
v 65.444229 63.838600 57.074154
v 65.444229 63.823734 57.074154
v 45.671211 37.360592 114.163162
v 3.568063 43.693905 82.422264
v 3.568063 39.887970 82.422264
v -2.690915 56.761936 78.824478
v -106.551300 15.223730 106.551300
v -46.845699 7.611862 97.021591
v -46.845699 15.223730 97.021591
v 30.908350 20.337959 22.820742
v -15.104802 15.223735 34.179073
v -15.104802 -0.000003 34.179073
v -36.542919 15.223732 76.639030
v -39.144630 -0.000006 81.723518
v -36.542919 -0.000006 76.639030
v -46.845699 7.611862 97.021591
v -46.845699 15.223730 97.021591
v -51.216579 0.014862 69.309631
v -53.773689 0.014861 74.408989
v -61.430161 7.626729 89.721931
v -51.216579 11.551600 69.309631
v -26.626675 -0.000001 11.402936
v -41.850410 15.223738 -3.805933
v -41.850410 0.000000 -3.805934
v -38.044476 -0.000003 41.850410
v -38.044476 11.417800 41.850410
v -27.830896 -0.000002 21.423248
v -27.830896 11.417801 21.423248
v -15.104802 -0.000003 34.179073
v -22.820740 15.223734 49.462280
v -22.820740 -0.000004 49.462280
v -15.104802 15.223735 34.179073
v -26.626675 -0.000001 11.402936
v -27.830896 -0.000002 21.423248
v -27.830896 11.417801 21.423248
v -26.626675 14.465524 11.402937
v 21.319180 0.000005 -72.312752
v -13.692444 0.000006 -79.939491
v 11.417803 0.000006 -79.924622
v -26.626675 14.465524 11.402937
v -41.850410 15.223738 -3.805933
v 11.417803 10.659595 -79.924622
v 11.417803 11.417809 -79.924622
v 26.641541 11.417809 -72.312752
v 11.417803 0.000006 -79.924622
v 26.641541 0.000005 -72.312752
v 21.319180 0.000005 -64.700882
v 26.641541 0.000005 -72.312752
v 11.417803 0.000007 -87.536491
v -13.692444 0.000007 -87.536491
v -5.694035 0.000007 -95.148361
v -45.656345 0.000003 -45.671211
v -60.880085 0.000005 -60.894951
v -13.692444 0.000005 -72.327621
v 3.805934 0.000007 -95.148361
v -45.656345 11.417804 -7.611868
v -45.656345 11.417807 -45.671211
v -45.656345 0.000003 -45.671211
v -26.626675 0.000002 -26.641541
v -45.656345 0.000001 -7.611869
v -22.820740 0.000002 -30.447475
v 19.029673 0.000004 -57.089016
v -13.692444 3.805941 -87.536491
v -13.692444 0.000007 -95.148361
v -13.692444 0.000007 -87.536491
v -13.692444 0.000005 -72.327621
v -13.692444 3.805940 -79.909760
v -13.692444 0.000006 -79.939491
v -45.656345 0.000001 -7.611869
v 26.641541 0.000005 -64.700882
v -60.880085 0.000005 -60.894951
v -45.656345 11.417807 -45.671211
v -60.880085 11.417808 -60.894951
v -45.656345 0.000003 -45.671211
v -26.626675 11.417805 -26.641541
v -26.626675 0.000002 -26.641541
v -22.820740 0.000002 -30.447475
v 19.029673 0.000004 -57.089016
v 19.029673 11.417808 -57.089016
v -22.820740 11.417805 -30.447475
v 26.641541 11.417808 -64.700882
v 26.641541 0.000005 -64.700882
v 26.641541 0.000005 -72.312752
v 26.641541 11.417809 -72.312752
v 26.641541 0.000005 -64.700882
v 26.641541 11.417808 -64.700882
v -22.820740 0.000002 -22.835606
v -11.402936 -0.000001 11.402936
v -41.850410 0.000000 -3.805934
v -26.626675 -0.000001 11.402936
v -15.104802 -0.000003 34.179073
v -27.830896 -0.000002 21.423248
v -22.820740 -0.000004 49.462280
v -38.044476 -0.000003 41.850410
v -61.430161 7.626729 89.721931
v -53.773689 0.014861 74.408989
v -39.144630 -0.000006 81.723518
v -39.828510 -0.000006 75.003670
v -48.332394 -0.000005 70.751724
v -46.845699 7.611862 97.021591
v -51.216579 0.014862 69.309631
v -36.542919 -0.000006 76.639030
v -31.161089 13.707305 70.826057
v -33.301926 15.223732 71.881615
v -14.004649 13.707308 36.855122
v -14.420923 15.223735 34.521015
v -12.919363 15.223731 82.184395
v -23.073477 10.659584 70.647659
v -17.988987 10.659584 73.219635
v -27.756561 12.176011 70.424652
v -12.309819 12.176014 39.843376
v -4.251942 10.659586 46.042885
v -9.351300 10.659587 43.470909
v 0.416274 12.176013 46.280758
v 3.820801 13.707307 45.864483
v 5.946773 15.223734 44.808929
v -15.015600 12.176011 76.862038
v -13.335637 13.707305 79.835419
v 0.802814 15.223734 55.007645
v 2.512511 15.223734 51.603119
v 11.417803 10.659595 -79.924622
v 11.417803 0.000006 -79.924622
v -45.656345 0.000001 -7.611869
v -41.850410 0.000000 -3.805934
v -41.850410 11.417803 -3.805933
v -45.656345 11.417804 -7.611868
v -13.692444 3.047728 -87.536491
v -13.692444 3.047727 -79.924622
v -26.225267 -0.000004 47.767452
v -26.626675 11.417805 -26.641541
v -22.820740 0.000002 -22.835606
v -26.626675 0.000002 -26.641541
v -22.820740 11.417805 -22.835606
v -34.729153 -0.000003 43.500641
vn -0.7066 0.0044 -0.7076
vn -0.7046 -0.0000 -0.7096
vn -0.7063 -0.0000 -0.7080
vn -0.7097 -0.0000 -0.7045
vn 0.7045 -0.0000 -0.7097
vn -0.0000 -0.0000 -1.0000
vn -1.0000 -0.0000 -0.0000
vn -0.7262 -0.5446 -0.4195
vn -0.3954 -0.8896 -0.2284
vn -0.7262 -0.5446 0.4196
vn -0.7269 -0.5438 0.4195
vn -0.3954 -0.8897 0.2282
vn -0.7261 -0.5450 -0.4193
vn -0.0000 -0.5429 0.8398
vn -0.0000 -0.8897 0.4565
vn -0.0000 -0.8896 -0.4568
vn 0.3954 -0.8897 0.2282
vn 0.3954 -0.8896 -0.2284
vn 0.7266 -0.5439 0.4199
vn 0.7263 -0.5447 0.4192
vn 0.7263 -0.5447 -0.4194
vn 0.7260 -0.5450 -0.4194
vn -0.0000 -0.5452 -0.8383
vn 1.0000 -0.0000 -0.0000
vn 0.1088 -0.0000 -0.9941
vn -0.9855 0.1575 0.0627
vn -0.9854 0.1700 -0.0000
vn -0.9786 0.1949 -0.0653
vn -0.8663 -0.0000 -0.4995
vn 0.1823 -0.9611 -0.2074
vn -0.9782 0.1929 -0.0768
vn 0.8680 -0.0000 0.4966
vn 0.1819 -0.9613 -0.2069
vn 0.4504 -0.0000 -0.8928
vn -0.1917 -0.9815 -0.0000
vn -0.0790 -0.9869 0.1408
vn 0.5003 0.0035 -0.8658
vn 0.4995 -0.0000 -0.8663
vn 0.4500 -0.0000 -0.8930
vn 0.4538 -0.0010 -0.8911
vn -0.4502 -0.0002 0.8929
vn -0.4503 -0.0000 0.8929
vn -0.4515 0.0001 0.8923
vn -0.9418 -0.0000 0.3361
vn -0.8549 0.2961 -0.4260
vn 0.9418 -0.0000 -0.3361
vn -0.1079 -0.8934 -0.4360
vn -0.3358 -0.0000 -0.9419
vn -0.8537 0.2957 -0.4287
vn -0.8925 -0.0000 -0.4511
vn -0.4993 -0.0023 0.8664
vn -0.4996 0.0047 0.8662
vn -0.5001 -0.0000 0.8660
vn -0.5002 0.0014 0.8659
vn -0.4999 -0.0045 0.8661
vn 0.4999 -0.0000 0.8661
vn -0.5003 -0.0000 0.8659
vn -0.3267 -0.0007 -0.9451
vn -0.5012 -0.0003 0.8653
vn -0.4972 0.0069 0.8676
vn 0.4999 -0.0000 -0.8661
vn -0.3279 -0.0002 -0.9447
vn -0.4972 0.0001 0.8676
vn -0.3267 -0.0000 -0.9451
vn -0.3192 -0.0036 -0.9477
vn -0.3172 -0.0000 -0.9483
vn -0.8861 -0.0000 -0.4634
vn -0.8856 -0.0000 -0.4645
vn -0.8857 -0.0004 -0.4643
vn -0.8854 -0.0008 -0.4649
vn -0.4973 -0.0000 0.8676
vn -0.4976 -0.0077 0.8674
vn -0.4972 -0.0000 0.8676
vn 0.5000 -0.0000 0.8660
vn 0.5003 -0.0000 -0.8658
vn 0.5005 0.0035 0.8657
vn 0.5000 0.0005 -0.8660
vn 0.5001 -0.0000 -0.8660
vn 0.5012 -0.0000 -0.8653
vn -0.8927 -0.0000 -0.4507
vn -0.2773 -0.0000 -0.9608
vn -0.4791 -0.0000 0.8778
vn -0.4993 0.0020 0.8664
vn -0.4971 0.0001 0.8677
vn -0.4984 -0.0000 0.8670
vn -0.4999 0.0032 0.8661
vn -0.4970 -0.0261 0.8673
vn -0.4976 -0.0000 0.8674
vn -0.1576 -0.0000 -0.9875
vn -0.2397 -0.0000 -0.9709
vn -0.8902 -0.0000 -0.4555
vn -0.8928 0.0021 -0.4505
vn 0.8939 -0.0026 0.4483
vn 0.8943 -0.0000 0.4475
vn 0.7068 -0.0000 -0.7075
vn 0.8944 -0.0000 0.4472
vn 0.9929 -0.0000 0.1193
vn -0.0000 1.0000 -0.0000
vn -0.4472 -0.0000 0.8944
vn 0.7071 -0.0000 -0.7071
vn -0.7071 -0.0000 -0.7071
vn -0.5370 -0.0000 -0.8436
vn 0.1824 0.9138 -0.3630
vn 0.0011 1.0000 -0.0001
vn 0.0012 1.0000 -0.0023
vn 0.1825 0.9138 -0.3628
vn 0.0041 1.0000 0.0021
vn 0.6483 0.6874 0.3274
vn 0.6505 0.6846 0.3288
vn 0.2807 0.7828 -0.5553
vn 0.2818 0.7812 -0.5571
vn 0.4216 0.8815 0.2129
vn 0.4213 0.8816 0.2128
vn -0.2812 0.7810 0.5576
vn -0.2937 0.7728 0.5626
vn -0.2819 0.7804 0.5581
vn -0.2824 0.7798 0.5588
vn -0.2813 0.7818 0.5565
vn -0.2816 0.7809 0.5576
vn 0.2840 0.7783 -0.5600
vn 0.2983 0.9425 0.1507
vn 0.2981 0.9426 0.1505
vn 0.2799 0.7826 -0.5560
vn -0.2970 0.9430 -0.1501
vn 0.2878 0.7778 -0.5587
vn -0.2985 0.9425 -0.1506
vn 0.2653 0.7879 -0.5557
vn -0.4238 0.8802 -0.2138
vn -0.4223 0.8810 -0.2133
vn -0.6494 0.6862 -0.3279
vn -0.6499 0.6855 -0.3282
vn -0.6553 0.6800 -0.3291
vn -0.6512 0.6838 -0.3292
vn -0.7071 -0.0000 0.7071
vt 0.966800 1.000000
vt -1.326170 0.781250
vt -0.582030 0.033200
vt 0.966800 0.033200
vt -1.326170 1.000000
vt -1.324220 0.033200
vt 0.966800 0.781250
vt -0.529300 1.000000
vt -0.529300 0.781250
vt -3.023440 1.000000
vt -3.023440 0.033200
vt 1.632810 1.000000
vt -0.695310 1.000000
vt -0.695310 0.964840
vt -0.695310 0.033200
vt 0.031250 0.558590
vt 0.966800 1.529300
vt 0.591800 1.529300
vt -0.527340 1.531250
vt 0.218750 2.826170
vt 0.031250 2.501950
vt 0.218750 0.234380
vt -1.277340 2.826170
vt -1.089840 2.501950
vt -1.089840 0.558590
vt -1.650390 1.531250
vt -2.025390 1.531250
vt -1.277340 0.234380
vt -13.003910 0.033200
vt -13.003910 1.000000
vt 15.937500 1.000000
vt 0.000000 1.000000
vt 15.937500 0.781250
vt 0.000000 0.033200
vt 15.937500 0.033200
vt 0.384770 -1.078120
vt 0.175780 1.113280
vt -0.445310 1.000000
vt -0.806640 -1.091800
vt 0.175780 0.160160
vt 0.898440 0.460940
vt 0.896480 1.183590
vt 4.966800 0.033200
vt 4.978520 1.070310
vt -0.015620 1.070310
vt -0.652340 1.113280
vt 0.966800 0.468750
vt 0.066410 1.000000
vt 0.066410 0.750000
vt 0.966800 0.283200
vt -1.027340 1.000000
vt 0.000000 0.656250
vt 0.230470 2.320310
vt 0.000000 2.423830
vt 0.000000 -0.962890
vt 0.623050 7.054690
vt -0.265620 6.939450
vt 0.966800 2.029300
vt 0.132810 2.029300
vt 0.966800 0.314450
vt 0.000000 0.316410
vt 0.753910 2.314450
vt 1.013670 2.410160
vt 1.054690 -2.363280
vt 0.232420 0.935550
vt 1.021480 1.048830
vt 0.759770 0.945310
vt 0.707030 1.671880
vt 0.386720 1.675780
vt 0.865230 0.033200
vt 0.865230 1.736330
vt 0.226560 1.744140
vt 0.000000 0.408200
vt 1.216800 1.000000
vt 8.111330 4.167970
vt 7.935550 2.464840
vt 8.212890 2.480470
vt 0.716800 1.000000
vt 0.716800 0.408200
vt 7.406250 2.685550
vt 5.117190 2.322270
vt 7.140620 2.435550
vt 5.048830 2.572270
vt 7.406250 4.167970
vt 5.048830 3.593750
vt 5.048830 2.322270
vt 7.406250 2.435550
vt 7.878910 4.167970
vt 7.878910 2.460940
vt 10.460940 1.453120
vt 10.525390 1.427730
vt 11.085940 1.427730
vt 13.468750 1.593750
vt 13.468750 1.000000
vt 11.085940 1.179690
vt 10.937500 1.078120
vt 10.460940 1.000000
vt 16.449221 2.015620
vt 5.197270 3.593750
vt 4.433590 2.296880
vt 5.197270 2.328120
vt 7.441410 1.000000
vt 10.656250 1.078120
vt 10.525390 1.179690
vt 7.441410 1.312500
vt 1.453120 2.156250
vt 1.453120 1.000000
vt 4.433590 1.171880
vt 4.826170 3.593750
vt -1.710940 -0.642580
vt -2.130860 0.261720
vt -2.365230 0.271480
vt 7.412110 1.312500
vt 7.412110 2.435550
vt 9.556640 2.576170
vt 9.556640 1.445310
vt 1.277340 0.738280
vt -2.009770 0.375000
vt 1.226560 -0.582030
vt -3.023440 0.738280
vt -1.998050 0.667970
vt 13.462890 2.716800
vt 16.447269 2.156250
vt 16.447269 3.138670
vt 13.462890 1.734380
vt 16.447269 2.015620
vt 19.419920 2.154300
vt 19.419920 3.279300
vt 1.701170 2.154300
vt 4.199220 2.296880
vt 4.199220 2.736330
vt 13.458980 1.734380
vt 13.458980 1.593750
vt 16.445311 2.156250
vt 16.445311 2.015620
vt 1.455080 2.736330
vt 4.439450 2.876950
vt 4.675780 3.593750
vt 1.455080 3.279300
vt 4.439450 2.296880
vt 1.701170 2.595700
vt 9.611330 4.167970
vt 8.111330 2.474610
vt 9.611330 2.576170
vt 16.449221 1.000000
vt 19.417971 2.156250
vt 19.417971 1.000000
vt 4.425780 1.171880
vt 4.425780 1.000000
vt 1.449220 1.000000
vt 13.458980 2.716800
vt -2.478520 0.392580
vt -2.466800 0.687500
vt -3.074220 -0.589840
vt -4.316410 1.000000
vt 0.966800 0.365230
vt 3.076170 1.367190
vt 0.388670 -0.296880
vt 0.966800 -0.296880
vt -1.027340 0.365230
vt 0.386720 0.033200
vt 2.384770 0.697270
vt 0.386720 1.041020
vt 1.369140 0.033200
vt -1.025390 1.335940
vt -1.027340 0.033200
vt 0.966800 -0.962890
vt -1.263670 -0.962890
vt -1.263670 0.033200
vt -0.154300 1.000000
vt -0.154300 0.033200
vt 0.300780 0.033200
vt 0.300780 1.296880
vt 1.365230 0.781250
vt -0.927730 0.281250
vt 0.716800 0.283200
vt 1.369140 1.296880
vt -1.029300 1.390620
vt 1.132810 0.964840
vt 1.132810 1.000000
vt -0.353520 1.000000
vt 1.132810 0.033200
vt -0.353520 0.033200
vt 1.365230 1.281250
vt 1.714840 0.781250
vt 0.716800 -0.214840
vt -0.927730 -0.214840
vt -0.404300 -0.712890
vt -3.023440 2.529300
vt -4.021480 1.531250
vt -0.927730 0.781250
vt 0.218750 -0.712890
vt 2.962890 0.699220
vt -1.027340 0.699220
vt -1.775390 3.775390
vt -3.023440 5.023440
vt -1.527340 3.527340
vt 1.216800 1.779300
vt 0.000000 1.025390
vt -2.023440 0.025390
vt -0.029300 0.029300
vt 3.960940 0.039060
vt 1.966800 1.000000
vt 1.964840 0.033200
vt 2.962890 0.033200
vt 1.714840 1.281250
vt 0.082030 0.033200
vt 1.964840 0.699220
vt 0.082030 0.699220
vt -4.755860 1.000000
vt -4.755860 0.033200
vt -4.291020 0.033200
vt 0.039060 0.033200
vt 0.039060 1.000000
vt -4.291020 1.000000
vt 0.634770 0.033200
vt 0.634770 1.000000
vt -1.527340 4.025390
vt -0.777340 6.271480
vt -2.773440 5.273440
vt -1.775390 6.271480
vt -1.019530 7.763670
vt -1.855470 6.927730
vt -1.527340 8.765620
vt -2.525390 8.267580
vt -4.085940 11.390620
vt -3.595700 10.447270
vt -2.623050 10.935550
vt -2.640620 10.439450
vt -3.199220 10.162110
vt -3.101560 11.884770
vt -3.388670 10.066410
vt -2.425780 10.546880
vt -0.777340 -0.371090
vt -0.861330 -0.462890
vt 0.882810 -0.371090
vt 0.966800 -0.464840
vt -0.861330 1.000000
vt -0.611330 0.095700
vt -0.611330 0.470700
vt -0.695310 -0.183590
vt 0.800780 -0.183590
vt 0.716800 0.470700
vt 0.716800 0.095700
vt 0.800780 0.750000
vt 0.882810 0.937500
vt -0.695310 0.750000
vt -0.777340 0.937500
vt 0.466800 1.000000
vt -1.359380 0.964840
vt -1.359380 0.033200
vt 0.439450 0.033200
vt 0.439450 0.685550
vt -0.029300 0.671880
vt 0.000000 0.826170
vt 1.964840 0.832030
vt -1.750000 8.654300
vt 0.439450 1.000000
vt 0.000000 0.099610
vt 0.439450 0.099610
vt -2.306640 8.375000
s 0
usemtl mat15
f 1675/894/633 1677/896/633 1676/895/633
f 1678/897/634 1677/896/634 1675/894/634
f 1675/894/635 1676/895/635 1679/898/635
f 1676/895/636 1677/896/636 1680/899/636
f 1681/900/637 1683/901/637 1682/894/637
f 1681/900/637 1684/902/637 1683/901/637
f 1685/903/638 1687/897/638 1686/904/638
f 1687/897/638 1685/903/638 1688/894/638
f 1689/905/639 1691/897/639 1690/894/639
f 1690/894/639 1691/897/639 1692/906/639
f 1693/907/639 1691/897/639 1694/908/639
f 1691/897/639 1693/907/639 1692/906/639
f 1695/909/640 1697/911/640 1696/910/640
f 1698/912/641 1697/911/641 1695/909/641
f 1697/911/642 1699/913/642 1696/910/642
f 1697/911/643 1700/914/643 1699/913/643
f 1698/912/644 1700/914/644 1697/911/644
f 1695/909/645 1696/910/645 1701/915/645
f 1699/913/646 1703/917/646 1702/916/646
f 1700/914/646 1703/917/646 1699/913/646
f 1698/912/647 1703/917/647 1700/914/647
f 1698/912/648 1695/909/648 1704/918/648
f 1698/912/649 1705/919/649 1703/917/649
f 1698/912/650 1704/918/650 1705/919/650
f 1703/917/651 1706/920/651 1702/916/651
f 1703/917/652 1705/919/652 1706/920/652
f 1705/919/653 1707/921/653 1706/920/653
f 1705/919/654 1704/918/654 1707/921/654
f 1704/918/655 1701/915/655 1707/921/655
f 1704/918/655 1695/909/655 1701/915/655
f 1708/922/656 1710/894/656 1709/897/656
f 1710/894/656 1708/922/656 1711/923/656
f 1712/924/657 1714/926/657 1713/925/657
f 1713/925/657 1714/926/657 1715/927/657
f 1715/927/657 1714/926/657 1716/928/657
f 1717/929/658 1719/925/658 1718/930/658
f 1717/929/659 1720/931/659 1719/925/659
f 1717/929/660 1721/932/660 1720/931/660
f 1718/930/661 1723/934/661 1722/933/661
f 1724/935/661 1723/934/661 1718/930/661
f 1725/936/662 1727/938/662 1726/937/662
f 1720/931/663 1721/932/663 1728/939/663
f 1729/940/639 1731/941/639 1730/894/639
f 1729/940/639 1732/942/639 1731/941/639
f 1733/943/664 1735/944/664 1734/894/664
f 1733/943/664 1736/945/664 1735/944/664
f 1725/936/665 1737/927/665 1727/938/665
f 1738/946/666 1740/948/666 1739/947/666
f 1741/949/667 1743/951/667 1742/950/667
f 1742/950/668 1743/951/668 1744/952/668
f 1745/897/669 1747/954/669 1746/953/669
f 1748/927/670 1747/954/670 1745/897/670
f 1749/955/671 1740/948/671 1738/946/671
f 1749/955/672 1750/956/672 1740/948/672
f 1751/957/673 1753/925/673 1752/958/673
f 1751/957/674 1755/960/674 1754/959/674
f 1751/957/675 1752/958/675 1755/960/675
f 1756/961/656 1758/963/656 1757/962/656
f 1756/961/656 1759/964/656 1758/963/656
f 1757/962/656 1758/963/656 1760/927/656
f 1757/962/656 1760/927/656 1761/965/656
f 1762/966/676 1764/925/676 1763/967/676
f 1765/968/677 1767/970/677 1766/969/677
f 1768/971/678 1770/972/678 1769/901/678
f 1771/973/679 1773/975/679 1772/974/679
f 1771/973/679 1772/974/679 1774/976/679
f 1775/977/680 1777/979/680 1776/978/680
f 1775/977/680 1778/980/680 1777/979/680
f 1765/968/681 1766/969/681 1779/981/681
f 1779/981/682 1780/982/682 1778/980/682
f 1779/981/682 1778/980/682 1775/977/682
f 1781/983/683 1783/985/683 1782/984/683
f 1781/983/684 1784/986/684 1783/985/684
f 1784/986/685 1785/987/685 1783/985/685
f 1783/985/685 1785/987/685 1786/988/685
f 1786/988/686 1785/987/686 1787/989/686
f 1787/989/687 1785/987/687 1788/990/687
f 1784/986/688 1789/991/688 1785/987/688
f 1788/990/689 1781/983/689 1782/984/689
f 1790/992/690 1792/994/690 1791/993/690
f 1793/995/639 1781/983/639 1788/990/639
f 1788/990/691 1795/997/691 1794/996/691
f 1788/990/692 1794/996/692 1787/989/692
f 1788/990/689 1782/984/689 1795/997/689
f 1796/998/639 1781/983/639 1793/995/639
f 1797/999/693 1799/1001/693 1798/1000/693
f 1797/999/693 1791/993/693 1799/1001/693
f 1790/992/694 1791/993/694 1800/1002/694
f 1801/1003/695 1803/1005/695 1802/1004/695
f 1791/993/696 1792/994/696 1799/1001/696
f 1799/1001/697 1792/994/697 1804/1006/697
f 1804/1006/698 1792/994/698 1805/1007/698
f 1805/1007/699 1766/969/699 1804/1006/699
f 1806/1008/700 1807/1009/700 1804/1006/700
f 1804/1006/701 1766/969/701 1767/970/701
f 1804/1006/702 1767/970/702 1806/1008/702
f 1801/1003/695 1809/1011/695 1808/1010/695
f 1801/1003/703 1808/1010/703 1810/1012/703
f 1811/1013/704 1808/1010/704 1812/1014/704
f 1812/1014/705 1808/1010/705 1809/1011/705
f 1813/1015/706 1815/1017/706 1814/1016/706
f 1813/1015/706 1814/1016/706 1816/1018/706
f 1815/1017/656 1818/1020/656 1817/1019/656
f 1815/1017/656 1819/1021/656 1818/1020/656
f 1820/1022/707 1822/1024/707 1821/1023/707
f 1823/1025/688 1825/1027/688 1824/1026/688
f 1824/1026/708 1825/1027/708 1826/1028/708
f 1827/1029/709 1829/1031/709 1828/1030/709
f 1830/1032/710 1829/1031/710 1827/1029/710
f 1829/1031/711 1831/1033/711 1828/1030/711
f 1832/1034/707 1822/1024/707 1820/1022/707
f 1833/1035/712 1835/1037/712 1834/1036/712
f 1785/987/688 1789/991/688 1836/1038/688
f 1789/991/656 1837/1039/656 1836/1038/656
f 1836/1038/656 1837/1039/656 1838/1040/656
f 1839/1041/713 1793/995/713 1840/1042/713
f 1840/1042/710 1841/1043/710 1839/1041/710
f 1839/1041/710 1841/1043/710 1842/1043/710
f 1839/1041/713 1796/998/713 1793/995/713
f 1833/1035/712 1834/1036/712 1765/968/712
f 1843/1044/714 1835/1037/714 1833/1035/714
f 1811/1013/715 1803/1005/715 1801/1003/715
f 1801/1003/716 1802/1004/716 1809/1011/716
f 1844/1045/717 1811/1013/717 1845/1046/717
f 1844/1045/718 1803/1005/718 1811/1013/718
f 1811/1013/719 1812/1014/719 1845/1046/719
f 1801/1003/720 1846/1047/720 1811/1013/720
f 1847/1048/721 1849/894/721 1848/1049/721
f 1850/1050/722 1852/927/722 1851/925/722
f 1853/894/723 1855/1052/723 1854/1051/723
f 1853/894/724 1854/1051/724 1856/1053/724
f 1853/894/682 1856/1053/682 1857/944/682
f 1858/1054/725 1860/1055/725 1859/897/725
f 1858/1054/726 1861/1056/726 1860/1055/726
f 1862/1057/727 1864/1059/727 1863/1058/727
f 1865/1060/728 1867/1061/728 1866/897/728
f 1866/897/728 1867/1061/728 1868/1062/728
f 1869/897/712 1871/1064/712 1870/1063/712
f 1869/897/712 1870/1063/712 1872/894/712
f 1873/1065/729 1875/894/729 1874/897/729
f 1873/1065/729 1876/1066/729 1875/894/729
f 1877/1067/730 1879/1069/730 1878/1068/730
f 1862/1057/727 1881/1071/727 1880/1070/727
f 1882/1072/731 1884/1074/731 1883/1073/731
f 1885/1075/731 1884/1074/731 1882/1072/731
f 1886/1076/731 1884/1074/731 1885/1075/731
f 1877/1067/730 1878/1068/730 1887/1077/730
f 1879/1069/730 1877/1067/730 1888/1078/730
f 1889/1079/730 1891/1081/730 1890/1080/730
f 1887/1077/730 1893/1083/730 1892/1082/730
f 1887/1077/730 1878/1068/730 1894/1084/730
f 1894/1084/730 1893/1083/730 1887/1077/730
f 1889/1079/730 1895/1085/730 1891/1081/730
f 1896/1086/656 1898/1059/656 1897/1087/656
f 1899/1088/730 1892/1082/730 1900/1089/730
f 1901/1090/730 1892/1082/730 1899/1088/730
f 1902/1091/730 1892/1082/730 1901/1090/730
f 1903/1092/656 1905/1094/656 1904/1093/656
f 1906/1095/656 1908/1097/656 1907/1096/656
f 1896/1086/656 1909/1098/656 1898/1059/656
f 1910/1099/730 1887/1077/730 1902/1091/730
f 1911/1100/732 1913/1102/732 1912/1101/732
f 1911/1100/732 1912/1101/732 1914/1097/732
f 1915/1103/733 1917/1105/733 1916/1104/733
f 1917/1105/734 1919/1107/734 1918/1106/734
f 1917/1105/734 1920/1108/734 1919/1107/734
f 1919/1107/733 1921/894/733 1918/1106/733
f 1922/927/639 1924/1110/639 1923/1109/639
f 1902/1091/730 1887/1077/730 1892/1082/730
f 1918/1106/733 1921/894/733 1925/897/733
f 1926/925/639 1924/1110/639 1922/927/639
f 1917/1105/733 1915/1103/733 1920/1108/733
f 1927/1111/730 1929/1113/730 1928/1112/730
f 1929/1113/730 1930/1114/730 1928/1112/730
f 1928/1112/730 1930/1114/730 1931/1115/730
f 1931/1115/730 1930/1114/730 1932/1116/730
f 1933/1117/730 1931/1115/730 1934/1118/730
f 1931/1115/730 1932/1116/730 1934/1118/730
f 1935/1119/735 1937/1121/735 1936/1120/735
f 1936/1120/736 1937/1121/736 1938/1122/736
f 1936/1120/737 1938/1122/737 1939/1123/737
f 1940/1124/738 1937/1121/738 1935/1119/738
f 1936/1120/739 1939/1123/739 1941/1125/739
f 1938/1122/730 1937/1121/730 1942/1126/730
f 1943/1127/740 1945/1129/740 1944/1128/740
f 1944/1128/741 1945/1129/741 1946/1130/741
f 1947/1131/742 1943/1127/742 1944/1128/742
f 1947/1131/743 1949/1133/743 1948/1132/743
f 1950/1134/744 1945/1129/744 1943/1127/744
f 1950/1134/745 1951/1135/745 1945/1129/745
f 1945/1129/746 1953/1137/746 1952/1136/746
f 1945/1129/747 1951/1135/747 1953/1137/747
f 1945/1129/748 1952/1136/748 1954/1138/748
f 1945/1129/749 1954/1138/749 1955/1139/749
f 1945/1129/750 1955/1139/750 1956/894/750
f 1945/1129/751 1956/894/751 1946/1130/751
f 1947/1131/752 1950/1134/752 1943/1127/752
f 1950/1134/753 1953/1137/753 1951/1135/753
f 1948/1132/754 1953/1137/754 1950/1134/754
f 1947/1131/755 1948/1132/755 1950/1134/755
f 1949/1133/730 1952/1136/730 1953/1137/730
f 1949/1133/730 1953/1137/730 1948/1132/730
f 1957/1140/756 1952/1136/756 1949/1133/756
f 1947/1131/757 1957/1140/757 1949/1133/757
f 1957/1140/758 1954/1138/758 1952/1136/758
f 1947/1131/759 1958/1141/759 1957/1140/759
f 1958/1141/760 1954/1138/760 1957/1140/760
f 1958/1141/761 1955/1139/761 1954/1138/761
f 1959/1142/762 1958/1141/762 1947/1131/762
f 1959/1142/763 1955/1139/763 1958/1141/763
f 1960/1110/764 1955/1139/764 1959/1142/764
f 1960/1110/765 1956/894/765 1955/1139/765
f 1693/907/639 1962/1144/639 1961/1143/639
f 1963/927/732 1965/1146/732 1964/1145/732
f 1963/927/732 1966/1147/732 1965/1146/732
f 1890/1080/730 1878/1068/730 1879/1069/730
f 1890/1080/730 1879/1069/730 1889/1079/730
f 1908/1097/656 1905/1094/656 1967/1148/656
f 1908/1097/656 1967/1148/656 1968/1149/656
f 1969/1150/730 1939/1123/730 1938/1122/730
f 1693/907/639 1694/908/639 1962/1144/639
f 1970/1151/766 1972/1153/766 1971/1152/766
f 1970/1151/766 1971/1152/766 1973/925/766
f 1899/1088/730 1900/1089/730 1929/1113/730
f 1899/1088/730 1929/1113/730 1927/1111/730
f 1969/1150/730 1974/1154/730 1939/1123/730
o obj31
v -41.850410 15.223738 -3.805933
v -48.035057 14.272254 2.363843
v -46.042885 11.417803 0.356807
v -41.850410 11.417803 -3.805933
v -48.035057 15.223738 2.363843
v -48.035057 11.417803 2.363843
v -48.035057 14.272254 2.363843
v -48.035057 15.223738 2.363843
v -52.078861 15.223738 -1.650228
v -52.078861 14.272254 -1.650228
v -106.551300 11.417808 -60.894951
v -106.551300 0.000005 -60.894951
v -60.880085 0.000005 -60.894951
v -60.880085 11.417808 -60.894951
v 11.417803 11.417811 -114.178032
v 11.417803 11.417810 -106.566162
v 11.417803 0.000008 -106.566162
v 11.417803 11.417809 -87.536491
v 11.417803 10.659596 -87.536491
v 11.417803 0.000007 -87.536491
v 56.137531 38.059349 -33.108654
v 41.865280 45.671211 -18.286322
v 47.574181 38.059345 -18.286322
v 64.700882 30.447477 -18.286324
v 53.283081 45.671211 1.471830
v 56.137531 38.059345 -3.449125
v 53.283081 45.671215 -38.059341
v 76.118690 45.671211 1.471830
v 73.264236 38.059345 -3.449125
v 73.264236 38.059349 -33.108654
v 81.827591 38.059345 -18.286322
v 87.536491 45.671211 -18.286322
v 76.118690 45.671215 -38.059341
v -106.551300 11.417808 -60.894951
v -106.551300 11.417804 -7.611868
v -106.551300 15.223739 -7.611868
v -106.551300 15.223742 -60.894951
v -52.078861 15.223738 -1.650228
v -106.551300 15.223739 -7.611868
v -52.078861 14.272254 -1.650228
v -106.551300 11.417804 -7.611868
v -52.078861 11.417803 -1.650229
v 42.385620 23.980358 28.529644
v 45.671211 43.783108 30.432611
v 45.671211 43.024895 32.335579
v 45.671211 43.024895 36.141514
v 41.657143 23.980356 39.441967
v 45.671211 34.922417 30.432610
v 49.477146 37.063259 23.831694
v 49.477146 43.768246 23.831696
v 78.631203 37.063255 49.462284
v 82.407402 39.204094 42.861366
v 49.477146 37.063259 23.831694
v 45.671211 43.783108 38.044479
v 45.671211 52.346458 106.551308
v 45.671211 54.502163 106.551308
v 45.671211 54.502163 114.163170
v 45.671211 52.346458 114.163170
v 78.631203 37.063255 49.462284
v 78.631203 45.923946 49.462284
v 82.407402 45.923946 42.861366
v 82.407402 39.204094 42.861366
v 45.671211 34.922417 30.432610
v 2.482778 40.274513 55.855064
v 0.802814 41.062462 55.007648
v 0.802814 15.223734 55.007645
v 45.671211 52.346458 106.551308
v 45.671211 52.346458 114.163170
v 78.631203 45.909077 87.521622
v 85.232117 45.923943 91.327560
v 85.232117 45.923943 91.327560
v 85.217247 48.064781 91.327560
v 78.631203 48.064781 87.521622
v 78.631203 45.909077 87.521622
v 6.229244 40.229912 57.743164
v 7.924075 40.958393 58.605446
v 2.512511 15.223734 51.603119
v 7.983542 40.452915 54.368370
v 9.693239 41.211128 55.230656
v 2.512511 41.255730 51.603123
v 4.251942 40.482651 52.480270
v 38.059345 42.549152 38.847294
v 38.059345 42.578888 35.190029
v 38.059345 23.980356 40.690792
v 38.059345 43.292500 40.675926
v 38.059345 23.965492 33.361393
v 38.059345 43.366837 33.361397
v 5.946773 37.851204 44.808933
v 3.389660 41.657139 37.643074
v 5.946773 41.657139 44.808933
v 0.802814 15.223734 55.007645
v 9.693239 41.211128 55.230656
v 7.924075 40.958393 58.605446
v 38.059345 43.366837 33.361397
v 35.502232 43.366837 26.195538
v 38.059345 39.560902 33.361397
v 5.946773 37.851204 44.808933
v 35.502232 43.366837 26.195538
v 3.389660 41.657139 37.643074
v 38.059345 39.560902 33.361397
v 5.946773 15.223734 44.808929
v 38.059345 23.965492 33.361393
v 38.059345 43.366837 33.361397
v 5.946773 41.657139 44.808933
v 2.512511 15.223734 51.603119
v 2.512511 41.255730 51.603123
v 19.297277 56.643002 83.715698
v 19.966290 57.014675 84.102242
v 25.229183 57.014675 87.135094
v 45.671211 54.502163 98.939438
v 45.671211 63.838596 98.939438
v 25.229183 60.820610 87.135094
v 23.920893 62.351902 86.376877
v 19.297277 63.823730 83.715698
v 72.045151 48.064781 83.715691
v 38.059345 23.980356 40.690792
v 45.671211 43.783108 38.044479
v 38.059345 43.292500 40.675926
v 19.297277 63.823734 53.268219
v 21.274578 62.351902 84.860451
v 19.966290 60.820610 84.102242
v 19.297277 58.783844 53.268219
v 72.045151 45.923946 53.268219
v 72.045151 63.065517 53.268219
v 45.671211 60.909813 38.044479
v 41.657143 23.980356 39.441967
v 12.651758 56.761936 87.625702
v 7.537534 45.225197 84.696907
v 4.891221 45.225197 83.180481
v 12.904496 58.783844 49.090611
v 12.904496 41.642269 49.090611
v -2.690915 39.516296 78.824471
v -2.690915 56.761936 78.824478
v 45.671211 37.360592 106.551300
v 8.860691 43.693905 85.455124
v 45.671211 54.502163 106.551308
v -2.690915 39.516296 78.824471
v 8.860691 39.887970 85.455124
v 45.671211 37.360592 106.551300
v 78.631203 45.909077 87.521622
v 78.631203 30.923212 87.521622
v 45.671211 52.346458 106.551308
v 78.631203 48.064781 87.521622
v 78.631203 45.923946 49.462284
v 78.631203 28.782375 49.462284
v 82.407402 45.923946 42.861366
v 49.477146 43.768246 23.831696
v 49.477146 37.063259 23.831694
v 45.671211 52.346458 114.163170
v 45.671211 54.502163 114.163170
v 85.232117 45.923943 91.327560
v 85.217247 48.064781 91.327560
v 78.631203 37.063255 49.462284
v 45.671211 34.922417 30.432610
v 42.385620 23.980358 28.529644
v 78.631203 28.782375 49.462284
v 45.671211 43.783108 30.432611
v 82.407402 39.204094 42.861366
v -12.919363 15.223731 82.184395
v 0.802814 41.062462 55.007648
v -12.919363 39.501431 82.184395
v 72.045151 63.065514 83.715698
v 72.045151 45.923946 53.268219
v 72.045151 63.065517 53.268219
v 45.671211 60.909813 45.656349
v 45.671211 63.823734 45.656349
v 65.444229 63.838600 57.074154
v 65.444229 63.823734 57.074154
v 45.671211 37.360592 114.163162
v 3.568063 43.693905 82.422264
v 3.568063 39.887970 82.422264
v -2.690915 56.761936 78.824478
v -106.551300 15.223730 106.551300
v -46.845699 7.611862 97.021591
v -46.845699 15.223730 97.021591
v 30.908350 20.337959 22.820742
v -15.104802 15.223735 34.179073
v -15.104802 -0.000003 34.179073
v -36.542919 15.223732 76.639030
v -39.144630 -0.000006 81.723518
v -36.542919 -0.000006 76.639030
v -46.845699 7.611862 97.021591
v -46.845699 15.223730 97.021591
v -51.216579 0.014862 69.309631
v -53.773689 0.014861 74.408989
v -61.430161 7.626729 89.721931
v -51.216579 11.551600 69.309631
v -26.626675 -0.000001 11.402936
v -41.850410 15.223738 -3.805933
v -41.850410 0.000000 -3.805934
v -38.044476 -0.000003 41.850410
v -38.044476 11.417800 41.850410
v -27.830896 -0.000002 21.423248
v -27.830896 11.417801 21.423248
v -15.104802 -0.000003 34.179073
v -22.820740 15.223734 49.462280
v -22.820740 -0.000004 49.462280
v -15.104802 15.223735 34.179073
v -26.626675 -0.000001 11.402936
v -27.830896 -0.000002 21.423248
v -27.830896 11.417801 21.423248
v -26.626675 14.465524 11.402937
v 21.319180 0.000005 -72.312752
v -13.692444 0.000006 -79.939491
v 11.417803 0.000006 -79.924622
v -26.626675 14.465524 11.402937
v -41.850410 15.223738 -3.805933
v 11.417803 10.659595 -79.924622
v 11.417803 11.417809 -79.924622
v 26.641541 11.417809 -72.312752
v 11.417803 0.000006 -79.924622
v 26.641541 0.000005 -72.312752
v 21.319180 0.000005 -64.700882
v 26.641541 0.000005 -72.312752
v 11.417803 0.000007 -87.536491
v -13.692444 0.000007 -87.536491
v -5.694035 0.000007 -95.148361
v -45.656345 0.000003 -45.671211
v -60.880085 0.000005 -60.894951
v -13.692444 0.000005 -72.327621
v 3.805934 0.000007 -95.148361
v -45.656345 11.417804 -7.611868
v -45.656345 11.417807 -45.671211
v -45.656345 0.000003 -45.671211
v -26.626675 0.000002 -26.641541
v -45.656345 0.000001 -7.611869
v -22.820740 0.000002 -30.447475
v 19.029673 0.000004 -57.089016
v -13.692444 3.805941 -87.536491
v -13.692444 0.000007 -95.148361
v -13.692444 0.000007 -87.536491
v -13.692444 0.000005 -72.327621
v -13.692444 3.805940 -79.909760
v -13.692444 0.000006 -79.939491
v -45.656345 0.000001 -7.611869
v 26.641541 0.000005 -64.700882
v -60.880085 0.000005 -60.894951
v -45.656345 11.417807 -45.671211
v -60.880085 11.417808 -60.894951
v -45.656345 0.000003 -45.671211
v -26.626675 11.417805 -26.641541
v -26.626675 0.000002 -26.641541
v -22.820740 0.000002 -30.447475
v 19.029673 0.000004 -57.089016
v 19.029673 11.417808 -57.089016
v -22.820740 11.417805 -30.447475
v 26.641541 11.417808 -64.700882
v 26.641541 0.000005 -64.700882
v 26.641541 0.000005 -72.312752
v 26.641541 11.417809 -72.312752
v 26.641541 0.000005 -64.700882
v 26.641541 11.417808 -64.700882
v -22.820740 0.000002 -22.835606
v -11.402936 -0.000001 11.402936
v -41.850410 0.000000 -3.805934
v -26.626675 -0.000001 11.402936
v -15.104802 -0.000003 34.179073
v -27.830896 -0.000002 21.423248
v -22.820740 -0.000004 49.462280
v -38.044476 -0.000003 41.850410
v -61.430161 7.626729 89.721931
v -53.773689 0.014861 74.408989
v -39.144630 -0.000006 81.723518
v -39.828510 -0.000006 75.003670
v -48.332394 -0.000005 70.751724
v -46.845699 7.611862 97.021591
v -51.216579 0.014862 69.309631
v -36.542919 -0.000006 76.639030
v -31.161089 13.707305 70.826057
v -33.301926 15.223732 71.881615
v -14.004649 13.707308 36.855122
v -14.420923 15.223735 34.521015
v -12.919363 15.223731 82.184395
v -23.073477 10.659584 70.647659
v -17.988987 10.659584 73.219635
v -27.756561 12.176011 70.424652
v -12.309819 12.176014 39.843376
v -4.251942 10.659586 46.042885
v -9.351300 10.659587 43.470909
v 0.416274 12.176013 46.280758
v 3.820801 13.707307 45.864483
v 5.946773 15.223734 44.808929
v -15.015600 12.176011 76.862038
v -13.335637 13.707305 79.835419
v 0.802814 15.223734 55.007645
v 2.512511 15.223734 51.603119
v 11.417803 10.659595 -79.924622
v 11.417803 0.000006 -79.924622
v -45.656345 0.000001 -7.611869
v -41.850410 0.000000 -3.805934
v -41.850410 11.417803 -3.805933
v -45.656345 11.417804 -7.611868
v -13.692444 3.047728 -87.536491
v -13.692444 3.047727 -79.924622
v -26.225267 -0.000004 47.767452
v -26.626675 11.417805 -26.641541
v -22.820740 0.000002 -22.835606
v -26.626675 0.000002 -26.641541
v -22.820740 11.417805 -22.835606
v -34.729153 -0.000003 43.500641
vn -0.7066 0.0044 -0.7076
vn -0.7046 -0.0000 -0.7096
vn -0.7063 -0.0000 -0.7080
vn -0.7097 -0.0000 -0.7045
vn 0.7045 -0.0000 -0.7097
vn -0.0000 -0.0000 -1.0000
vn -1.0000 -0.0000 -0.0000
vn -0.7262 -0.5446 -0.4195
vn -0.3954 -0.8896 -0.2284
vn -0.7262 -0.5446 0.4196
vn -0.7269 -0.5438 0.4195
vn -0.3954 -0.8897 0.2282
vn -0.7261 -0.5450 -0.4193
vn -0.0000 -0.5429 0.8398
vn -0.0000 -0.8897 0.4565
vn -0.0000 -0.8896 -0.4568
vn 0.3954 -0.8897 0.2282
vn 0.3954 -0.8896 -0.2284
vn 0.7266 -0.5439 0.4199
vn 0.7263 -0.5447 0.4192
vn 0.7263 -0.5447 -0.4194
vn 0.7260 -0.5450 -0.4194
vn -0.0000 -0.5452 -0.8383
vn 1.0000 -0.0000 -0.0000
vn 0.1088 -0.0000 -0.9941
vn -0.9855 0.1575 0.0627
vn -0.9854 0.1700 -0.0000
vn -0.9786 0.1949 -0.0653
vn -0.8663 -0.0000 -0.4995
vn 0.1823 -0.9611 -0.2074
vn -0.9782 0.1929 -0.0768
vn 0.8680 -0.0000 0.4966
vn 0.1819 -0.9613 -0.2069
vn 0.4504 -0.0000 -0.8928
vn -0.1917 -0.9815 -0.0000
vn -0.0790 -0.9869 0.1408
vn 0.5003 0.0035 -0.8658
vn 0.4995 -0.0000 -0.8663
vn 0.4500 -0.0000 -0.8930
vn 0.4538 -0.0010 -0.8911
vn -0.4502 -0.0002 0.8929
vn -0.4503 -0.0000 0.8929
vn -0.4515 0.0001 0.8923
vn -0.9418 -0.0000 0.3361
vn -0.8549 0.2961 -0.4260
vn 0.9418 -0.0000 -0.3361
vn -0.1079 -0.8934 -0.4360
vn -0.3358 -0.0000 -0.9419
vn -0.8537 0.2957 -0.4287
vn -0.8925 -0.0000 -0.4511
vn -0.4993 -0.0023 0.8664
vn -0.4996 0.0047 0.8662
vn -0.5001 -0.0000 0.8660
vn -0.5002 0.0014 0.8659
vn -0.4999 -0.0045 0.8661
vn 0.4999 -0.0000 0.8661
vn -0.5003 -0.0000 0.8659
vn -0.3267 -0.0007 -0.9451
vn -0.5012 -0.0003 0.8653
vn -0.4972 0.0069 0.8676
vn 0.4999 -0.0000 -0.8661
vn -0.3279 -0.0002 -0.9447
vn -0.4972 0.0001 0.8676
vn -0.3267 -0.0000 -0.9451
vn -0.3192 -0.0036 -0.9477
vn -0.3172 -0.0000 -0.9483
vn -0.8861 -0.0000 -0.4634
vn -0.8856 -0.0000 -0.4645
vn -0.8857 -0.0004 -0.4643
vn -0.8854 -0.0008 -0.4649
vn -0.4973 -0.0000 0.8676
vn -0.4976 -0.0077 0.8674
vn -0.4972 -0.0000 0.8676
vn 0.5000 -0.0000 0.8660
vn 0.5003 -0.0000 -0.8658
vn 0.5005 0.0035 0.8657
vn 0.5000 0.0005 -0.8660
vn 0.5001 -0.0000 -0.8660
vn 0.5012 -0.0000 -0.8653
vn -0.8927 -0.0000 -0.4507
vn -0.2773 -0.0000 -0.9608
vn -0.4791 -0.0000 0.8778
vn -0.4993 0.0020 0.8664
vn -0.4971 0.0001 0.8677
vn -0.4984 -0.0000 0.8670
vn -0.4999 0.0032 0.8661
vn -0.4970 -0.0261 0.8673
vn -0.4976 -0.0000 0.8674
vn -0.1576 -0.0000 -0.9875
vn -0.2397 -0.0000 -0.9709
vn -0.8902 -0.0000 -0.4555
vn -0.8928 0.0021 -0.4505
vn 0.8939 -0.0026 0.4483
vn 0.8943 -0.0000 0.4475
vn 0.7068 -0.0000 -0.7075
vn 0.8944 -0.0000 0.4472
vn 0.9929 -0.0000 0.1193
vn -0.0000 1.0000 -0.0000
vn -0.4472 -0.0000 0.8944
vn 0.7071 -0.0000 -0.7071
vn -0.7071 -0.0000 -0.7071
vn -0.5370 -0.0000 -0.8436
vn 0.1824 0.9138 -0.3630
vn 0.0011 1.0000 -0.0001
vn 0.0012 1.0000 -0.0023
vn 0.1825 0.9138 -0.3628
vn 0.0041 1.0000 0.0021
vn 0.6483 0.6874 0.3274
vn 0.6505 0.6846 0.3288
vn 0.2807 0.7828 -0.5553
vn 0.2818 0.7812 -0.5571
vn 0.4216 0.8815 0.2129
vn 0.4213 0.8816 0.2128
vn -0.2812 0.7810 0.5576
vn -0.2937 0.7728 0.5626
vn -0.2819 0.7804 0.5581
vn -0.2824 0.7798 0.5588
vn -0.2813 0.7818 0.5565
vn -0.2816 0.7809 0.5576
vn 0.2840 0.7783 -0.5600
vn 0.2983 0.9425 0.1507
vn 0.2981 0.9426 0.1505
vn 0.2799 0.7826 -0.5560
vn -0.2970 0.9430 -0.1501
vn 0.2878 0.7778 -0.5587
vn -0.2985 0.9425 -0.1506
vn 0.2653 0.7879 -0.5557
vn -0.4238 0.8802 -0.2138
vn -0.4223 0.8810 -0.2133
vn -0.6494 0.6862 -0.3279
vn -0.6499 0.6855 -0.3282
vn -0.6553 0.6800 -0.3291
vn -0.6512 0.6838 -0.3292
vn -0.7071 -0.0000 0.7071
vt 0.966800 1.000000
vt -1.326170 0.781250
vt -0.582030 0.033200
vt 0.966800 0.033200
vt -1.326170 1.000000
vt -1.324220 0.033200
vt 0.966800 0.781250
vt -0.529300 1.000000
vt -0.529300 0.781250
vt -3.023440 1.000000
vt -3.023440 0.033200
vt 1.632810 1.000000
vt -0.695310 1.000000
vt -0.695310 0.964840
vt -0.695310 0.033200
vt 0.031250 0.558590
vt 0.966800 1.529300
vt 0.591800 1.529300
vt -0.527340 1.531250
vt 0.218750 2.826170
vt 0.031250 2.501950
vt 0.218750 0.234380
vt -1.277340 2.826170
vt -1.089840 2.501950
vt -1.089840 0.558590
vt -1.650390 1.531250
vt -2.025390 1.531250
vt -1.277340 0.234380
vt -13.003910 0.033200
vt -13.003910 1.000000
vt 15.937500 1.000000
vt 0.000000 1.000000
vt 15.937500 0.781250
vt 0.000000 0.033200
vt 15.937500 0.033200
vt 0.384770 -1.078120
vt 0.175780 1.113280
vt -0.445310 1.000000
vt -0.806640 -1.091800
vt 0.175780 0.160160
vt 0.898440 0.460940
vt 0.896480 1.183590
vt 4.966800 0.033200
vt 4.978520 1.070310
vt -0.015620 1.070310
vt -0.652340 1.113280
vt 0.966800 0.468750
vt 0.066410 1.000000
vt 0.066410 0.750000
vt 0.966800 0.283200
vt -1.027340 1.000000
vt 0.000000 0.656250
vt 0.230470 2.320310
vt 0.000000 2.423830
vt 0.000000 -0.962890
vt 0.623050 7.054690
vt -0.265620 6.939450
vt 0.966800 2.029300
vt 0.132810 2.029300
vt 0.966800 0.314450
vt 0.000000 0.316410
vt 0.753910 2.314450
vt 1.013670 2.410160
vt 1.054690 -2.363280
vt 0.232420 0.935550
vt 1.021480 1.048830
vt 0.759770 0.945310
vt 0.707030 1.671880
vt 0.386720 1.675780
vt 0.865230 0.033200
vt 0.865230 1.736330
vt 0.226560 1.744140
vt 0.000000 0.408200
vt 1.216800 1.000000
vt 8.111330 4.167970
vt 7.935550 2.464840
vt 8.212890 2.480470
vt 0.716800 1.000000
vt 0.716800 0.408200
vt 7.406250 2.685550
vt 5.117190 2.322270
vt 7.140620 2.435550
vt 5.048830 2.572270
vt 7.406250 4.167970
vt 5.048830 3.593750
vt 5.048830 2.322270
vt 7.406250 2.435550
vt 7.878910 4.167970
vt 7.878910 2.460940
vt 10.460940 1.453120
vt 10.525390 1.427730
vt 11.085940 1.427730
vt 13.468750 1.593750
vt 13.468750 1.000000
vt 11.085940 1.179690
vt 10.937500 1.078120
vt 10.460940 1.000000
vt 16.449221 2.015620
vt 5.197270 3.593750
vt 4.433590 2.296880
vt 5.197270 2.328120
vt 7.441410 1.000000
vt 10.656250 1.078120
vt 10.525390 1.179690
vt 7.441410 1.312500
vt 1.453120 2.156250
vt 1.453120 1.000000
vt 4.433590 1.171880
vt 4.826170 3.593750
vt -1.710940 -0.642580
vt -2.130860 0.261720
vt -2.365230 0.271480
vt 7.412110 1.312500
vt 7.412110 2.435550
vt 9.556640 2.576170
vt 9.556640 1.445310
vt 1.277340 0.738280
vt -2.009770 0.375000
vt 1.226560 -0.582030
vt -3.023440 0.738280
vt -1.998050 0.667970
vt 13.462890 2.716800
vt 16.447269 2.156250
vt 16.447269 3.138670
vt 13.462890 1.734380
vt 16.447269 2.015620
vt 19.419920 2.154300
vt 19.419920 3.279300
vt 1.701170 2.154300
vt 4.199220 2.296880
vt 4.199220 2.736330
vt 13.458980 1.734380
vt 13.458980 1.593750
vt 16.445311 2.156250
vt 16.445311 2.015620
vt 1.455080 2.736330
vt 4.439450 2.876950
vt 4.675780 3.593750
vt 1.455080 3.279300
vt 4.439450 2.296880
vt 1.701170 2.595700
vt 9.611330 4.167970
vt 8.111330 2.474610
vt 9.611330 2.576170
vt 16.449221 1.000000
vt 19.417971 2.156250
vt 19.417971 1.000000
vt 4.425780 1.171880
vt 4.425780 1.000000
vt 1.449220 1.000000
vt 13.458980 2.716800
vt -2.478520 0.392580
vt -2.466800 0.687500
vt -3.074220 -0.589840
vt -4.316410 1.000000
vt 0.966800 0.365230
vt 3.076170 1.367190
vt 0.388670 -0.296880
vt 0.966800 -0.296880
vt -1.027340 0.365230
vt 0.386720 0.033200
vt 2.384770 0.697270
vt 0.386720 1.041020
vt 1.369140 0.033200
vt -1.025390 1.335940
vt -1.027340 0.033200
vt 0.966800 -0.962890
vt -1.263670 -0.962890
vt -1.263670 0.033200
vt -0.154300 1.000000
vt -0.154300 0.033200
vt 0.300780 0.033200
vt 0.300780 1.296880
vt 1.365230 0.781250
vt -0.927730 0.281250
vt 0.716800 0.283200
vt 1.369140 1.296880
vt -1.029300 1.390620
vt 1.132810 0.964840
vt 1.132810 1.000000
vt -0.353520 1.000000
vt 1.132810 0.033200
vt -0.353520 0.033200
vt 1.365230 1.281250
vt 1.714840 0.781250
vt 0.716800 -0.214840
vt -0.927730 -0.214840
vt -0.404300 -0.712890
vt -3.023440 2.529300
vt -4.021480 1.531250
vt -0.927730 0.781250
vt 0.218750 -0.712890
vt 2.962890 0.699220
vt -1.027340 0.699220
vt -1.775390 3.775390
vt -3.023440 5.023440
vt -1.527340 3.527340
vt 1.216800 1.779300
vt 0.000000 1.025390
vt -2.023440 0.025390
vt -0.029300 0.029300
vt 3.960940 0.039060
vt 1.966800 1.000000
vt 1.964840 0.033200
vt 2.962890 0.033200
vt 1.714840 1.281250
vt 0.082030 0.033200
vt 1.964840 0.699220
vt 0.082030 0.699220
vt -4.755860 1.000000
vt -4.755860 0.033200
vt -4.291020 0.033200
vt 0.039060 0.033200
vt 0.039060 1.000000
vt -4.291020 1.000000
vt 0.634770 0.033200
vt 0.634770 1.000000
vt -1.527340 4.025390
vt -0.777340 6.271480
vt -2.773440 5.273440
vt -1.775390 6.271480
vt -1.019530 7.763670
vt -1.855470 6.927730
vt -1.527340 8.765620
vt -2.525390 8.267580
vt -4.085940 11.390620
vt -3.595700 10.447270
vt -2.623050 10.935550
vt -2.640620 10.439450
vt -3.199220 10.162110
vt -3.101560 11.884770
vt -3.388670 10.066410
vt -2.425780 10.546880
vt -0.777340 -0.371090
vt -0.861330 -0.462890
vt 0.882810 -0.371090
vt 0.966800 -0.464840
vt -0.861330 1.000000
vt -0.611330 0.095700
vt -0.611330 0.470700
vt -0.695310 -0.183590
vt 0.800780 -0.183590
vt 0.716800 0.470700
vt 0.716800 0.095700
vt 0.800780 0.750000
vt 0.882810 0.937500
vt -0.695310 0.750000
vt -0.777340 0.937500
vt 0.466800 1.000000
vt -1.359380 0.964840
vt -1.359380 0.033200
vt 0.439450 0.033200
vt 0.439450 0.685550
vt -0.029300 0.671880
vt 0.000000 0.826170
vt 1.964840 0.832030
vt -1.750000 8.654300
vt 0.439450 1.000000
vt 0.000000 0.099610
vt 0.439450 0.099610
vt -2.306640 8.375000
s 0
usemtl mat15
f 1975/1155/767 1977/1157/767 1976/1156/767
f 1978/1158/768 1977/1157/768 1975/1155/768
f 1975/1155/769 1976/1156/769 1979/1159/769
f 1976/1156/770 1977/1157/770 1980/1160/770
f 1981/1161/771 1983/1162/771 1982/1155/771
f 1981/1161/771 1984/1163/771 1983/1162/771
f 1985/1164/772 1987/1158/772 1986/1165/772
f 1987/1158/772 1985/1164/772 1988/1155/772
f 1989/1166/773 1991/1158/773 1990/1155/773
f 1990/1155/773 1991/1158/773 1992/1167/773
f 1993/1168/773 1991/1158/773 1994/1169/773
f 1991/1158/773 1993/1168/773 1992/1167/773
f 1995/1170/774 1997/1172/774 1996/1171/774
f 1998/1173/775 1997/1172/775 1995/1170/775
f 1997/1172/776 1999/1174/776 1996/1171/776
f 1997/1172/777 2000/1175/777 1999/1174/777
f 1998/1173/778 2000/1175/778 1997/1172/778
f 1995/1170/779 1996/1171/779 2001/1176/779
f 1999/1174/780 2003/1178/780 2002/1177/780
f 2000/1175/780 2003/1178/780 1999/1174/780
f 1998/1173/781 2003/1178/781 2000/1175/781
f 1998/1173/782 1995/1170/782 2004/1179/782
f 1998/1173/783 2005/1180/783 2003/1178/783
f 1998/1173/784 2004/1179/784 2005/1180/784
f 2003/1178/785 2006/1181/785 2002/1177/785
f 2003/1178/786 2005/1180/786 2006/1181/786
f 2005/1180/787 2007/1182/787 2006/1181/787
f 2005/1180/788 2004/1179/788 2007/1182/788
f 2004/1179/789 2001/1176/789 2007/1182/789
f 2004/1179/789 1995/1170/789 2001/1176/789
f 2008/1183/790 2010/1155/790 2009/1158/790
f 2010/1155/790 2008/1183/790 2011/1184/790
f 2012/1185/791 2014/1187/791 2013/1186/791
f 2013/1186/791 2014/1187/791 2015/1188/791
f 2015/1188/791 2014/1187/791 2016/1189/791
f 2017/1190/792 2019/1186/792 2018/1191/792
f 2017/1190/793 2020/1192/793 2019/1186/793
f 2017/1190/794 2021/1193/794 2020/1192/794
f 2018/1191/795 2023/1195/795 2022/1194/795
f 2024/1196/795 2023/1195/795 2018/1191/795
f 2025/1197/796 2027/1199/796 2026/1198/796
f 2020/1192/797 2021/1193/797 2028/1200/797
f 2029/1201/773 2031/1202/773 2030/1155/773
f 2029/1201/773 2032/1203/773 2031/1202/773
f 2033/1204/798 2035/1205/798 2034/1155/798
f 2033/1204/798 2036/1206/798 2035/1205/798
f 2025/1197/799 2037/1188/799 2027/1199/799
f 2038/1207/800 2040/1209/800 2039/1208/800
f 2041/1210/801 2043/1212/801 2042/1211/801
f 2042/1211/802 2043/1212/802 2044/1213/802
f 2045/1158/803 2047/1215/803 2046/1214/803
f 2048/1188/804 2047/1215/804 2045/1158/804
f 2049/1216/805 2040/1209/805 2038/1207/805
f 2049/1216/806 2050/1217/806 2040/1209/806
f 2051/1218/807 2053/1186/807 2052/1219/807
f 2051/1218/808 2055/1221/808 2054/1220/808
f 2051/1218/809 2052/1219/809 2055/1221/809
f 2056/1222/790 2058/1224/790 2057/1223/790
f 2056/1222/790 2059/1225/790 2058/1224/790
f 2057/1223/790 2058/1224/790 2060/1188/790
f 2057/1223/790 2060/1188/790 2061/1226/790
f 2062/1227/810 2064/1186/810 2063/1228/810
f 2065/1229/811 2067/1231/811 2066/1230/811
f 2068/1232/812 2070/1233/812 2069/1162/812
f 2071/1234/813 2073/1236/813 2072/1235/813
f 2071/1234/813 2072/1235/813 2074/1237/813
f 2075/1238/814 2077/1240/814 2076/1239/814
f 2075/1238/814 2078/1241/814 2077/1240/814
f 2065/1229/815 2066/1230/815 2079/1242/815
f 2079/1242/816 2080/1243/816 2078/1241/816
f 2079/1242/816 2078/1241/816 2075/1238/816
f 2081/1244/817 2083/1246/817 2082/1245/817
f 2081/1244/818 2084/1247/818 2083/1246/818
f 2084/1247/819 2085/1248/819 2083/1246/819
f 2083/1246/819 2085/1248/819 2086/1249/819
f 2086/1249/820 2085/1248/820 2087/1250/820
f 2087/1250/821 2085/1248/821 2088/1251/821
f 2084/1247/822 2089/1252/822 2085/1248/822
f 2088/1251/823 2081/1244/823 2082/1245/823
f 2090/1253/824 2092/1255/824 2091/1254/824
f 2093/1256/773 2081/1244/773 2088/1251/773
f 2088/1251/825 2095/1258/825 2094/1257/825
f 2088/1251/826 2094/1257/826 2087/1250/826
f 2088/1251/823 2082/1245/823 2095/1258/823
f 2096/1259/773 2081/1244/773 2093/1256/773
f 2097/1260/827 2099/1262/827 2098/1261/827
f 2097/1260/827 2091/1254/827 2099/1262/827
f 2090/1253/828 2091/1254/828 2100/1263/828
f 2101/1264/829 2103/1266/829 2102/1265/829
f 2091/1254/830 2092/1255/830 2099/1262/830
f 2099/1262/831 2092/1255/831 2104/1267/831
f 2104/1267/832 2092/1255/832 2105/1268/832
f 2105/1268/833 2066/1230/833 2104/1267/833
f 2106/1269/834 2107/1270/834 2104/1267/834
f 2104/1267/835 2066/1230/835 2067/1231/835
f 2104/1267/836 2067/1231/836 2106/1269/836
f 2101/1264/829 2109/1272/829 2108/1271/829
f 2101/1264/837 2108/1271/837 2110/1273/837
f 2111/1274/838 2108/1271/838 2112/1275/838
f 2112/1275/839 2108/1271/839 2109/1272/839
f 2113/1276/840 2115/1278/840 2114/1277/840
f 2113/1276/840 2114/1277/840 2116/1279/840
f 2115/1278/790 2118/1281/790 2117/1280/790
f 2115/1278/790 2119/1282/790 2118/1281/790
f 2120/1283/841 2122/1285/841 2121/1284/841
f 2123/1286/822 2125/1288/822 2124/1287/822
f 2124/1287/842 2125/1288/842 2126/1289/842
f 2127/1290/843 2129/1292/843 2128/1291/843
f 2130/1293/844 2129/1292/844 2127/1290/844
f 2129/1292/845 2131/1294/845 2128/1291/845
f 2132/1295/841 2122/1285/841 2120/1283/841
f 2133/1296/846 2135/1298/846 2134/1297/846
f 2085/1248/822 2089/1252/822 2136/1299/822
f 2089/1252/790 2137/1300/790 2136/1299/790
f 2136/1299/790 2137/1300/790 2138/1301/790
f 2139/1302/847 2093/1256/847 2140/1303/847
f 2140/1303/844 2141/1304/844 2139/1302/844
f 2139/1302/844 2141/1304/844 2142/1304/844
f 2139/1302/847 2096/1259/847 2093/1256/847
f 2133/1296/846 2134/1297/846 2065/1229/846
f 2143/1305/848 2135/1298/848 2133/1296/848
f 2111/1274/849 2103/1266/849 2101/1264/849
f 2101/1264/850 2102/1265/850 2109/1272/850
f 2144/1306/851 2111/1274/851 2145/1307/851
f 2144/1306/852 2103/1266/852 2111/1274/852
f 2111/1274/853 2112/1275/853 2145/1307/853
f 2101/1264/854 2146/1308/854 2111/1274/854
f 2147/1309/855 2149/1155/855 2148/1310/855
f 2150/1311/856 2152/1188/856 2151/1186/856
f 2153/1155/857 2155/1313/857 2154/1312/857
f 2153/1155/858 2154/1312/858 2156/1314/858
f 2153/1155/816 2156/1314/816 2157/1205/816
f 2158/1315/859 2160/1316/859 2159/1158/859
f 2158/1315/860 2161/1317/860 2160/1316/860
f 2162/1318/861 2164/1320/861 2163/1319/861
f 2165/1321/862 2167/1322/862 2166/1158/862
f 2166/1158/862 2167/1322/862 2168/1323/862
f 2169/1158/846 2171/1325/846 2170/1324/846
f 2169/1158/846 2170/1324/846 2172/1155/846
f 2173/1326/863 2175/1155/863 2174/1158/863
f 2173/1326/863 2176/1327/863 2175/1155/863
f 2177/1328/864 2179/1330/864 2178/1329/864
f 2162/1318/861 2181/1332/861 2180/1331/861
f 2182/1333/865 2184/1335/865 2183/1334/865
f 2185/1336/865 2184/1335/865 2182/1333/865
f 2186/1337/865 2184/1335/865 2185/1336/865
f 2177/1328/864 2178/1329/864 2187/1338/864
f 2179/1330/864 2177/1328/864 2188/1339/864
f 2189/1340/864 2191/1342/864 2190/1341/864
f 2187/1338/864 2193/1344/864 2192/1343/864
f 2187/1338/864 2178/1329/864 2194/1345/864
f 2194/1345/864 2193/1344/864 2187/1338/864
f 2189/1340/864 2195/1346/864 2191/1342/864
f 2196/1347/790 2198/1320/790 2197/1348/790
f 2199/1349/864 2192/1343/864 2200/1350/864
f 2201/1351/864 2192/1343/864 2199/1349/864
f 2202/1352/864 2192/1343/864 2201/1351/864
f 2203/1353/790 2205/1355/790 2204/1354/790
f 2206/1356/790 2208/1358/790 2207/1357/790
f 2196/1347/790 2209/1359/790 2198/1320/790
f 2210/1360/864 2187/1338/864 2202/1352/864
f 2211/1361/866 2213/1363/866 2212/1362/866
f 2211/1361/866 2212/1362/866 2214/1358/866
f 2215/1364/867 2217/1366/867 2216/1365/867
f 2217/1366/868 2219/1368/868 2218/1367/868
f 2217/1366/868 2220/1369/868 2219/1368/868
f 2219/1368/867 2221/1155/867 2218/1367/867
f 2222/1188/773 2224/1371/773 2223/1370/773
f 2202/1352/864 2187/1338/864 2192/1343/864
f 2218/1367/867 2221/1155/867 2225/1158/867
f 2226/1186/773 2224/1371/773 2222/1188/773
f 2217/1366/867 2215/1364/867 2220/1369/867
f 2227/1372/864 2229/1374/864 2228/1373/864
f 2229/1374/864 2230/1375/864 2228/1373/864
f 2228/1373/864 2230/1375/864 2231/1376/864
f 2231/1376/864 2230/1375/864 2232/1377/864
f 2233/1378/864 2231/1376/864 2234/1379/864
f 2231/1376/864 2232/1377/864 2234/1379/864
f 2235/1380/869 2237/1382/869 2236/1381/869
f 2236/1381/870 2237/1382/870 2238/1383/870
f 2236/1381/871 2238/1383/871 2239/1384/871
f 2240/1385/872 2237/1382/872 2235/1380/872
f 2236/1381/873 2239/1384/873 2241/1386/873
f 2238/1383/864 2237/1382/864 2242/1387/864
f 2243/1388/874 2245/1390/874 2244/1389/874
f 2244/1389/875 2245/1390/875 2246/1391/875
f 2247/1392/876 2243/1388/876 2244/1389/876
f 2247/1392/877 2249/1394/877 2248/1393/877
f 2250/1395/878 2245/1390/878 2243/1388/878
f 2250/1395/879 2251/1396/879 2245/1390/879
f 2245/1390/880 2253/1398/880 2252/1397/880
f 2245/1390/881 2251/1396/881 2253/1398/881
f 2245/1390/882 2252/1397/882 2254/1399/882
f 2245/1390/883 2254/1399/883 2255/1400/883
f 2245/1390/884 2255/1400/884 2256/1155/884
f 2245/1390/885 2256/1155/885 2246/1391/885
f 2247/1392/886 2250/1395/886 2243/1388/886
f 2250/1395/887 2253/1398/887 2251/1396/887
f 2248/1393/888 2253/1398/888 2250/1395/888
f 2247/1392/889 2248/1393/889 2250/1395/889
f 2249/1394/864 2252/1397/864 2253/1398/864
f 2249/1394/864 2253/1398/864 2248/1393/864
f 2257/1401/890 2252/1397/890 2249/1394/890
f 2247/1392/891 2257/1401/891 2249/1394/891
f 2257/1401/892 2254/1399/892 2252/1397/892
f 2247/1392/893 2258/1402/893 2257/1401/893
f 2258/1402/894 2254/1399/894 2257/1401/894
f 2258/1402/895 2255/1400/895 2254/1399/895
f 2259/1403/896 2258/1402/896 2247/1392/896
f 2259/1403/897 2255/1400/897 2258/1402/897
f 2260/1371/898 2255/1400/898 2259/1403/898
f 2260/1371/899 2256/1155/899 2255/1400/899
f 1993/1168/773 2262/1405/773 2261/1404/773
f 2263/1188/866 2265/1407/866 2264/1406/866
f 2263/1188/866 2266/1408/866 2265/1407/866
f 2190/1341/864 2178/1329/864 2179/1330/864
f 2190/1341/864 2179/1330/864 2189/1340/864
f 2208/1358/790 2205/1355/790 2267/1409/790
f 2208/1358/790 2267/1409/790 2268/1410/790
f 2269/1411/864 2239/1384/864 2238/1383/864
f 1993/1168/773 1994/1169/773 2262/1405/773
f 2270/1412/900 2272/1414/900 2271/1413/900
f 2270/1412/900 2271/1413/900 2273/1186/900
f 2199/1349/864 2200/1350/864 2229/1374/864
f 2199/1349/864 2229/1374/864 2227/1372/864
f 2269/1411/864 2274/1415/864 2239/1384/864
o obj32
v 42.385620 23.980358 28.529644
v 41.657143 23.980356 39.441967
v 38.059345 23.980356 40.690792
v 38.059345 23.965492 33.361393
v 42.727562 23.430283 26.671276
v 5.946773 15.223734 44.808929
v 36.988926 20.352827 31.785501
v 61.653164 45.671207 38.044479
v 78.631203 45.923946 49.462284
v 45.671211 43.783108 30.432611
v 3.389660 41.657139 37.643074
v 19.743284 43.381702 37.464672
v 5.946773 41.657139 44.808933
v 18.732334 43.381702 34.595352
v 64.700882 45.671207 34.996761
v 61.653164 45.671207 34.996761
v 49.477146 43.768246 23.831696
v 35.502232 43.366837 26.195538
v 21.586784 43.381702 33.584400
v 38.059345 43.366837 33.361397
v 22.612602 43.381702 36.453720
v 61.653164 45.671207 38.044479
v 45.671211 43.783108 30.432611
v 45.671211 63.823730 98.939438
v 65.444229 63.838596 79.909767
v 72.045151 63.065514 83.715698
v 64.700882 45.671207 38.044479
v 78.631203 45.923946 49.462284
v 82.407402 45.923946 42.861366
v 19.297277 63.823730 83.715698
v 19.297277 63.823734 53.268219
v 45.671211 63.823734 45.656349
v 65.444229 63.838600 57.074154
v 85.217247 48.064781 91.327560
v 45.671211 54.502163 114.163170
v 45.671211 54.502163 106.551308
v 12.904496 58.783844 49.090611
v 12.651758 56.761936 87.625702
v -2.690915 56.761936 78.824478
v 78.631203 48.064781 87.521622
vn -0.0000 1.0000 -0.0000
vn -0.0057 1.0000 -0.0020
vn -0.3665 0.8717 -0.3254
vn -0.4068 0.4638 -0.7870
vn -0.7168 0.4461 -0.5359
vn -0.3102 0.8413 0.4427
vn -0.1044 0.9938 0.0373
vn -0.1044 0.9939 0.0368
vn -0.0000 0.9858 -0.1680
vn -0.1724 0.9224 -0.3457
vn -0.0021 1.0000 -0.0060
vn 0.0851 0.9225 0.3765
vn 0.0022 1.0000 0.0063
vn 0.0009 1.0000 -0.0003
vn -0.1173 0.9931 -0.0000
vn -0.1002 0.9932 -0.0600
vn 0.0726 0.9945 0.0762
vn -0.0000 0.9998 -0.0221
vn -0.0181 0.9998 -0.0000
vn -0.0114 0.9999 -0.0065
vn 0.1440 0.9242 -0.3538
vn -0.0008 1.0000 -0.0000
vn 0.1607 0.9870 -0.0000
vn -0.0299 0.9982 0.0522
vn 0.0959 0.9815 -0.1659
vt 0.607420 -0.837890
vt 0.527340 0.351560
vt 0.134770 0.488280
vt 0.134770 -0.310550
vt 0.644530 -1.041020
vt -3.371090 0.939450
vt 0.017580 -0.482420
vt 2.712890 0.199220
vt 4.568360 1.447270
vt 0.966800 -0.630860
vt 0.339840 -4.832030
vt 2.126950 -4.851560
vt 0.619140 -4.048830
vt 2.015620 -5.164060
vt 7.039060 -5.121090
vt 6.705080 -5.121090
vt 5.375000 -6.341800
vt 3.847660 -6.083980
vt 2.328120 -5.277340
vt 4.126950 -5.300780
vt 2.439450 -4.962890
vt 6.705080 -4.789060
vt 4.958980 -5.621090
vt 4.958980 1.863280
vt 7.119140 -0.214840
vt 7.839840 0.199220
vt 7.039060 -4.789060
vt 8.560550 -3.541020
vt 8.972660 -4.263670
vt 2.078120 0.199220
vt 2.078120 -3.125000
vt 4.958980 -3.957030
vt 7.119140 -2.708980
vt 9.281250 1.000000
vt 4.958980 3.525390
vt 4.958980 2.695310
vt 1.378910 -3.582030
vt 1.351560 0.626950
vt -0.324220 -0.332030
vt 8.560550 0.615230
s 0
usemtl mat0
f 2275/1416/901 2277/1418/901 2276/1417/901
f 2277/1418/902 2275/1416/902 2278/1419/902
f 2275/1416/903 2279/1420/903 2278/1419/903
f 2280/1421/904 2278/1419/904 2281/1422/904
f 2278/1419/905 2279/1420/905 2281/1422/905
f 2282/1423/906 2284/1425/906 2283/1424/906
f 2285/1426/907 2287/1428/907 2286/1427/907
f 2285/1426/908 2286/1427/908 2288/1429/908
f 2289/1430/909 2291/1432/909 2290/1431/909
f 2288/1429/910 2292/1433/910 2285/1426/910
f 2293/1434/911 2292/1433/911 2288/1429/911
f 2294/1435/912 2286/1427/912 2287/1428/912
f 2295/1436/913 2286/1427/913 2294/1435/913
f 2295/1436/914 2294/1435/914 2292/1433/914
f 2295/1436/914 2292/1433/914 2293/1434/914
f 2290/1431/915 2297/1438/915 2296/1437/915
f 2291/1432/916 2297/1438/916 2290/1431/916
f 2298/1439/917 2300/1441/917 2299/1440/917
f 2296/1437/918 2302/1443/918 2301/1442/918
f 2302/1443/919 2289/1430/919 2301/1442/919
f 2303/1444/920 2289/1430/920 2302/1443/920
f 2303/1444/921 2291/1432/921 2289/1430/921
f 2298/1439/901 2305/1446/901 2304/1445/901
f 2298/1439/922 2307/1448/922 2306/1447/922
f 2298/1439/901 2306/1447/901 2305/1446/901
f 2298/1439/922 2299/1440/922 2307/1448/922
f 2308/1449/923 2310/1451/923 2309/1450/923
f 2311/1452/924 2313/1454/924 2312/1453/924
f 2314/1455/925 2310/1451/925 2308/1449/925
o obj33
v 42.385620 23.980358 28.529644
v 41.657143 23.980356 39.441967
v 38.059345 23.980356 40.690792
v 38.059345 23.965492 33.361393
v 42.727562 23.430283 26.671276
v 5.946773 15.223734 44.808929
v 36.988926 20.352827 31.785501
v 61.653164 45.671207 38.044479
v 78.631203 45.923946 49.462284
v 45.671211 43.783108 30.432611
v 3.389660 41.657139 37.643074
v 19.743284 43.381702 37.464672
v 5.946773 41.657139 44.808933
v 18.732334 43.381702 34.595352
v 64.700882 45.671207 34.996761
v 61.653164 45.671207 34.996761
v 49.477146 43.768246 23.831696
v 35.502232 43.366837 26.195538
v 21.586784 43.381702 33.584400
v 38.059345 43.366837 33.361397
v 22.612602 43.381702 36.453720
v 61.653164 45.671207 38.044479
v 45.671211 43.783108 30.432611
v 45.671211 63.823730 98.939438
v 65.444229 63.838596 79.909767
v 72.045151 63.065514 83.715698
v 64.700882 45.671207 38.044479
v 78.631203 45.923946 49.462284
v 82.407402 45.923946 42.861366
v 19.297277 63.823730 83.715698
v 19.297277 63.823734 53.268219
v 45.671211 63.823734 45.656349
v 65.444229 63.838600 57.074154
v 85.217247 48.064781 91.327560
v 45.671211 54.502163 114.163170
v 45.671211 54.502163 106.551308
v 12.904496 58.783844 49.090611
v 12.651758 56.761936 87.625702
v -2.690915 56.761936 78.824478
v 78.631203 48.064781 87.521622
vn -0.0000 1.0000 -0.0000
vn -0.0057 1.0000 -0.0020
vn -0.3665 0.8717 -0.3254
vn -0.4068 0.4638 -0.7870
vn -0.7168 0.4461 -0.5359
vn -0.3102 0.8413 0.4427
vn -0.1044 0.9938 0.0373
vn -0.1044 0.9939 0.0368
vn -0.0000 0.9858 -0.1680
vn -0.1724 0.9224 -0.3457
vn -0.0021 1.0000 -0.0060
vn 0.0851 0.9225 0.3765
vn 0.0022 1.0000 0.0063
vn 0.0009 1.0000 -0.0003
vn -0.1173 0.9931 -0.0000
vn -0.1002 0.9932 -0.0600
vn 0.0726 0.9945 0.0762
vn -0.0000 0.9998 -0.0221
vn -0.0181 0.9998 -0.0000
vn -0.0114 0.9999 -0.0065
vn 0.1440 0.9242 -0.3538
vn -0.0008 1.0000 -0.0000
vn 0.1607 0.9870 -0.0000
vn -0.0299 0.9982 0.0522
vn 0.0959 0.9815 -0.1659
vt 0.607420 -0.837890
vt 0.527340 0.351560
vt 0.134770 0.488280
vt 0.134770 -0.310550
vt 0.644530 -1.041020
vt -3.371090 0.939450
vt 0.017580 -0.482420
vt 2.712890 0.199220
vt 4.568360 1.447270
vt 0.966800 -0.630860
vt 0.339840 -4.832030
vt 2.126950 -4.851560
vt 0.619140 -4.048830
vt 2.015620 -5.164060
vt 7.039060 -5.121090
vt 6.705080 -5.121090
vt 5.375000 -6.341800
vt 3.847660 -6.083980
vt 2.328120 -5.277340
vt 4.126950 -5.300780
vt 2.439450 -4.962890
vt 6.705080 -4.789060
vt 4.958980 -5.621090
vt 4.958980 1.863280
vt 7.119140 -0.214840
vt 7.839840 0.199220
vt 7.039060 -4.789060
vt 8.560550 -3.541020
vt 8.972660 -4.263670
vt 2.078120 0.199220
vt 2.078120 -3.125000
vt 4.958980 -3.957030
vt 7.119140 -2.708980
vt 9.281250 1.000000
vt 4.958980 3.525390
vt 4.958980 2.695310
vt 1.378910 -3.582030
vt 1.351560 0.626950
vt -0.324220 -0.332030
vt 8.560550 0.615230
s 0
usemtl mat0
f 2315/1456/926 2317/1458/926 2316/1457/926
f 2317/1458/927 2315/1456/927 2318/1459/927
f 2315/1456/928 2319/1460/928 2318/1459/928
f 2320/1461/929 2318/1459/929 2321/1462/929
f 2318/1459/930 2319/1460/930 2321/1462/930
f 2322/1463/931 2324/1465/931 2323/1464/931
f 2325/1466/932 2327/1468/932 2326/1467/932
f 2325/1466/933 2326/1467/933 2328/1469/933
f 2329/1470/934 2331/1472/934 2330/1471/934
f 2328/1469/935 2332/1473/935 2325/1466/935
f 2333/1474/936 2332/1473/936 2328/1469/936
f 2334/1475/937 2326/1467/937 2327/1468/937
f 2335/1476/938 2326/1467/938 2334/1475/938
f 2335/1476/939 2334/1475/939 2332/1473/939
f 2335/1476/939 2332/1473/939 2333/1474/939
f 2330/1471/940 2337/1478/940 2336/1477/940
f 2331/1472/941 2337/1478/941 2330/1471/941
f 2338/1479/942 2340/1481/942 2339/1480/942
f 2336/1477/943 2342/1483/943 2341/1482/943
f 2342/1483/944 2329/1470/944 2341/1482/944
f 2343/1484/945 2329/1470/945 2342/1483/945
f 2343/1484/946 2331/1472/946 2329/1470/946
f 2338/1479/926 2345/1486/926 2344/1485/926
f 2338/1479/947 2347/1488/947 2346/1487/947
f 2338/1479/926 2346/1487/926 2345/1486/926
f 2338/1479/947 2339/1480/947 2347/1488/947
f 2348/1489/948 2350/1491/948 2349/1490/948
f 2351/1492/949 2353/1494/949 2352/1493/949
f 2354/1495/950 2350/1491/950 2348/1489/950
o obj34
v 91.149155 28.024162 41.136803
v 45.150871 24.812906 13.439708
v 45.492809 25.883327 11.596209
v 45.671211 37.360592 106.551300
v 45.671211 36.602379 108.454262
v -5.248027 38.743214 79.671883
v -2.690915 39.516296 78.824471
v 45.671211 36.602379 112.260201
v 45.671211 37.360592 114.163162
v -10.362251 38.743214 81.351845
v -5.248027 38.743214 79.671883
v 45.671211 36.602379 108.454262
v -12.919363 39.501431 82.184395
v 2.482778 40.274513 55.855064
v -10.362251 38.743214 81.351845
v -12.919363 39.501431 82.184395
v 30.908350 20.337959 22.820742
v 45.492809 25.883327 11.596209
v 45.150871 24.812906 13.439708
v 42.727562 23.430283 26.671276
v -5.248027 38.743214 79.671883
v 7.924075 40.958393 58.605446
v -2.690915 39.516296 78.824471
v 6.229244 40.229912 57.743164
v 7.686203 40.884056 45.879353
v 2.512511 41.255730 51.603123
v 5.946773 41.657139 44.808933
v 0.802814 41.062462 55.007648
v 11.165066 40.884056 48.020191
v 12.904496 41.642269 49.090611
v 9.693239 41.211128 55.230656
v 7.983542 40.452915 54.368370
v 4.251942 40.482651 52.480270
v 73.680511 45.165733 52.316734
v 72.045151 45.923946 53.268219
v 45.671211 43.024895 36.141514
v 65.444229 63.838600 57.074154
v 67.094460 62.292439 56.122669
v 65.444229 63.838596 79.909767
v 70.394920 62.292439 54.219704
v 72.045151 63.065514 83.715698
v 72.045151 63.065517 53.268219
v 30.908350 20.337959 22.820742
v 5.946773 15.223734 44.808929
v -15.104802 15.223735 34.179073
v 36.988926 20.352827 31.785501
v 45.671211 43.024895 32.335579
v 45.671211 43.783108 38.044479
v 45.671211 43.783108 30.432611
v 76.980972 45.165733 50.413769
v 78.631203 45.923946 49.462284
v 73.680511 47.306568 84.667175
v 72.045151 48.064781 83.715691
v 73.680511 45.165733 52.316734
v 76.980972 47.306568 86.570145
v 76.980972 45.165733 50.413769
v 78.631203 48.064781 87.521622
v 45.671211 54.502163 106.551308
v 45.671211 53.729084 104.648338
v 72.045151 45.923946 53.268219
v 78.631203 45.923946 49.462284
v 78.631203 48.064781 87.521622
v 76.980972 47.306568 86.570145
v 73.680511 47.306568 84.667175
v 45.671211 53.729084 100.842400
v 17.661915 58.010761 52.316734
v 19.297277 58.783844 53.268219
v 17.661915 55.869919 84.667183
v 45.671211 54.502163 98.939438
v 72.045151 48.064781 83.715691
v 45.671211 53.729084 104.648338
v 45.671211 54.502163 106.551308
v 14.361456 55.869919 86.570152
v 17.661915 55.869919 84.667183
v 45.671211 53.729084 100.842400
v 12.651758 56.761936 87.625702
v 19.297277 56.643002 83.715698
v 45.671211 54.502163 98.939438
v 45.671211 60.151600 39.947449
v 45.671211 60.151600 43.753384
v 14.361456 58.010761 50.413769
v 14.361456 58.010761 50.413769
v 14.361456 55.869919 86.570152
v 19.297277 56.643002 83.715698
v 12.651758 56.761936 87.625702
v 12.904496 58.783844 49.090611
v 19.297277 58.783844 53.268219
v 17.661915 58.010761 52.316734
v 45.671211 60.909813 45.656349
v 91.149155 30.164995 95.847107
v 93.141327 30.923210 97.036461
v 45.671211 36.602379 112.260201
v 12.904496 58.783844 49.090611
v 45.671211 60.909813 38.044479
v 67.094460 62.292439 56.122669
v 65.444229 63.823734 57.074154
v 45.671211 60.151600 43.753384
v 45.671211 60.151600 39.947449
v 70.394920 62.292439 54.219704
v 45.671211 60.909813 45.656349
v 45.671211 60.909813 38.044479
v 72.045151 63.065517 53.268219
v 80.281433 28.024162 48.510799
v 80.281433 30.164995 88.473106
v 78.631203 30.923212 87.521622
v 45.671211 37.360592 114.163162
v 80.281433 30.164995 88.473106
v 45.671211 36.602379 108.454262
v 45.671211 37.360592 106.551300
v 78.631203 30.923212 87.521622
v 93.141327 30.923210 97.036461
v 91.149155 30.164995 95.847107
v 92.948051 28.782375 40.140720
v 91.149155 28.024162 41.136803
v 78.631203 28.782375 49.462284
v 80.281433 28.024162 48.510799
v 78.631203 28.782375 49.462284
v 42.385620 23.980358 28.529644
v 42.727562 23.430283 26.671276
v 92.948051 28.782375 40.140720
v 30.908350 20.337959 22.820742
v 36.988926 20.352827 31.785501
v 5.946773 15.223734 44.808929
v 38.059345 43.292500 40.675926
v 12.904496 41.642269 49.090611
v 11.165066 40.884056 48.020191
v 38.059345 42.549152 38.847294
v 7.686203 40.884056 45.879353
v 38.059345 42.578888 35.190029
v 5.946773 41.657139 44.808933
v 38.059345 43.366837 33.361397
vn -0.3185 0.8442 0.4311
vn -0.1678 0.9158 0.3649
vn -0.1615 0.9215 0.3533
vn 0.2331 0.9034 -0.3599
vn 0.0142 0.9990 0.0434
vn 0.0420 0.9991 -0.0000
vn 0.1877 0.9412 -0.2808
vn 0.3443 0.9107 0.2282
vn 0.0667 0.8574 0.5102
vn -0.2684 0.9619 0.0514
vn -0.3181 0.9428 -0.0998
vn -0.3419 0.9326 -0.1157
vn 0.0268 0.9963 0.0816
vn -0.0146 0.9985 0.0526
vn 0.2911 0.9351 0.2024
vn 0.3231 0.9214 0.2161
vn -0.3386 0.9343 -0.1115
vn -0.3540 0.9282 -0.1144
vn -0.0210 0.9981 0.0573
vn -0.0283 0.9985 0.0460
vn 0.3042 0.9281 0.2147
vn 0.1720 0.8930 -0.4160
vn 0.6837 0.7297 -0.0000
vn 0.1353 0.9902 -0.0335
vn -0.0389 0.9970 -0.0675
vn -0.4242 0.9056 -0.0000
vn -0.0736 0.9866 0.1459
vn -0.3107 0.9272 0.2092
vn -0.0762 0.9971 -0.0000
vn 0.1369 0.9202 -0.3667
vn -0.2672 0.8952 0.3567
vn -0.0341 0.9977 -0.0591
vn -0.2409 0.9184 0.3140
vn 0.4480 0.8921 -0.0590
vn 0.0341 0.9977 -0.0591
vn -0.0380 0.9971 -0.0660
vn -0.0363 0.9259 -0.3761
vn 0.3886 0.9192 -0.0646
vn -0.4420 0.8955 -0.0530
vn -0.3922 0.9184 -0.0517
vn -0.1097 0.8613 -0.4961
vn 0.1117 0.9747 -0.1937
vn 0.2009 0.9796 -0.0000
vn -0.4544 0.8889 0.0588
vn 0.3949 0.8512 0.3458
vn 0.3280 0.9282 0.1758
vn 0.2702 0.8920 -0.3624
vn 0.0341 0.9977 0.0591
vn 0.0762 0.9971 -0.0000
vn 0.2588 0.9027 -0.3437
vn -0.1754 0.8897 0.4215
vn -0.1406 0.9173 0.3726
vn -0.0682 0.9977 -0.0000
vn -0.0341 0.9977 0.0591
vn -0.3956 0.9162 0.0644
vn 0.0380 0.9971 0.0660
vn 0.4868 0.8720 0.0516
vn 0.4323 0.9004 0.0501
vn -0.1909 0.8963 -0.4002
vn -0.1788 0.9140 -0.3642
vn -0.0497 0.9950 0.0862
vn -0.0484 0.8770 -0.4780
vn 0.0833 0.8977 0.4328
vn 0.0644 0.9270 0.3694
vn 0.2956 0.7134 -0.6354
vn -0.0994 0.9950 -0.0000
vn -0.0431 0.9963 -0.0748
vn 0.0766 0.9262 -0.3691
vn -0.2822 0.8912 0.3551
vn -0.2525 0.9174 0.3075
vn 0.4398 0.8968 -0.0480
vn -0.0076 0.9289 -0.3701
vn 0.3605 0.8665 0.3453
vn 0.3041 0.9286 0.2126
vn -0.3376 0.9407 -0.0342
vn -0.4049 0.9137 -0.0358
vn 0.3922 0.9184 -0.0517
vn 0.1442 0.8805 -0.4516
vn 0.0432 0.9601 -0.2762
vn -0.2310 0.9288 0.2898
vn -0.1276 0.9882 0.0849
vn -0.1796 0.9166 -0.3573
vn -0.1827 0.9108 -0.3702
vn -0.0397 0.9971 0.0645
vn -0.0529 0.9986 0.0081
vn 0.0918 0.9145 0.3941
vn 0.1114 0.8827 0.4565
vt 0.722660 6.880860
vt 0.718750 -0.171880
vt 0.966800 -0.250000
vt 0.000000 0.033200
vt 0.183590 -0.091800
vt 0.228520 7.582030
vt 0.000000 7.349610
vt 0.751950 0.150390
vt 0.966800 0.033200
vt 0.712890 8.546880
vt 0.199220 8.062500
vt 0.314450 0.388670
vt 0.966800 8.791020
vt 0.732420 3.021480
vt 0.705080 -0.724610
vt 0.958980 -0.970700
vt 0.966800 0.046880
vt 0.966800 1.529300
vt 0.871090 1.404300
vt 0.173830 0.634770
vt 0.210940 -0.220700
vt -0.044920 3.035160
vt 0.199220 3.027340
vt 0.724610 3.205080
vt 0.992190 2.232420
vt 0.994140 3.230470
vt 0.998050 3.025390
vt 0.189450 3.160160
vt -0.072270 3.144530
vt -0.058590 2.232420
vt 0.199220 2.228520
vt 0.724610 2.226560
vt 0.226560 5.171880
vt 0.000000 5.023440
vt 0.226560 0.117190
vt 0.222660 -0.111330
vt 0.000000 3.556640
vt 0.730470 -0.404300
vt 0.986330 4.142580
vt 0.986330 -0.552730
vt 0.966800 2.660160
vt -0.046880 0.701170
vt 0.966800 -0.464840
vt -0.013670 -0.005860
vt 0.740230 -0.177730
vt 0.000000 0.265620
vt 0.996090 -0.326170
vt 0.740230 5.468750
vt 0.998050 5.617190
vt 0.195310 5.533200
vt -0.060550 5.384770
vt 0.195310 0.478520
vt 0.708980 5.830080
vt 0.708980 0.181640
vt 0.966800 6.011720
vt 0.708980 5.863280
vt -0.058590 0.626950
vt 0.966800 5.978520
vt 0.710940 0.181640
vt 0.199220 0.476560
vt 0.193360 5.568360
vt 0.226560 4.939450
vt 0.000000 4.791020
vt 0.226560 -0.113280
vt -0.062500 5.421880
vt -0.054690 0.623050
vt 0.740230 -0.410160
vt 0.996090 -0.558590
vt 0.740230 5.236330
vt 0.998050 5.384770
vt 0.685550 5.384770
vt 0.125000 5.191410
vt 0.742190 0.226560
vt 0.068360 0.810550
vt 0.292970 0.615230
vt -0.154300 5.093750
vt 0.710940 -0.814450
vt 0.966800 -0.962890
vt 0.708980 6.046880
vt 0.966800 5.482420
vt 0.226560 4.173830
vt 0.000000 4.025390
vt 0.226560 0.306640
vt 0.740230 0.011720
vt 0.740230 4.470700
vt 0.000000 0.453120
vt 0.998050 -0.136720
vt 0.998050 4.619140
vt 0.216800 -0.107420
vt 0.216800 5.912110
vt 0.000000 5.769530
vt 0.966800 6.195310
vt 0.199220 -0.519530
vt 0.193360 5.751950
vt -0.062500 5.603520
vt -0.056640 -0.371090
vt 0.962890 6.341800
vt 0.712890 6.199220
vt 0.962890 -0.539060
vt 0.712890 -0.394530
vt 0.808590 -0.078120
vt 0.968750 5.556640
vt 0.808590 5.648440
vt 0.966800 7.019530
vt 1.003910 2.589840
vt 0.031250 2.843750
vt -0.056640 4.158200
vt 0.017580 0.201170
vt 0.250000 0.005860
vt 0.193360 4.244140
vt 0.724610 -0.375000
vt 0.705080 4.427730
vt 0.966800 -0.560550
vt 0.966800 4.523440
s 0
usemtl mat1
f 2355/1496/951 2357/1498/951 2356/1497/951
f 2358/1499/952 2360/1501/952 2359/1500/952
f 2361/1502/953 2360/1501/953 2358/1499/953
f 2362/1503/954 2364/1505/954 2363/1504/954
f 2362/1503/955 2365/1506/955 2364/1505/955
f 2366/1507/956 2365/1506/956 2362/1503/956
f 2363/1504/957 2364/1505/957 2367/1508/957
f 2368/1509/958 2370/1511/958 2369/1510/958
f 2371/1512/959 2373/1514/959 2372/1513/959
f 2371/1512/960 2374/1515/960 2373/1514/960
f 2375/1516/961 2377/1499/961 2376/1517/961
f 2375/1516/962 2376/1517/962 2378/1518/962
f 2378/1518/963 2369/1510/963 2375/1516/963
f 2378/1518/964 2368/1509/964 2369/1510/964
f 2379/1519/965 2381/1521/965 2380/1520/965
f 2368/1509/966 2382/1522/966 2370/1511/966
f 2383/1523/967 2385/1525/967 2384/1524/967
f 2386/1526/968 2385/1525/968 2383/1523/968
f 2383/1523/969 2387/1527/969 2386/1526/969
f 2383/1523/970 2379/1519/970 2387/1527/970
f 2379/1519/971 2380/1520/971 2387/1527/971
f 2388/1528/972 2390/1530/972 2389/1529/972
f 2391/1499/973 2393/1532/973 2392/1531/973
f 2393/1532/974 2395/1534/974 2394/1533/974
f 2393/1532/975 2394/1533/975 2392/1531/975
f 2396/1535/976 2394/1533/976 2395/1534/976
f 2397/1536/977 2399/1538/977 2398/1537/977
f 2371/1512/978 2400/1539/978 2374/1515/978
f 2388/1528/979 2401/1540/979 2390/1530/979
f 2389/1529/980 2390/1530/980 2402/1541/980
f 2403/1542/981 2401/1540/981 2404/1543/981
f 2404/1543/982 2401/1540/982 2388/1528/982
f 2403/1542/983 2404/1543/983 2405/1544/983
f 2406/1545/984 2408/1547/984 2407/1546/984
f 2409/1548/985 2410/1549/985 2406/1545/985
f 2406/1545/986 2410/1549/986 2408/1547/986
f 2411/1504/987 2413/1551/987 2412/1550/987
f 2407/1546/988 2408/1547/988 2414/1552/988
f 2415/1504/989 2410/1549/989 2409/1548/989
f 2415/1504/990 2409/1548/990 2416/1553/990
f 2417/1554/991 2413/1551/991 2411/1504/991
f 2418/1555/992 2419/1556/992 2417/1554/992
f 2417/1554/993 2419/1556/993 2413/1551/993
f 2420/1557/994 2422/1559/994 2421/1558/994
f 2418/1555/995 2423/1560/995 2419/1556/995
f 2424/1561/996 2423/1560/996 2418/1555/996
f 2425/1562/997 2427/1564/997 2426/1563/997
f 2425/1562/998 2428/1557/998 2427/1564/998
f 2429/1559/999 2428/1557/999 2425/1562/999
f 2426/1563/1000 2427/1564/1000 2430/1565/1000
f 2431/1558/1001 2428/1557/1001 2429/1559/1001
f 2431/1558/1002 2429/1559/1002 2432/1499/1002
f 2433/1566/1003 2435/1568/1003 2434/1567/1003
f 2436/1564/1004 2437/1562/1004 2420/1557/1004
f 2421/1558/1005 2422/1559/1005 2438/1499/1005
f 2420/1557/1006 2437/1562/1006 2422/1559/1006
f 2436/1564/1007 2439/1563/1007 2437/1562/1007
f 2440/1565/1008 2439/1563/1008 2436/1564/1008
f 2434/1567/1009 2442/1570/1009 2441/1569/1009
f 2434/1567/1010 2441/1569/1010 2443/1571/1010
f 2434/1567/1011 2435/1568/1011 2442/1570/1011
f 2444/1572/1012 2446/1574/1012 2445/1573/1012
f 2447/1504/1013 2435/1568/1013 2433/1566/1013
f 2447/1504/1014 2433/1566/1014 2448/1575/1014
f 2449/1576/1015 2451/1578/1015 2450/1577/1015
f 2449/1576/1016 2452/1579/1016 2451/1578/1016
f 2453/1580/1017 2452/1579/1017 2449/1576/1017
f 2450/1577/1018 2451/1578/1018 2454/1581/1018
f 2455/1582/1019 2452/1579/1019 2453/1580/1019
f 2455/1582/1020 2453/1580/1020 2456/1583/1020
f 2457/1584/1021 2459/1586/1021 2458/1585/1021
f 2445/1573/1022 2446/1574/1022 2460/1587/1022
f 2461/1588/1023 2463/1590/1023 2462/1589/1023
f 2464/1591/1024 2463/1590/1024 2461/1588/1024
f 2465/1592/1025 2467/1594/1025 2466/1593/1025
f 2466/1593/1026 2467/1594/1026 2468/1595/1026
f 2469/1499/1027 2459/1586/1027 2457/1584/1027
f 2470/1596/1028 2472/1597/1028 2471/1504/1028
f 2470/1596/1029 2473/1598/1029 2472/1597/1029
f 2355/1496/1030 2474/1599/1030 2357/1498/1030
f 2475/1600/1031 2477/1499/1031 2476/1601/1031
f 2478/1602/1032 2480/1604/1032 2479/1603/1032
f 2478/1602/1033 2481/1605/1033 2480/1604/1033
f 2481/1605/1034 2482/1606/1034 2480/1604/1034
f 2481/1605/1035 2483/1607/1035 2482/1606/1035
f 2484/1608/1036 2483/1607/1036 2485/1609/1036
f 2484/1608/1037 2482/1606/1037 2483/1607/1037
o obj35
v 91.149155 28.024162 41.136803
v 45.150871 24.812906 13.439708
v 45.492809 25.883327 11.596209
v 45.671211 37.360592 106.551300
v 45.671211 36.602379 108.454262
v -5.248027 38.743214 79.671883
v -2.690915 39.516296 78.824471
v 45.671211 36.602379 112.260201
v 45.671211 37.360592 114.163162
v -10.362251 38.743214 81.351845
v -5.248027 38.743214 79.671883
v 45.671211 36.602379 108.454262
v -12.919363 39.501431 82.184395
v 2.482778 40.274513 55.855064
v -10.362251 38.743214 81.351845
v -12.919363 39.501431 82.184395
v 30.908350 20.337959 22.820742
v 45.492809 25.883327 11.596209
v 45.150871 24.812906 13.439708
v 42.727562 23.430283 26.671276
v -5.248027 38.743214 79.671883
v 7.924075 40.958393 58.605446
v -2.690915 39.516296 78.824471
v 6.229244 40.229912 57.743164
v 7.686203 40.884056 45.879353
v 2.512511 41.255730 51.603123
v 5.946773 41.657139 44.808933
v 0.802814 41.062462 55.007648
v 11.165066 40.884056 48.020191
v 12.904496 41.642269 49.090611
v 9.693239 41.211128 55.230656
v 7.983542 40.452915 54.368370
v 4.251942 40.482651 52.480270
v 73.680511 45.165733 52.316734
v 72.045151 45.923946 53.268219
v 45.671211 43.024895 36.141514
v 65.444229 63.838600 57.074154
v 67.094460 62.292439 56.122669
v 65.444229 63.838596 79.909767
v 70.394920 62.292439 54.219704
v 72.045151 63.065514 83.715698
v 72.045151 63.065517 53.268219
v 30.908350 20.337959 22.820742
v 5.946773 15.223734 44.808929
v -15.104802 15.223735 34.179073
v 36.988926 20.352827 31.785501
v 45.671211 43.024895 32.335579
v 45.671211 43.783108 38.044479
v 45.671211 43.783108 30.432611
v 76.980972 45.165733 50.413769
v 78.631203 45.923946 49.462284
v 73.680511 47.306568 84.667175
v 72.045151 48.064781 83.715691
v 73.680511 45.165733 52.316734
v 76.980972 47.306568 86.570145
v 76.980972 45.165733 50.413769
v 78.631203 48.064781 87.521622
v 45.671211 54.502163 106.551308
v 45.671211 53.729084 104.648338
v 72.045151 45.923946 53.268219
v 78.631203 45.923946 49.462284
v 78.631203 48.064781 87.521622
v 76.980972 47.306568 86.570145
v 73.680511 47.306568 84.667175
v 45.671211 53.729084 100.842400
v 17.661915 58.010761 52.316734
v 19.297277 58.783844 53.268219
v 17.661915 55.869919 84.667183
v 45.671211 54.502163 98.939438
v 72.045151 48.064781 83.715691
v 45.671211 53.729084 104.648338
v 45.671211 54.502163 106.551308
v 14.361456 55.869919 86.570152
v 17.661915 55.869919 84.667183
v 45.671211 53.729084 100.842400
v 12.651758 56.761936 87.625702
v 19.297277 56.643002 83.715698
v 45.671211 54.502163 98.939438
v 45.671211 60.151600 39.947449
v 45.671211 60.151600 43.753384
v 14.361456 58.010761 50.413769
v 14.361456 58.010761 50.413769
v 14.361456 55.869919 86.570152
v 19.297277 56.643002 83.715698
v 12.651758 56.761936 87.625702
v 12.904496 58.783844 49.090611
v 19.297277 58.783844 53.268219
v 17.661915 58.010761 52.316734
v 45.671211 60.909813 45.656349
v 91.149155 30.164995 95.847107
v 93.141327 30.923210 97.036461
v 45.671211 36.602379 112.260201
v 12.904496 58.783844 49.090611
v 45.671211 60.909813 38.044479
v 67.094460 62.292439 56.122669
v 65.444229 63.823734 57.074154
v 45.671211 60.151600 43.753384
v 45.671211 60.151600 39.947449
v 70.394920 62.292439 54.219704
v 45.671211 60.909813 45.656349
v 45.671211 60.909813 38.044479
v 72.045151 63.065517 53.268219
v 80.281433 28.024162 48.510799
v 80.281433 30.164995 88.473106
v 78.631203 30.923212 87.521622
v 45.671211 37.360592 114.163162
v 80.281433 30.164995 88.473106
v 45.671211 36.602379 108.454262
v 45.671211 37.360592 106.551300
v 78.631203 30.923212 87.521622
v 93.141327 30.923210 97.036461
v 91.149155 30.164995 95.847107
v 92.948051 28.782375 40.140720
v 91.149155 28.024162 41.136803
v 78.631203 28.782375 49.462284
v 80.281433 28.024162 48.510799
v 78.631203 28.782375 49.462284
v 42.385620 23.980358 28.529644
v 42.727562 23.430283 26.671276
v 92.948051 28.782375 40.140720
v 30.908350 20.337959 22.820742
v 36.988926 20.352827 31.785501
v 5.946773 15.223734 44.808929
v 38.059345 43.292500 40.675926
v 12.904496 41.642269 49.090611
v 11.165066 40.884056 48.020191
v 38.059345 42.549152 38.847294
v 7.686203 40.884056 45.879353
v 38.059345 42.578888 35.190029
v 5.946773 41.657139 44.808933
v 38.059345 43.366837 33.361397
vn -0.3185 0.8442 0.4311
vn -0.1678 0.9158 0.3649
vn -0.1615 0.9215 0.3533
vn 0.2331 0.9034 -0.3599
vn 0.0142 0.9990 0.0434
vn 0.0420 0.9991 -0.0000
vn 0.1877 0.9412 -0.2808
vn 0.3443 0.9107 0.2282
vn 0.0667 0.8574 0.5102
vn -0.2684 0.9619 0.0514
vn -0.3181 0.9428 -0.0998
vn -0.3419 0.9326 -0.1157
vn 0.0268 0.9963 0.0816
vn -0.0146 0.9985 0.0526
vn 0.2911 0.9351 0.2024
vn 0.3231 0.9214 0.2161
vn -0.3386 0.9343 -0.1115
vn -0.3540 0.9282 -0.1144
vn -0.0210 0.9981 0.0573
vn -0.0283 0.9985 0.0460
vn 0.3042 0.9281 0.2147
vn 0.1720 0.8930 -0.4160
vn 0.6837 0.7297 -0.0000
vn 0.1353 0.9902 -0.0335
vn -0.0389 0.9970 -0.0675
vn -0.4242 0.9056 -0.0000
vn -0.0736 0.9866 0.1459
vn -0.3107 0.9272 0.2092
vn -0.0762 0.9971 -0.0000
vn 0.1369 0.9202 -0.3667
vn -0.2672 0.8952 0.3567
vn -0.0341 0.9977 -0.0591
vn -0.2409 0.9184 0.3140
vn 0.4480 0.8921 -0.0590
vn 0.0341 0.9977 -0.0591
vn -0.0380 0.9971 -0.0660
vn -0.0363 0.9259 -0.3761
vn 0.3886 0.9192 -0.0646
vn -0.4420 0.8955 -0.0530
vn -0.3922 0.9184 -0.0517
vn -0.1097 0.8613 -0.4961
vn 0.1117 0.9747 -0.1937
vn 0.2009 0.9796 -0.0000
vn -0.4544 0.8889 0.0588
vn 0.3949 0.8512 0.3458
vn 0.3280 0.9282 0.1758
vn 0.2702 0.8920 -0.3624
vn 0.0341 0.9977 0.0591
vn 0.0762 0.9971 -0.0000
vn 0.2588 0.9027 -0.3437
vn -0.1754 0.8897 0.4215
vn -0.1406 0.9173 0.3726
vn -0.0682 0.9977 -0.0000
vn -0.0341 0.9977 0.0591
vn -0.3956 0.9162 0.0644
vn 0.0380 0.9971 0.0660
vn 0.4868 0.8720 0.0516
vn 0.4323 0.9004 0.0501
vn -0.1909 0.8963 -0.4002
vn -0.1788 0.9140 -0.3642
vn -0.0497 0.9950 0.0862
vn -0.0484 0.8770 -0.4780
vn 0.0833 0.8977 0.4328
vn 0.0644 0.9270 0.3694
vn 0.2956 0.7134 -0.6354
vn -0.0994 0.9950 -0.0000
vn -0.0431 0.9963 -0.0748
vn 0.0766 0.9262 -0.3691
vn -0.2822 0.8912 0.3551
vn -0.2525 0.9174 0.3075
vn 0.4398 0.8968 -0.0480
vn -0.0076 0.9289 -0.3701
vn 0.3605 0.8665 0.3453
vn 0.3041 0.9286 0.2126
vn -0.3376 0.9407 -0.0342
vn -0.4049 0.9137 -0.0358
vn 0.3922 0.9184 -0.0517
vn 0.1442 0.8805 -0.4516
vn 0.0432 0.9601 -0.2762
vn -0.2310 0.9288 0.2898
vn -0.1276 0.9882 0.0849
vn -0.1796 0.9166 -0.3573
vn -0.1827 0.9108 -0.3702
vn -0.0397 0.9971 0.0645
vn -0.0529 0.9986 0.0081
vn 0.0918 0.9145 0.3941
vn 0.1114 0.8827 0.4565
vt 0.722660 6.880860
vt 0.718750 -0.171880
vt 0.966800 -0.250000
vt 0.000000 0.033200
vt 0.183590 -0.091800
vt 0.228520 7.582030
vt 0.000000 7.349610
vt 0.751950 0.150390
vt 0.966800 0.033200
vt 0.712890 8.546880
vt 0.199220 8.062500
vt 0.314450 0.388670
vt 0.966800 8.791020
vt 0.732420 3.021480
vt 0.705080 -0.724610
vt 0.958980 -0.970700
vt 0.966800 0.046880
vt 0.966800 1.529300
vt 0.871090 1.404300
vt 0.173830 0.634770
vt 0.210940 -0.220700
vt -0.044920 3.035160
vt 0.199220 3.027340
vt 0.724610 3.205080
vt 0.992190 2.232420
vt 0.994140 3.230470
vt 0.998050 3.025390
vt 0.189450 3.160160
vt -0.072270 3.144530
vt -0.058590 2.232420
vt 0.199220 2.228520
vt 0.724610 2.226560
vt 0.226560 5.171880
vt 0.000000 5.023440
vt 0.226560 0.117190
vt 0.222660 -0.111330
vt 0.000000 3.556640
vt 0.730470 -0.404300
vt 0.986330 4.142580
vt 0.986330 -0.552730
vt 0.966800 2.660160
vt -0.046880 0.701170
vt 0.966800 -0.464840
vt -0.013670 -0.005860
vt 0.740230 -0.177730
vt 0.000000 0.265620
vt 0.996090 -0.326170
vt 0.740230 5.468750
vt 0.998050 5.617190
vt 0.195310 5.533200
vt -0.060550 5.384770
vt 0.195310 0.478520
vt 0.708980 5.830080
vt 0.708980 0.181640
vt 0.966800 6.011720
vt 0.708980 5.863280
vt -0.058590 0.626950
vt 0.966800 5.978520
vt 0.710940 0.181640
vt 0.199220 0.476560
vt 0.193360 5.568360
vt 0.226560 4.939450
vt 0.000000 4.791020
vt 0.226560 -0.113280
vt -0.062500 5.421880
vt -0.054690 0.623050
vt 0.740230 -0.410160
vt 0.996090 -0.558590
vt 0.740230 5.236330
vt 0.998050 5.384770
vt 0.685550 5.384770
vt 0.125000 5.191410
vt 0.742190 0.226560
vt 0.068360 0.810550
vt 0.292970 0.615230
vt -0.154300 5.093750
vt 0.710940 -0.814450
vt 0.966800 -0.962890
vt 0.708980 6.046880
vt 0.966800 5.482420
vt 0.226560 4.173830
vt 0.000000 4.025390
vt 0.226560 0.306640
vt 0.740230 0.011720
vt 0.740230 4.470700
vt 0.000000 0.453120
vt 0.998050 -0.136720
vt 0.998050 4.619140
vt 0.216800 -0.107420
vt 0.216800 5.912110
vt 0.000000 5.769530
vt 0.966800 6.195310
vt 0.199220 -0.519530
vt 0.193360 5.751950
vt -0.062500 5.603520
vt -0.056640 -0.371090
vt 0.962890 6.341800
vt 0.712890 6.199220
vt 0.962890 -0.539060
vt 0.712890 -0.394530
vt 0.808590 -0.078120
vt 0.968750 5.556640
vt 0.808590 5.648440
vt 0.966800 7.019530
vt 1.003910 2.589840
vt 0.031250 2.843750
vt -0.056640 4.158200
vt 0.017580 0.201170
vt 0.250000 0.005860
vt 0.193360 4.244140
vt 0.724610 -0.375000
vt 0.705080 4.427730
vt 0.966800 -0.560550
vt 0.966800 4.523440
s 0
usemtl mat1
f 2486/1610/1038 2488/1612/1038 2487/1611/1038
f 2489/1613/1039 2491/1615/1039 2490/1614/1039
f 2492/1616/1040 2491/1615/1040 2489/1613/1040
f 2493/1617/1041 2495/1619/1041 2494/1618/1041
f 2493/1617/1042 2496/1620/1042 2495/1619/1042
f 2497/1621/1043 2496/1620/1043 2493/1617/1043
f 2494/1618/1044 2495/1619/1044 2498/1622/1044
f 2499/1623/1045 2501/1625/1045 2500/1624/1045
f 2502/1626/1046 2504/1628/1046 2503/1627/1046
f 2502/1626/1047 2505/1629/1047 2504/1628/1047
f 2506/1630/1048 2508/1613/1048 2507/1631/1048
f 2506/1630/1049 2507/1631/1049 2509/1632/1049
f 2509/1632/1050 2500/1624/1050 2506/1630/1050
f 2509/1632/1051 2499/1623/1051 2500/1624/1051
f 2510/1633/1052 2512/1635/1052 2511/1634/1052
f 2499/1623/1053 2513/1636/1053 2501/1625/1053
f 2514/1637/1054 2516/1639/1054 2515/1638/1054
f 2517/1640/1055 2516/1639/1055 2514/1637/1055
f 2514/1637/1056 2518/1641/1056 2517/1640/1056
f 2514/1637/1057 2510/1633/1057 2518/1641/1057
f 2510/1633/1058 2511/1634/1058 2518/1641/1058
f 2519/1642/1059 2521/1644/1059 2520/1643/1059
f 2522/1613/1060 2524/1646/1060 2523/1645/1060
f 2524/1646/1061 2526/1648/1061 2525/1647/1061
f 2524/1646/1062 2525/1647/1062 2523/1645/1062
f 2527/1649/1063 2525/1647/1063 2526/1648/1063
f 2528/1650/1064 2530/1652/1064 2529/1651/1064
f 2502/1626/1065 2531/1653/1065 2505/1629/1065
f 2519/1642/1066 2532/1654/1066 2521/1644/1066
f 2520/1643/1067 2521/1644/1067 2533/1655/1067
f 2534/1656/1068 2532/1654/1068 2535/1657/1068
f 2535/1657/1069 2532/1654/1069 2519/1642/1069
f 2534/1656/1070 2535/1657/1070 2536/1658/1070
f 2537/1659/1071 2539/1661/1071 2538/1660/1071
f 2540/1662/1072 2541/1663/1072 2537/1659/1072
f 2537/1659/1073 2541/1663/1073 2539/1661/1073
f 2542/1618/1074 2544/1665/1074 2543/1664/1074
f 2538/1660/1075 2539/1661/1075 2545/1666/1075
f 2546/1618/1076 2541/1663/1076 2540/1662/1076
f 2546/1618/1077 2540/1662/1077 2547/1667/1077
f 2548/1668/1078 2544/1665/1078 2542/1618/1078
f 2549/1669/1079 2550/1670/1079 2548/1668/1079
f 2548/1668/1080 2550/1670/1080 2544/1665/1080
f 2551/1671/1081 2553/1673/1081 2552/1672/1081
f 2549/1669/1082 2554/1674/1082 2550/1670/1082
f 2555/1675/1083 2554/1674/1083 2549/1669/1083
f 2556/1676/1084 2558/1678/1084 2557/1677/1084
f 2556/1676/1085 2559/1671/1085 2558/1678/1085
f 2560/1673/1086 2559/1671/1086 2556/1676/1086
f 2557/1677/1087 2558/1678/1087 2561/1679/1087
f 2562/1672/1088 2559/1671/1088 2560/1673/1088
f 2562/1672/1089 2560/1673/1089 2563/1613/1089
f 2564/1680/1090 2566/1682/1090 2565/1681/1090
f 2567/1678/1091 2568/1676/1091 2551/1671/1091
f 2552/1672/1092 2553/1673/1092 2569/1613/1092
f 2551/1671/1093 2568/1676/1093 2553/1673/1093
f 2567/1678/1094 2570/1677/1094 2568/1676/1094
f 2571/1679/1095 2570/1677/1095 2567/1678/1095
f 2565/1681/1096 2573/1684/1096 2572/1683/1096
f 2565/1681/1097 2572/1683/1097 2574/1685/1097
f 2565/1681/1098 2566/1682/1098 2573/1684/1098
f 2575/1686/1099 2577/1688/1099 2576/1687/1099
f 2578/1618/1100 2566/1682/1100 2564/1680/1100
f 2578/1618/1101 2564/1680/1101 2579/1689/1101
f 2580/1690/1102 2582/1692/1102 2581/1691/1102
f 2580/1690/1103 2583/1693/1103 2582/1692/1103
f 2584/1694/1104 2583/1693/1104 2580/1690/1104
f 2581/1691/1105 2582/1692/1105 2585/1695/1105
f 2586/1696/1106 2583/1693/1106 2584/1694/1106
f 2586/1696/1107 2584/1694/1107 2587/1697/1107
f 2588/1698/1108 2590/1700/1108 2589/1699/1108
f 2576/1687/1109 2577/1688/1109 2591/1701/1109
f 2592/1702/1110 2594/1704/1110 2593/1703/1110
f 2595/1705/1111 2594/1704/1111 2592/1702/1111
f 2596/1706/1112 2598/1708/1112 2597/1707/1112
f 2597/1707/1113 2598/1708/1113 2599/1709/1113
f 2600/1613/1114 2590/1700/1114 2588/1698/1114
f 2601/1710/1115 2603/1711/1115 2602/1618/1115
f 2601/1710/1116 2604/1712/1116 2603/1711/1116
f 2486/1610/1117 2605/1713/1117 2488/1612/1117
f 2606/1714/1118 2608/1613/1118 2607/1715/1118
f 2609/1716/1119 2611/1718/1119 2610/1717/1119
f 2609/1716/1120 2612/1719/1120 2611/1718/1120
f 2612/1719/1121 2613/1720/1121 2611/1718/1121
f 2612/1719/1122 2614/1721/1122 2613/1720/1122
f 2615/1722/1123 2614/1721/1123 2616/1723/1123
f 2615/1722/1124 2613/1720/1124 2614/1721/1124
o obj36
v 26.492872 9.901381 -69.265030
v 26.492872 11.417808 -67.748604
v 26.492872 9.901381 -67.748604
v 26.492872 11.417808 -69.265030
v 26.492872 2.661186 -67.748604
v 26.492872 4.192480 -69.265030
v 26.492872 4.192480 -67.748604
v 26.492872 2.661186 -69.265030
vn -1.0000 -0.0000 -0.0000
vt 0.966800 0.033200
vt 0.000000 1.000000
vt 0.000000 0.033200
vt 0.966800 1.000000
vt 0.000000 -8.947270
vt 0.966800 -7.949220
vt 0.000000 -7.949220
vt 0.966800 -8.947270
s 0
usemtl mat16
f 2617/1724/1125 2619/1726/1125 2618/1725/1125
f 2617/1724/1125 2618/1725/1125 2620/1727/1125
f 2621/1728/1125 2623/1730/1125 2622/1729/1125
f 2621/1728/1125 2622/1729/1125 2624/1731/1125
o obj37
v 26.492872 9.901381 -69.265030
v 26.492872 11.417808 -67.748604
v 26.492872 9.901381 -67.748604
v 26.492872 11.417808 -69.265030
v 26.492872 2.661186 -67.748604
v 26.492872 4.192480 -69.265030
v 26.492872 4.192480 -67.748604
v 26.492872 2.661186 -69.265030
vn -1.0000 -0.0000 -0.0000
vt 0.966800 0.033200
vt 0.000000 1.000000
vt 0.000000 0.033200
vt 0.966800 1.000000
vt 0.000000 -8.947270
vt 0.966800 -7.949220
vt 0.000000 -7.949220
vt 0.966800 -8.947270
s 0
usemtl mat16
f 2625/1732/1126 2627/1734/1126 2626/1733/1126
f 2625/1732/1126 2626/1733/1126 2628/1735/1126
f 2629/1736/1126 2631/1738/1126 2630/1737/1126
f 2629/1736/1126 2630/1737/1126 2632/1739/1126
o obj38
v 80.281433 30.164995 88.473106
v 91.149155 30.164995 95.847107
v 45.671211 36.602379 108.454262
v 45.671211 36.602379 112.260201
v 80.281433 28.024162 48.510799
v 91.149155 28.024162 41.136803
v 80.281433 30.164995 88.473106
v 91.149155 30.164995 95.847107
v 91.149155 28.024162 41.136803
v 80.281433 28.024162 48.510799
v 45.150871 24.812906 13.439708
v 42.727562 23.430283 26.671276
vn 0.0989 0.9844 -0.1458
vn 0.1402 0.9901 -0.0000
vn -0.0363 0.9979 -0.0535
vn 0.0265 0.9989 -0.0391
vn -0.0369 0.9978 -0.0544
vn -0.1628 0.9840 0.0730
vt -0.416020 1.037110
vt 0.966800 0.033200
vt 0.496090 6.261720
vt 0.966800 6.429690
vt -0.455080 1.000000
vt -0.457030 6.246090
vt 0.966800 7.212890
vt -0.500000 6.626950
vt -1.708980 5.400390
vt 2.226560 0.033200
vt 1.097660 0.033200
s 0
usemtl mat17
f 2633/1740/1127 2635/1742/1127 2634/1741/1127
f 2634/1741/1128 2635/1742/1128 2636/1743/1128
f 2637/1744/1129 2639/1745/1129 2638/1741/1129
f 2638/1741/1130 2639/1745/1130 2640/1746/1130
f 2641/1747/1131 2643/1749/1131 2642/1748/1131
f 2642/1748/1132 2643/1749/1132 2644/1750/1132
o obj39
v 80.281433 30.164995 88.473106
v 91.149155 30.164995 95.847107
v 45.671211 36.602379 108.454262
v 45.671211 36.602379 112.260201
v 80.281433 28.024162 48.510799
v 91.149155 28.024162 41.136803
v 80.281433 30.164995 88.473106
v 91.149155 30.164995 95.847107
v 91.149155 28.024162 41.136803
v 80.281433 28.024162 48.510799
v 45.150871 24.812906 13.439708
v 42.727562 23.430283 26.671276
vn 0.0989 0.9844 -0.1458
vn 0.1402 0.9901 -0.0000
vn -0.0363 0.9979 -0.0535
vn 0.0265 0.9989 -0.0391
vn -0.0369 0.9978 -0.0544
vn -0.1628 0.9840 0.0730
vt -0.416020 1.037110
vt 0.966800 0.033200
vt 0.496090 6.261720
vt 0.966800 6.429690
vt -0.455080 1.000000
vt -0.457030 6.246090
vt 0.966800 7.212890
vt -0.500000 6.626950
vt -1.708980 5.400390
vt 2.226560 0.033200
vt 1.097660 0.033200
s 0
usemtl mat17
f 2645/1751/1133 2647/1753/1133 2646/1752/1133
f 2646/1752/1134 2647/1753/1134 2648/1754/1134
f 2649/1755/1135 2651/1756/1135 2650/1752/1135
f 2650/1752/1136 2651/1756/1136 2652/1757/1136
f 2653/1758/1137 2655/1760/1137 2654/1759/1137
f 2654/1759/1138 2655/1760/1138 2656/1761/1138
o obj4
v 11.417803 11.417809 -87.536491
v 26.641541 11.417809 -72.312752
v 11.417803 11.417809 -79.924622
v 26.641541 11.417809 -79.924622
v 26.641541 11.417809 -79.924622
v 34.253410 11.417809 -72.312752
v 26.641541 11.417809 -72.312752
v -26.626675 11.417805 -26.641541
v -22.820740 11.417805 -30.447475
v -22.820740 11.417805 -22.835606
v -13.692444 3.805940 -79.909760
v -22.820740 3.805940 -79.924622
v -22.820740 3.805941 -87.536491
v -13.692444 3.805941 -87.536491
v -38.044476 2.661187 -79.924622
v -38.044476 2.661187 -87.536491
v -53.268215 0.000006 -79.924622
v -71.346405 0.000006 -78.973137
v -71.346405 0.000007 -87.536491
v -53.268215 0.000007 -87.536491
v -53.268215 0.000006 -79.924622
v -53.268215 0.000007 -87.536491
v 26.641541 11.417808 -64.700882
v 26.641541 11.417809 -72.312752
v 34.253410 11.417809 -72.312752
v 34.253410 11.417808 -64.700882
v -22.820740 11.417805 -30.447475
v 19.029673 11.417808 -57.089016
v -22.820740 11.417805 -22.835606
v 19.029673 11.417807 -49.477146
v 19.029673 11.417808 -57.089016
v 26.641541 11.417808 -64.700882
v 34.253410 11.417808 -64.700882
v 19.029673 11.417807 -49.477146
v -45.656345 11.417804 -7.611868
v -41.850410 11.417803 -3.805933
v -46.042885 11.417803 0.356807
v -50.071823 11.417803 -3.657264
vn -0.0000 1.0000 -0.0000
vn -0.0750 0.9972 -0.0000
vn -0.1722 0.9851 -0.0000
vt 0.966800 -0.449220
vt -0.025390 2.525390
vt -0.025390 0.044920
vt 0.966800 2.029300
vt 0.966800 -0.962890
vt 0.966800 1.000000
vt 0.000000 0.033200
vt 0.996090 -0.222660
vt 0.996090 0.783200
vt -0.011720 -0.222660
vt 0.000000 2.226560
vt 0.000000 1.000000
vt 0.966800 2.226560
vt 0.000000 -0.968750
vt 0.966800 -0.968750
vt 0.058590 1.000000
vt -0.052730 -1.121090
vt 0.966800 -1.121090
vt 0.000000 -2.984380
vt 0.966800 -2.984380
vt 0.966800 0.033200
vt 1.005860 -0.285160
vt 1.005860 8.708980
vt 0.000000 -0.976560
vt 0.000000 8.017580
vt 0.976560 0.003910
vt 0.976560 2.019530
vt 0.000000 3.027340
vt 0.000000 -1.003910
vt -0.089840 1.033200
s 0
usemtl mat1
f 2657/1762/1139 2659/1764/1139 2658/1763/1139
f 2657/1762/1139 2658/1763/1139 2660/1765/1139
f 2661/1766/1139 2663/1768/1139 2662/1767/1139
f 2664/1769/1139 2666/1771/1139 2665/1770/1139
f 2667/1772/1139 2669/1767/1139 2668/1773/1139
f 2670/1774/1139 2669/1767/1139 2667/1772/1139
f 2668/1773/1140 2669/1767/1140 2671/1775/1140
f 2671/1775/1140 2669/1767/1140 2672/1776/1140
f 2673/1777/1139 2675/1779/1139 2674/1778/1139
f 2673/1777/1139 2676/1767/1139 2675/1779/1139
f 2671/1775/1141 2678/1781/1141 2677/1780/1141
f 2671/1775/1141 2672/1776/1141 2678/1781/1141
f 2679/1782/1139 2681/1773/1139 2680/1767/1139
f 2679/1782/1139 2682/1768/1139 2681/1773/1139
f 2683/1783/1139 2685/1785/1139 2684/1784/1139
f 2684/1784/1139 2685/1785/1139 2686/1786/1139
f 2687/1787/1139 2689/1789/1139 2688/1788/1139
f 2687/1787/1139 2690/1790/1139 2689/1789/1139
f 2691/1768/1139 2693/1767/1139 2692/1782/1139
f 2691/1768/1139 2694/1791/1139 2693/1767/1139
o obj40
v 26.492872 4.192480 -69.265030
v 26.492872 9.901381 -67.748604
v 26.492872 4.192480 -67.748604
v 26.492872 9.901381 -69.265030
vn -1.0000 -0.0000 -0.0000
vt 0.966800 0.017580
vt 0.000000 1.000000
vt 0.000000 0.017580
vt 0.966800 1.000000
s 0
usemtl mat2
f 2695/1792/1142 2697/1794/1142 2696/1793/1142
f 2695/1792/1142 2696/1793/1142 2698/1795/1142
o obj41
v 26.492872 4.192480 -69.265030
v 26.492872 9.901381 -67.748604
v 26.492872 4.192480 -67.748604
v 26.492872 9.901381 -69.265030
vn -1.0000 -0.0000 -0.0000
vt 0.966800 0.017580
vt 0.000000 1.000000
vt 0.000000 0.017580
vt 0.966800 1.000000
s 0
usemtl mat2
f 2699/1796/1143 2701/1798/1143 2700/1797/1143
f 2699/1796/1143 2700/1797/1143 2702/1799/1143
o obj42
v 28.276903 57.014675 81.857330
v 26.968613 62.307301 81.099121
v 28.276903 60.776009 81.857330
v 25.229183 60.820610 87.135094
v 26.968613 62.307301 81.099121
v 23.920893 62.351902 86.376877
v 28.276903 60.776009 81.857330
v 24.322300 62.307301 79.582695
v 21.274578 62.351902 84.860451
v 23.014009 60.776009 78.824478
v 19.966290 60.820610 84.102242
v 19.966290 60.820610 84.102242
v 23.014009 60.776009 78.824478
v 23.014009 57.014675 78.824478
v 19.966290 57.014675 84.102242
v 25.229183 57.014675 87.135094
v 28.276903 57.014675 81.857330
v 28.276903 60.776009 81.857330
v 23.014009 60.776009 78.824478
v 24.322300 62.307301 79.582695
v 23.014009 57.014675 78.824478
v 19.966290 57.014675 84.102242
v 28.276903 57.014675 81.857330
v 25.229183 57.014675 87.135094
v 23.014009 57.014675 78.824478
v 25.229183 60.820610 87.135094
v 3.568063 39.887970 82.422264
v 6.615785 39.887970 77.144508
v 11.908412 39.887970 80.177361
v 8.860691 43.693905 85.455124
v 11.938146 43.708771 80.192230
v 10.585255 45.225197 79.419144
v 7.537534 45.225197 84.696907
v 7.938941 45.225197 77.902718
v 4.891221 45.225197 83.180481
v 6.615785 43.693905 77.144508
v 3.568063 43.693905 82.422264
v 3.568063 43.693905 82.422264
v 6.615785 39.887970 77.144508
v 3.568063 39.887970 82.422264
v 6.615785 43.693905 77.144508
v 11.908412 39.887970 80.177361
v 10.585255 45.225197 79.419144
v 11.938146 43.708771 80.192230
v 8.860691 39.887970 85.455124
v 8.860691 39.887970 85.455124
v 11.908412 39.887970 80.177361
v 8.860691 43.693905 85.455124
v 11.938146 43.708771 80.192230
v 6.615785 39.887970 77.144508
v 6.615785 43.693905 77.144508
v 7.938941 45.225197 77.902718
vn -0.5014 -0.0000 0.8652
vn -0.6188 -0.7026 -0.3514
vn -0.0036 -1.0000 0.0063
vn 0.6136 -0.7026 0.3603
vn 0.8660 -0.0000 0.5001
vn -0.8660 -0.0000 -0.5001
vn -0.5001 -0.0015 0.8660
vn -0.4972 0.0014 0.8676
vn -0.4993 -0.0000 0.8664
vn -0.0000 1.0000 -0.0000
vn -0.6012 -0.7166 -0.3536
vn -0.6136 -0.7056 -0.3543
vn -0.0000 -1.0000 -0.0000
vn 0.6136 -0.7056 0.3543
vn -0.4957 0.0005 0.8685
vn -0.8632 0.0087 -0.5047
vn -0.4972 -0.0000 0.8676
vt 0.000000 0.033200
vt 0.234380 0.957030
vt 0.000000 0.691410
vt 0.167970 1.029300
vt 0.433590 -0.031250
vt 0.433590 1.000000
vt 0.167970 -0.033200
vt 0.966800 -0.031250
vt 0.966800 1.000000
vt 1.232420 -0.033200
vt 1.232420 1.029300
vt 0.000000 1.000000
vt 1.566410 1.021480
vt 1.566410 0.033200
vt 1.033200 0.691410
vt 0.767580 0.957030
vt 1.033200 0.033200
vt 1.033200 -0.031250
vt 0.000000 -0.031250
vt 1.033200 1.000000
vt 3.660160 -1.210940
vt 3.660160 -0.146480
vt 2.595700 -0.142580
vt 2.794920 2.185550
vt 2.787110 1.119140
vt 3.062500 1.123050
vt 3.062500 2.187500
vt 3.593750 1.125000
vt 3.593750 2.189450
vt 3.861330 1.123050
vt 3.861330 2.189450
vt -1.798830 -3.457030
vt -0.201170 -4.455080
vt -1.798830 -4.455080
vt -0.201170 -3.457030
vt 2.595700 -2.958980
vt 2.863280 -2.027340
vt 2.587890 -2.292970
vt 2.595700 -1.208980
vt -1.792970 -4.455080
vt -0.195310 -4.455080
vt -1.792970 -3.457030
vt -0.195310 -3.457030
vt 3.660160 -2.958980
vt 3.660160 -2.292970
vt 3.394530 -2.027340
s 0
usemtl mat15
f 2703/1800/1144 2705/1802/1144 2704/1801/1144
f 2706/1803/1145 2708/1805/1145 2707/1804/1145
f 2706/1803/1145 2707/1804/1145 2709/1806/1145
f 2708/1805/1146 2710/1807/1146 2707/1804/1146
f 2708/1805/1146 2711/1808/1146 2710/1807/1146
f 2711/1808/1147 2712/1809/1147 2710/1807/1147
f 2711/1808/1147 2713/1810/1147 2712/1809/1147
f 2714/1811/1148 2716/1813/1148 2715/1812/1148
f 2714/1811/1148 2717/1800/1148 2716/1813/1148
f 2718/1800/1149 2720/1812/1149 2719/1813/1149
f 2703/1800/1150 2722/1815/1150 2721/1814/1150
f 2703/1800/1151 2704/1801/1151 2722/1815/1151
f 2703/1800/1152 2721/1814/1152 2723/1816/1152
f 2724/1817/1153 2726/1818/1153 2725/1811/1153
f 2724/1817/1153 2725/1811/1153 2727/1819/1153
f 2718/1800/1149 2728/1811/1149 2720/1812/1149
f 2729/1820/1153 2731/1822/1153 2730/1821/1153
f 2732/1823/1154 2734/1825/1154 2733/1824/1154
f 2732/1823/1155 2735/1826/1155 2734/1825/1155
f 2735/1826/1156 2736/1827/1156 2734/1825/1156
f 2735/1826/1156 2737/1828/1156 2736/1827/1156
f 2737/1828/1157 2738/1829/1157 2736/1827/1157
f 2737/1828/1157 2739/1830/1157 2738/1829/1157
f 2740/1831/1148 2742/1833/1148 2741/1832/1148
f 2740/1831/1148 2741/1832/1148 2743/1834/1148
f 2744/1835/1158 2746/1837/1158 2745/1836/1158
f 2729/1820/1153 2747/1838/1153 2731/1822/1153
f 2748/1839/1149 2750/1841/1149 2749/1840/1149
f 2749/1840/1159 2750/1841/1159 2751/1842/1159
f 2744/1835/1160 2753/1844/1160 2752/1843/1160
f 2744/1835/1160 2754/1845/1160 2753/1844/1160
f 2744/1835/1160 2745/1836/1160 2754/1845/1160
o obj43
v 28.276903 57.014675 81.857330
v 26.968613 62.307301 81.099121
v 28.276903 60.776009 81.857330
v 25.229183 60.820610 87.135094
v 26.968613 62.307301 81.099121
v 23.920893 62.351902 86.376877
v 28.276903 60.776009 81.857330
v 24.322300 62.307301 79.582695
v 21.274578 62.351902 84.860451
v 23.014009 60.776009 78.824478
v 19.966290 60.820610 84.102242
v 19.966290 60.820610 84.102242
v 23.014009 60.776009 78.824478
v 23.014009 57.014675 78.824478
v 19.966290 57.014675 84.102242
v 25.229183 57.014675 87.135094
v 28.276903 57.014675 81.857330
v 28.276903 60.776009 81.857330
v 23.014009 60.776009 78.824478
v 24.322300 62.307301 79.582695
v 23.014009 57.014675 78.824478
v 19.966290 57.014675 84.102242
v 28.276903 57.014675 81.857330
v 25.229183 57.014675 87.135094
v 23.014009 57.014675 78.824478
v 25.229183 60.820610 87.135094
v 3.568063 39.887970 82.422264
v 6.615785 39.887970 77.144508
v 11.908412 39.887970 80.177361
v 8.860691 43.693905 85.455124
v 11.938146 43.708771 80.192230
v 10.585255 45.225197 79.419144
v 7.537534 45.225197 84.696907
v 7.938941 45.225197 77.902718
v 4.891221 45.225197 83.180481
v 6.615785 43.693905 77.144508
v 3.568063 43.693905 82.422264
v 3.568063 43.693905 82.422264
v 6.615785 39.887970 77.144508
v 3.568063 39.887970 82.422264
v 6.615785 43.693905 77.144508
v 11.908412 39.887970 80.177361
v 10.585255 45.225197 79.419144
v 11.938146 43.708771 80.192230
v 8.860691 39.887970 85.455124
v 8.860691 39.887970 85.455124
v 11.908412 39.887970 80.177361
v 8.860691 43.693905 85.455124
v 11.938146 43.708771 80.192230
v 6.615785 39.887970 77.144508
v 6.615785 43.693905 77.144508
v 7.938941 45.225197 77.902718
vn -0.5014 -0.0000 0.8652
vn -0.6188 -0.7026 -0.3514
vn -0.0036 -1.0000 0.0063
vn 0.6136 -0.7026 0.3603
vn 0.8660 -0.0000 0.5001
vn -0.8660 -0.0000 -0.5001
vn -0.5001 -0.0015 0.8660
vn -0.4972 0.0014 0.8676
vn -0.4993 -0.0000 0.8664
vn -0.0000 1.0000 -0.0000
vn -0.6012 -0.7166 -0.3536
vn -0.6136 -0.7056 -0.3543
vn -0.0000 -1.0000 -0.0000
vn 0.6136 -0.7056 0.3543
vn -0.4957 0.0005 0.8685
vn -0.8632 0.0087 -0.5047
vn -0.4972 -0.0000 0.8676
vt 0.000000 0.033200
vt 0.234380 0.957030
vt 0.000000 0.691410
vt 0.167970 1.029300
vt 0.433590 -0.031250
vt 0.433590 1.000000
vt 0.167970 -0.033200
vt 0.966800 -0.031250
vt 0.966800 1.000000
vt 1.232420 -0.033200
vt 1.232420 1.029300
vt 0.000000 1.000000
vt 1.566410 1.021480
vt 1.566410 0.033200
vt 1.033200 0.691410
vt 0.767580 0.957030
vt 1.033200 0.033200
vt 1.033200 -0.031250
vt 0.000000 -0.031250
vt 1.033200 1.000000
vt 3.660160 -1.210940
vt 3.660160 -0.146480
vt 2.595700 -0.142580
vt 2.794920 2.185550
vt 2.787110 1.119140
vt 3.062500 1.123050
vt 3.062500 2.187500
vt 3.593750 1.125000
vt 3.593750 2.189450
vt 3.861330 1.123050
vt 3.861330 2.189450
vt -1.798830 -3.457030
vt -0.201170 -4.455080
vt -1.798830 -4.455080
vt -0.201170 -3.457030
vt 2.595700 -2.958980
vt 2.863280 -2.027340
vt 2.587890 -2.292970
vt 2.595700 -1.208980
vt -1.792970 -4.455080
vt -0.195310 -4.455080
vt -1.792970 -3.457030
vt -0.195310 -3.457030
vt 3.660160 -2.958980
vt 3.660160 -2.292970
vt 3.394530 -2.027340
s 0
usemtl mat15
f 2755/1846/1161 2757/1848/1161 2756/1847/1161
f 2758/1849/1162 2760/1851/1162 2759/1850/1162
f 2758/1849/1162 2759/1850/1162 2761/1852/1162
f 2760/1851/1163 2762/1853/1163 2759/1850/1163
f 2760/1851/1163 2763/1854/1163 2762/1853/1163
f 2763/1854/1164 2764/1855/1164 2762/1853/1164
f 2763/1854/1164 2765/1856/1164 2764/1855/1164
f 2766/1857/1165 2768/1859/1165 2767/1858/1165
f 2766/1857/1165 2769/1846/1165 2768/1859/1165
f 2770/1846/1166 2772/1858/1166 2771/1859/1166
f 2755/1846/1167 2774/1861/1167 2773/1860/1167
f 2755/1846/1168 2756/1847/1168 2774/1861/1168
f 2755/1846/1169 2773/1860/1169 2775/1862/1169
f 2776/1863/1170 2778/1864/1170 2777/1857/1170
f 2776/1863/1170 2777/1857/1170 2779/1865/1170
f 2770/1846/1166 2780/1857/1166 2772/1858/1166
f 2781/1866/1170 2783/1868/1170 2782/1867/1170
f 2784/1869/1171 2786/1871/1171 2785/1870/1171
f 2784/1869/1172 2787/1872/1172 2786/1871/1172
f 2787/1872/1173 2788/1873/1173 2786/1871/1173
f 2787/1872/1173 2789/1874/1173 2788/1873/1173
f 2789/1874/1174 2790/1875/1174 2788/1873/1174
f 2789/1874/1174 2791/1876/1174 2790/1875/1174
f 2792/1877/1165 2794/1879/1165 2793/1878/1165
f 2792/1877/1165 2793/1878/1165 2795/1880/1165
f 2796/1881/1175 2798/1883/1175 2797/1882/1175
f 2781/1866/1170 2799/1884/1170 2783/1868/1170
f 2800/1885/1166 2802/1887/1166 2801/1886/1166
f 2801/1886/1176 2802/1887/1176 2803/1888/1176
f 2796/1881/1177 2805/1890/1177 2804/1889/1177
f 2796/1881/1177 2806/1891/1177 2805/1890/1177
f 2796/1881/1177 2797/1882/1177 2806/1891/1177
o obj5
v 11.417803 10.659595 -79.924622
v 11.417803 10.659596 -87.536491
v -13.692444 3.047728 -87.536491
v -13.692444 3.047727 -79.924622
v -13.692444 3.805940 -79.909760
v 11.417803 11.417809 -79.924622
v -13.692444 3.805941 -87.536491
v 11.417803 11.417809 -87.536491
v 49.343346 43.768242 27.741697
v 49.343346 44.154781 27.741697
v 48.748669 44.154781 25.541391
v 48.748669 43.768242 25.541391
v 48.748669 43.768242 25.541391
v 48.748669 44.154781 25.541391
v 35.784702 43.753376 28.618847
v 35.784702 43.366837 28.618847
v 35.784702 43.753376 28.618847
v 36.379379 43.753376 30.819153
v 36.379379 43.366837 30.819153
v 49.343346 44.154781 27.741697
v 36.379379 43.753376 30.819153
v 35.784702 43.753376 28.618847
v 48.748669 44.154781 25.541391
v 36.379379 43.366837 30.819153
v 49.343346 44.154781 27.741697
v 49.343346 43.768242 27.741697
v 36.379379 43.753376 30.819153
v 48.748669 43.768242 25.541391
v 36.379379 43.366837 30.819153
v 49.343346 43.768242 27.741697
v 35.784702 43.366837 28.618847
v 35.784702 43.366837 28.618847
vn 0.2901 -0.9570 -0.0000
vn 0.0059 -0.0196 0.9998
vn 0.0006 -0.0000 1.0000
vn -0.2901 0.9570 -0.0000
vn -0.0000 -0.0000 -1.0000
vn 0.9654 -0.0000 -0.2609
vn -0.2310 -0.0000 -0.9730
vn -0.9654 -0.0000 0.2609
vn -0.0291 0.9995 0.0079
vn 0.2310 -0.0000 0.9730
vn 0.0291 -0.9995 -0.0079
vt 5.898440 1.000000
vt 5.900390 0.017580
vt -0.980470 0.017580
vt -0.982420 1.013670
vt -0.923830 1.000000
vt 5.957030 1.000000
vt -0.923830 0.017580
vt 5.957030 0.017580
vt 0.000000 0.017580
vt 0.000000 -0.468750
vt 0.947270 -0.468750
vt 0.947270 0.017580
vt 0.222660 1.019530
vt 0.468750 1.019530
vt 0.212890 0.013670
vt 1.109380 0.527340
vt 1.109380 0.037110
vt 0.130860 0.037110
vt 0.130860 0.527340
vt 0.000000 1.000000
vt 0.000000 0.009770
vt 0.947270 0.003910
vt 0.947270 1.009770
vt 0.468750 1.025390
vt 0.222660 1.025390
vt 0.212890 0.017580
vt 0.000000 0.007810
vt 0.000000 0.013670
s 0
usemtl mat2
f 2807/1892/1178 2809/1894/1178 2808/1893/1178
f 2810/1895/1178 2809/1894/1178 2807/1892/1178
f 2807/1892/1179 2811/1896/1179 2810/1895/1179
f 2807/1892/1180 2812/1897/1180 2811/1896/1180
f 2813/1898/1181 2811/1896/1181 2812/1897/1181
f 2813/1898/1181 2812/1897/1181 2814/1899/1181
f 2809/1894/1182 2814/1899/1182 2808/1893/1182
f 2809/1894/1182 2813/1898/1182 2814/1899/1182
f 2815/1900/1183 2817/1902/1183 2816/1901/1183
f 2815/1900/1183 2818/1903/1183 2817/1902/1183
f 2819/1904/1184 2821/1906/1184 2820/1905/1184
f 2822/1907/1185 2824/1909/1185 2823/1908/1185
f 2822/1907/1185 2825/1910/1185 2824/1909/1185
f 2826/1911/1186 2828/1913/1186 2827/1912/1186
f 2826/1911/1186 2829/1914/1186 2828/1913/1186
f 2830/1900/1187 2832/1916/1187 2831/1915/1187
f 2830/1900/1187 2831/1915/1187 2833/1917/1187
f 2834/1914/1188 2836/1911/1188 2835/1918/1188
f 2819/1904/1184 2837/1919/1184 2821/1906/1184
f 2834/1914/1188 2835/1918/1188 2838/1913/1188
o obj6
v 11.417803 10.659595 -79.924622
v 11.417803 10.659596 -87.536491
v -13.692444 3.047728 -87.536491
v -13.692444 3.047727 -79.924622
v -13.692444 3.805940 -79.909760
v 11.417803 11.417809 -79.924622
v -13.692444 3.805941 -87.536491
v 11.417803 11.417809 -87.536491
v 49.343346 43.768242 27.741697
v 49.343346 44.154781 27.741697
v 48.748669 44.154781 25.541391
v 48.748669 43.768242 25.541391
v 48.748669 43.768242 25.541391
v 48.748669 44.154781 25.541391
v 35.784702 43.753376 28.618847
v 35.784702 43.366837 28.618847
v 35.784702 43.753376 28.618847
v 36.379379 43.753376 30.819153
v 36.379379 43.366837 30.819153
v 49.343346 44.154781 27.741697
v 36.379379 43.753376 30.819153
v 35.784702 43.753376 28.618847
v 48.748669 44.154781 25.541391
v 36.379379 43.366837 30.819153
v 49.343346 44.154781 27.741697
v 49.343346 43.768242 27.741697
v 36.379379 43.753376 30.819153
v 48.748669 43.768242 25.541391
v 36.379379 43.366837 30.819153
v 49.343346 43.768242 27.741697
v 35.784702 43.366837 28.618847
v 35.784702 43.366837 28.618847
vn 0.2901 -0.9570 -0.0000
vn 0.0059 -0.0196 0.9998
vn 0.0006 -0.0000 1.0000
vn -0.2901 0.9570 -0.0000
vn -0.0000 -0.0000 -1.0000
vn 0.9654 -0.0000 -0.2609
vn -0.2310 -0.0000 -0.9730
vn -0.9654 -0.0000 0.2609
vn -0.0291 0.9995 0.0079
vn 0.2310 -0.0000 0.9730
vn 0.0291 -0.9995 -0.0079
vt 5.898440 1.000000
vt 5.900390 0.017580
vt -0.980470 0.017580
vt -0.982420 1.013670
vt -0.923830 1.000000
vt 5.957030 1.000000
vt -0.923830 0.017580
vt 5.957030 0.017580
vt 0.000000 0.017580
vt 0.000000 -0.468750
vt 0.947270 -0.468750
vt 0.947270 0.017580
vt 0.222660 1.019530
vt 0.468750 1.019530
vt 0.212890 0.013670
vt 1.109380 0.527340
vt 1.109380 0.037110
vt 0.130860 0.037110
vt 0.130860 0.527340
vt 0.000000 1.000000
vt 0.000000 0.009770
vt 0.947270 0.003910
vt 0.947270 1.009770
vt 0.468750 1.025390
vt 0.222660 1.025390
vt 0.212890 0.017580
vt 0.000000 0.007810
vt 0.000000 0.013670
s 0
usemtl mat2
f 2839/1920/1189 2841/1922/1189 2840/1921/1189
f 2842/1923/1189 2841/1922/1189 2839/1920/1189
f 2839/1920/1190 2843/1924/1190 2842/1923/1190
f 2839/1920/1191 2844/1925/1191 2843/1924/1191
f 2845/1926/1192 2843/1924/1192 2844/1925/1192
f 2845/1926/1192 2844/1925/1192 2846/1927/1192
f 2841/1922/1193 2846/1927/1193 2840/1921/1193
f 2841/1922/1193 2845/1926/1193 2846/1927/1193
f 2847/1928/1194 2849/1930/1194 2848/1929/1194
f 2847/1928/1194 2850/1931/1194 2849/1930/1194
f 2851/1932/1195 2853/1934/1195 2852/1933/1195
f 2854/1935/1196 2856/1937/1196 2855/1936/1196
f 2854/1935/1196 2857/1938/1196 2856/1937/1196
f 2858/1939/1197 2860/1941/1197 2859/1940/1197
f 2858/1939/1197 2861/1942/1197 2860/1941/1197
f 2862/1928/1198 2864/1944/1198 2863/1943/1198
f 2862/1928/1198 2863/1943/1198 2865/1945/1198
f 2866/1942/1199 2868/1939/1199 2867/1946/1199
f 2851/1932/1195 2869/1947/1195 2853/1934/1195
f 2866/1942/1199 2867/1946/1199 2870/1941/1199
o obj7
v -97.987946 0.000007 -87.536491
v -92.843987 1.902974 -86.466072
v -92.843987 1.902973 -80.043556
v -86.852615 1.902974 -92.888588
v -86.183601 1.902974 -84.771240
v -83.150749 1.902974 -84.771240
v -82.481735 1.902974 -92.888588
v -79.909760 0.000007 -96.099846
v -89.424591 0.000007 -96.099846
v -86.183601 1.902973 -81.738388
v -83.150749 1.902973 -81.738388
v -76.490364 1.902974 -86.466072
v -71.346405 0.000007 -87.536491
v -76.490364 1.902973 -80.043556
v -71.346405 0.000006 -78.973137
v -97.987946 0.000006 -78.973137
v -86.852615 1.902973 -73.621040
v -82.481735 1.902973 -73.621040
v -89.424591 0.000005 -70.409790
v -79.909760 0.000005 -70.409790
vn -0.3470 0.9379 -0.0000
vn -0.0000 1.0000 -0.0000
vn -0.2853 0.9208 -0.2661
vn -0.0000 0.8603 -0.5098
vn -0.2983 0.9066 -0.2983
vn 0.2983 0.9066 -0.2983
vn 0.2853 0.9208 -0.2661
vn 0.3470 0.9379 -0.0000
vn -0.2853 0.9208 0.2661
vn -0.2983 0.9066 0.2983
vn -0.0000 0.8603 0.5098
vn 0.2853 0.9208 0.2661
vn 0.2983 0.9066 0.2983
vt -2.949220 -2.615230
vt -1.601560 -2.335940
vt -1.601560 -0.650390
vt 0.000000 -4.019530
vt 0.142580 -1.892580
vt 0.941410 -1.892580
vt 1.117190 -4.019530
vt 1.791020 -4.861330
vt -0.703120 -4.861330
vt 0.142580 -1.093750
vt 0.941410 -1.093750
vt 2.687500 -2.335940
vt 4.035160 -2.615230
vt 2.687500 -0.650390
vt 4.035160 -0.371090
vt -2.949220 -0.371090
vt 0.000000 1.000000
vt 1.117190 1.000000
vt -0.703120 1.873050
vt 1.791020 1.873050
s 0
usemtl mat3
f 2871/1948/1200 2873/1950/1200 2872/1949/1200
f 2872/1949/1201 2875/1952/1201 2874/1951/1201
f 2873/1950/1201 2875/1952/1201 2872/1949/1201
f 2874/1951/1202 2871/1948/1202 2872/1949/1202
f 2874/1951/1201 2875/1952/1201 2876/1953/1201
f 2874/1951/1201 2876/1953/1201 2877/1954/1201
f 2878/1955/1203 2879/1956/1203 2874/1951/1203
f 2878/1955/1203 2874/1951/1203 2877/1954/1203
f 2879/1956/1204 2871/1948/1204 2874/1951/1204
f 2873/1950/1201 2880/1957/1201 2875/1952/1201
f 2881/1958/1201 2882/1959/1201 2876/1953/1201
f 2877/1954/1201 2876/1953/1201 2882/1959/1201
f 2883/1960/1205 2878/1955/1205 2877/1954/1205
f 2883/1960/1206 2877/1954/1206 2882/1959/1206
f 2881/1958/1201 2884/1961/1201 2882/1959/1201
f 2885/1962/1207 2883/1960/1207 2882/1959/1207
f 2885/1962/1207 2882/1959/1207 2884/1961/1207
f 2871/1948/1200 2886/1963/1200 2873/1950/1200
f 2873/1950/1201 2887/1964/1201 2880/1957/1201
f 2886/1963/1208 2887/1964/1208 2873/1950/1208
f 2887/1964/1201 2881/1958/1201 2880/1957/1201
f 2887/1964/1201 2888/1965/1201 2881/1958/1201
f 2886/1963/1209 2889/1966/1209 2887/1964/1209
f 2889/1966/1210 2888/1965/1210 2887/1964/1210
f 2881/1958/1201 2888/1965/1201 2884/1961/1201
f 2888/1965/1211 2885/1962/1211 2884/1961/1211
f 2889/1966/1210 2890/1967/1210 2888/1965/1210
f 2890/1967/1212 2885/1962/1212 2888/1965/1212
o obj8
v -97.987946 0.000007 -87.536491
v -92.843987 1.902974 -86.466072
v -92.843987 1.902973 -80.043556
v -86.852615 1.902974 -92.888588
v -86.183601 1.902974 -84.771240
v -83.150749 1.902974 -84.771240
v -82.481735 1.902974 -92.888588
v -79.909760 0.000007 -96.099846
v -89.424591 0.000007 -96.099846
v -86.183601 1.902973 -81.738388
v -83.150749 1.902973 -81.738388
v -76.490364 1.902974 -86.466072
v -71.346405 0.000007 -87.536491
v -76.490364 1.902973 -80.043556
v -71.346405 0.000006 -78.973137
v -97.987946 0.000006 -78.973137
v -86.852615 1.902973 -73.621040
v -82.481735 1.902973 -73.621040
v -89.424591 0.000005 -70.409790
v -79.909760 0.000005 -70.409790
vn -0.3470 0.9379 -0.0000
vn -0.0000 1.0000 -0.0000
vn -0.2853 0.9208 -0.2661
vn -0.0000 0.8603 -0.5098
vn -0.2983 0.9066 -0.2983
vn 0.2983 0.9066 -0.2983
vn 0.2853 0.9208 -0.2661
vn 0.3470 0.9379 -0.0000
vn -0.2853 0.9208 0.2661
vn -0.2983 0.9066 0.2983
vn -0.0000 0.8603 0.5098
vn 0.2853 0.9208 0.2661
vn 0.2983 0.9066 0.2983
vt -2.949220 -2.615230
vt -1.601560 -2.335940
vt -1.601560 -0.650390
vt 0.000000 -4.019530
vt 0.142580 -1.892580
vt 0.941410 -1.892580
vt 1.117190 -4.019530
vt 1.791020 -4.861330
vt -0.703120 -4.861330
vt 0.142580 -1.093750
vt 0.941410 -1.093750
vt 2.687500 -2.335940
vt 4.035160 -2.615230
vt 2.687500 -0.650390
vt 4.035160 -0.371090
vt -2.949220 -0.371090
vt 0.000000 1.000000
vt 1.117190 1.000000
vt -0.703120 1.873050
vt 1.791020 1.873050
s 0
usemtl mat3
f 2891/1968/1213 2893/1970/1213 2892/1969/1213
f 2892/1969/1214 2895/1972/1214 2894/1971/1214
f 2893/1970/1214 2895/1972/1214 2892/1969/1214
f 2894/1971/1215 2891/1968/1215 2892/1969/1215
f 2894/1971/1214 2895/1972/1214 2896/1973/1214
f 2894/1971/1214 2896/1973/1214 2897/1974/1214
f 2898/1975/1216 2899/1976/1216 2894/1971/1216
f 2898/1975/1216 2894/1971/1216 2897/1974/1216
f 2899/1976/1217 2891/1968/1217 2894/1971/1217
f 2893/1970/1214 2900/1977/1214 2895/1972/1214
f 2901/1978/1214 2902/1979/1214 2896/1973/1214
f 2897/1974/1214 2896/1973/1214 2902/1979/1214
f 2903/1980/1218 2898/1975/1218 2897/1974/1218
f 2903/1980/1219 2897/1974/1219 2902/1979/1219
f 2901/1978/1214 2904/1981/1214 2902/1979/1214
f 2905/1982/1220 2903/1980/1220 2902/1979/1220
f 2905/1982/1220 2902/1979/1220 2904/1981/1220
f 2891/1968/1213 2906/1983/1213 2893/1970/1213
f 2893/1970/1214 2907/1984/1214 2900/1977/1214
f 2906/1983/1221 2907/1984/1221 2893/1970/1221
f 2907/1984/1214 2901/1978/1214 2900/1977/1214
f 2907/1984/1214 2908/1985/1214 2901/1978/1214
f 2906/1983/1222 2909/1986/1222 2907/1984/1222
f 2909/1986/1223 2908/1985/1223 2907/1984/1223
f 2901/1978/1214 2908/1985/1214 2904/1981/1214
f 2908/1985/1224 2905/1982/1224 2904/1981/1224
f 2909/1986/1223 2910/1987/1223 2908/1985/1223
f 2910/1987/1225 2905/1982/1225 2908/1985/1225
o obj9
v -46.845699 25.883320 97.021591
v -36.557785 25.883322 76.639030
v -35.873905 25.883322 76.980972
v -46.161823 25.125107 97.363533
v -36.557785 25.125109 76.639030
v -46.845699 25.125107 97.021591
v -35.873905 25.125109 76.980972
v -36.557785 25.125109 76.639030
v -36.557785 25.883322 76.639030
v -46.845699 25.883320 97.021591
v -46.845699 25.125107 97.021591
v -46.161823 25.883320 97.363533
v -35.873905 25.883322 76.980972
v -46.845699 15.981943 97.021591
v -36.542919 15.981945 76.639030
v -35.873905 15.981945 76.980972
v -46.161823 25.883320 97.363533
v -36.542919 15.223732 76.639030
v -46.845699 15.981943 97.021591
v -46.845699 15.223730 97.021591
v -36.542919 15.981945 76.639030
v -46.161823 15.223730 97.363533
v -46.161823 15.981943 97.363533
v -35.873905 15.981945 76.980972
v -35.873905 15.223732 76.980972
v -46.161823 15.981943 97.363533
v -15.104802 25.125113 34.179073
v -15.104802 25.883326 34.179077
v -33.970940 25.883322 71.539673
v -46.845699 15.223730 97.021591
v -46.845699 15.981943 97.021591
v -46.161823 15.981943 97.363533
v -46.161823 15.223730 97.363533
v -35.873905 15.223732 76.980972
v -35.873905 15.981945 76.980972
v -36.542919 15.981945 76.639030
v -36.542919 15.223732 76.639030
v -33.301926 25.125109 71.881615
v -14.420923 25.125113 34.521015
v -15.104802 25.125113 34.179073
v -33.970940 25.125109 71.539673
v -15.104802 15.223735 34.179073
v -33.970940 15.981945 71.539673
v -33.970940 15.223732 71.539673
v -33.970940 25.125109 71.539673
v -33.970940 25.883322 71.539673
v -14.420923 25.883326 34.521019
v -33.301926 25.883322 71.881615
v -15.104802 25.883326 34.179077
v -33.301926 25.125109 71.881615
v -33.301926 25.883322 71.881615
v -14.420923 25.883326 34.521019
v -14.420923 25.125113 34.521015
v -15.104802 15.981948 34.179073
v -14.420923 15.223735 34.521015
v -15.104802 15.981948 34.179073
v -15.104802 15.223735 34.179073
v -33.970940 15.223732 71.539673
v -33.970940 15.981945 71.539673
v -33.301926 15.981945 71.881615
v -33.301926 15.223732 71.881615
v -33.301926 15.223732 71.881615
v -14.420923 15.981948 34.521015
v -14.420923 15.223735 34.521015
v -33.301926 15.981945 71.881615
v -33.970940 15.981945 71.539673
v -14.420923 15.981948 34.521015
v -33.301926 15.981945 71.881615
v -15.104802 15.981948 34.179073
v -33.970940 25.883322 71.539673
v -36.542919 25.125109 76.639030
v -33.970940 25.125109 71.539673
v -14.420923 15.981948 34.521015
v -14.420923 25.125113 34.521015
v -14.420923 25.883326 34.521019
v -15.104802 25.883326 34.179077
v -15.104802 25.125113 34.179073
v -46.845699 25.125107 97.021591
v -46.161823 25.883320 97.363533
v -46.161823 25.125107 97.363533
v -46.845699 25.883320 97.021591
v -36.542919 25.883322 76.639030
v -86.183601 1.902974 -84.771240
v -86.183601 -5.694028 -81.738388
v -86.183601 1.902973 -81.738388
v -33.301926 25.883322 71.881615
v -35.873905 25.883322 76.980972
v -36.542919 25.883322 76.639030
v -33.970940 25.883322 71.539673
v -33.301926 25.125109 71.881615
v -35.873905 25.125109 76.980972
v -35.873905 25.883322 76.980972
v -33.301926 25.883322 71.881615
v -33.970940 25.125109 71.539673
v -36.542919 25.125109 76.639030
v -35.873905 25.125109 76.980972
v -33.301926 25.125109 71.881615
v -83.150749 1.902974 -84.771240
v -86.183601 -5.694028 -84.771240
v -86.183601 1.902974 -84.771240
v -86.183601 -5.694028 -84.771240
v -86.183601 1.902973 -81.738388
v -83.150749 -5.694028 -81.738388
v -83.150749 1.902973 -81.738388
v -86.183601 -5.694028 -81.738388
v -83.150749 1.902973 -81.738388
v -83.150749 -5.694028 -84.771240
v -83.150749 1.902974 -84.771240
v -83.150749 -5.694028 -81.738388
v -83.150749 -5.694028 -84.771240
v -76.103821 19.787882 50.978706
v -76.103821 12.176013 54.026428
v -76.103821 19.787882 54.026428
v -86.183601 -5.694028 -84.771240
v -83.150749 -5.694028 -84.771240
v -83.150749 -5.694028 -81.738388
v -86.183601 -5.694028 -81.738388
v -73.056099 12.176013 54.026428
v -76.103821 12.176013 54.026428
v -76.103821 12.176013 50.978706
v -73.056099 12.176013 50.978706
v -76.103821 19.787882 54.026428
v -73.056099 12.176013 54.026428
v -73.056099 19.787882 54.026428
v -76.103821 12.176013 54.026428
v -76.103821 12.176013 50.978706
v -73.056099 19.787882 50.978706
v -73.056099 12.176013 50.978706
v -76.103821 12.176013 50.978706
v -76.103821 19.787882 50.978706
v -73.056099 19.787882 54.026428
v -73.056099 12.176013 50.978706
v -73.056099 19.787882 50.978706
v -73.056099 12.176013 54.026428
v -32.335575 5.322362 -15.223738
v -34.238544 5.322362 -13.320770
v -34.238544 10.659591 -15.223737
v -34.238544 0.000001 -13.320770
v -32.335575 5.322362 -15.223738
v -32.335575 0.000001 -15.223738
v -36.141510 0.000001 -15.223738
v -36.141510 5.322362 -15.223738
v -34.238544 5.322362 -13.320770
v -34.238544 0.000001 -13.320770
v -34.238544 0.000001 -17.126705
v -36.141510 5.322362 -15.223738
v -36.141510 0.000001 -15.223738
v -34.238544 5.322363 -17.126705
v -32.335575 0.000001 -15.223738
v -34.238544 5.322363 -17.126705
v -34.238544 0.000001 -17.126705
v -32.335575 5.322362 -15.223738
v 21.319180 0.000005 -64.700882
v 21.319180 0.000005 -72.312752
v 26.641541 0.000005 -64.700882
v -34.238544 5.322362 -13.320770
v -36.141510 5.322362 -15.223738
v -34.238544 5.322363 -17.126705
v -34.238544 10.659591 -15.223737
v -34.238544 5.322362 -13.320770
v -36.141510 5.322362 -15.223738
v -34.238544 5.322363 -17.126705
v -32.335575 5.322362 -15.223738
v 92.858856 30.923210 103.503578
v 92.858856 23.311340 106.551300
v 92.858856 30.923210 106.551300
v 26.641541 0.000005 -72.312752
v 92.858856 30.923210 106.551300
v 92.858856 23.311340 106.551300
v 95.906570 23.311340 106.551300
v 95.906570 30.923210 106.551300
v 92.858856 23.311340 106.551300
v 92.858856 23.311340 103.503578
v 95.906570 23.311340 103.503578
v 95.906570 23.311340 106.551300
v 92.858856 23.311340 103.503578
v 61.653164 45.671207 34.996761
v 61.653164 38.059341 38.044479
v 61.653164 45.671207 38.044479
v 95.906570 30.923210 103.503578
v 95.906570 23.311340 103.503578
v 92.858856 23.311340 103.503578
v 92.858856 30.923210 103.503578
v 95.906570 30.923210 106.551300
v 95.906570 23.311340 106.551300
v 95.906570 23.311340 103.503578
v 95.906570 30.923210 103.503578
v 64.700882 38.059341 38.044479
v 61.653164 38.059341 34.996761
v 64.700882 38.059341 34.996761
v 61.653164 38.059341 38.044479
v 61.653164 45.671207 38.044479
v 61.653164 38.059341 38.044479
v 64.700882 38.059341 38.044479
v 61.653164 38.059341 34.996761
v 64.700882 45.671207 34.996761
v 64.700882 38.059341 34.996761
v 61.653164 38.059341 34.996761
v 61.653164 45.671207 34.996761
v 64.700882 45.671207 38.044479
v 64.700882 38.059341 38.044479
v 64.700882 38.059341 34.996761
v 64.700882 45.671207 34.996761
v 64.700882 45.671207 38.044479
v 63.184460 45.671211 -16.755028
v 66.217316 38.059345 -16.755028
v 66.217316 45.671211 -16.755028
v 66.217316 38.059345 -16.755028
v 63.184460 38.059345 -19.802750
v 66.217316 38.059345 -19.802750
v 63.184460 38.059345 -16.755028
v 66.217316 45.671211 -16.755028
v 66.217316 38.059345 -19.802750
v 66.217316 45.671211 -19.802750
v 66.217316 38.059345 -16.755028
v 66.217316 45.671211 -19.802750
v 66.217316 38.059345 -19.802750
v 63.184460 38.059345 -19.802750
v 63.184460 45.671211 -19.802750
v 63.184460 45.671211 -19.802750
v 63.184460 38.059345 -19.802750
v 63.184460 38.059345 -16.755028
v 63.184460 38.059345 -16.755028
v 63.184460 45.671211 -16.755028
vn -0.0000 1.0000 -0.0000
vn -0.0000 -1.0000 -0.0000
vn -0.8927 -0.0000 -0.4506
vn 0.8927 -0.0000 0.4506
vn -0.8925 -0.0000 -0.4511
vn -0.8926 -0.0000 -0.4508
vn -0.4472 -0.0000 0.8944
vn 0.4551 -0.0000 -0.8904
vn 0.8925 -0.0000 0.4510
vn 0.4472 -0.0000 -0.8944
vn -0.4551 -0.0000 0.8904
vn -0.8929 -0.0000 -0.4503
vn 1.0000 -0.0000 -0.0000
vn 0.8929 -0.0000 0.4503
vn -0.0000 -0.0000 1.0000
vn -0.0000 -0.0000 -1.0000
vn -1.0000 -0.0000 -0.0000
vn 0.6857 0.2445 0.6857
vn 0.7071 -0.0000 0.7071
vn -0.7071 -0.0000 0.7071
vn -0.7071 -0.0000 -0.7071
vn 0.7071 -0.0000 -0.7071
vn -0.6857 0.2445 -0.6857
vn -0.6857 0.2445 0.6857
vn 0.6857 0.2445 -0.6857
vt 11.945310 0.431640
vt 0.000000 0.431640
vt 0.000000 0.033200
vt 11.945310 0.033200
vt 0.966800 -0.363280
vt 0.966800 0.033200
vt -11.007810 0.033200
vt -11.007810 -0.363280
vt 21.925779 -0.363280
vt 21.925779 0.033200
vt 0.966800 -12.939450
vt 0.966800 -11.941410
vt 0.000000 -11.941410
vt 0.000000 -12.939450
vt 0.367190 0.632810
vt 0.367190 1.000000
vt 0.000000 1.000000
vt 0.000000 0.632810
vt 0.966800 21.990231
vt 0.568360 0.033200
vt 0.568360 21.990231
vt 0.000000 -0.363280
vt 0.966800 0.431640
vt -20.988279 0.431640
vt -20.988279 0.033200
vt 2.962890 1.000000
vt 2.962890 0.632810
vt 0.966800 1.000000
vt 0.966800 -1.462890
vt 2.962890 0.033200
vt 2.962890 0.431640
vt 0.966800 -1.460940
vt 0.000000 -1.462890
vt 0.000000 -1.460940
vt 0.949220 0.033200
vt 0.458980 2.035160
vt 0.966800 -0.962890
vt -0.013670 0.976560
vt -0.013670 -0.962890
vt 0.949220 -0.908200
vt 0.949220 1.000000
vt 0.000000 -0.908200
vt 0.966800 0.976560
vt -0.013670 0.033200
vt 0.476560 2.035160
vt 0.966800 1.261720
vt 0.000000 -0.962890
vt 0.000000 1.261720
vt 0.966800 -1.193360
vt 0.000000 -1.193360
s 0
usemtl mat4
f 2911/1988/1226 2913/1990/1226 2912/1989/1226
f 2914/1991/1227 2916/1988/1227 2915/1989/1227
f 2914/1991/1227 2915/1989/1227 2917/1990/1227
f 2918/1992/1228 2920/1994/1228 2919/1993/1228
f 2918/1992/1228 2921/1995/1228 2920/1994/1228
f 2914/1991/1229 2923/1989/1229 2922/1988/1229
f 2914/1991/1229 2917/1990/1229 2923/1989/1229
f 2924/1988/1226 2926/1990/1226 2925/1989/1226
f 2911/1988/1226 2927/1991/1226 2913/1990/1226
f 2928/1992/1230 2930/1995/1230 2929/1994/1230
f 2928/1992/1230 2929/1994/1230 2931/1993/1230
f 2932/1991/1229 2934/1989/1229 2933/1988/1229
f 2932/1991/1229 2935/1990/1229 2934/1989/1229
f 2924/1988/1226 2936/1991/1226 2926/1990/1226
f 2937/1996/1231 2939/1990/1231 2938/1997/1231
f 2940/1998/1232 2942/2000/1232 2941/1999/1232
f 2940/1998/1232 2943/2001/1232 2942/2000/1232
f 2944/2002/1233 2946/2004/1233 2945/2003/1233
f 2944/2002/1233 2947/2005/1233 2946/2004/1233
f 2948/2006/1227 2950/2007/1227 2949/1993/1227
f 2948/2006/1227 2951/2008/1227 2950/2007/1227
f 2952/1996/1231 2954/2009/1231 2953/1990/1231
f 2937/1996/1231 2955/2009/1231 2939/1990/1231
f 2956/2008/1226 2958/2006/1226 2957/1993/1226
f 2956/2008/1226 2957/1993/1226 2959/2007/1226
f 2960/1993/1234 2962/2011/1234 2961/2010/1234
f 2960/1993/1234 2963/2012/1234 2962/2011/1234
f 2952/1996/1231 2953/1990/1231 2964/1997/1231
f 2965/2002/1235 2967/2005/1235 2966/2004/1235
f 2968/2002/1236 2970/2004/1236 2969/2003/1236
f 2968/2002/1236 2971/2005/1236 2970/2004/1236
f 2972/1993/1234 2974/2012/1234 2973/2011/1234
f 2972/1993/1234 2973/2011/1234 2975/2010/1234
f 2976/2008/1226 2978/2006/1226 2977/1993/1226
f 2976/2008/1226 2977/1993/1226 2979/2007/1226
f 2980/2013/1237 2982/2014/1237 2981/2005/1237
f 2965/2002/1235 2966/2004/1235 2983/2003/1235
f 2984/2002/1235 2986/2004/1235 2985/2003/1235
f 2984/2002/1235 2987/2005/1235 2986/2004/1235
f 2988/1993/1232 2990/1990/1232 2989/2004/1232
f 2988/1993/1232 2989/2004/1232 2991/2015/1232
f 2980/2013/1237 2981/2005/1237 2992/2004/1237
f 2993/2004/1238 2995/2015/1238 2994/2016/1238
f 2996/2013/1226 2998/2005/1226 2997/2004/1226
f 2996/2013/1226 2999/2014/1226 2998/2005/1226
f 3000/2005/1239 3002/2013/1239 3001/2014/1239
f 3000/2005/1239 3003/2004/1239 3002/2013/1239
f 3004/1990/1227 3006/2018/1227 3005/2017/1227
f 3004/1990/1227 3007/1989/1227 3006/2018/1227
f 3008/2004/1240 3010/2015/1240 3009/2019/1240
f 2993/2004/1238 2994/2016/1238 3011/2020/1238
f 3012/2004/1241 3014/2015/1241 3013/2016/1241
f 3012/2004/1241 3013/2016/1241 3015/2020/1241
f 3016/2004/1242 3018/2015/1242 3017/2019/1242
f 3016/2004/1242 3017/2019/1242 3019/2021/1242
f 3008/2004/1240 3009/2019/1240 3020/2021/1240
f 3021/2004/1238 3023/2015/1238 3022/2016/1238
f 3024/1993/1226 3026/2004/1226 3025/2015/1226
f 3024/1993/1226 3027/1990/1226 3026/2004/1226
f 3028/2004/1226 3030/1993/1226 3029/1990/1226
f 3028/2004/1226 3031/2015/1226 3030/1993/1226
f 3032/2004/1241 3034/2015/1241 3033/2016/1241
f 3032/2004/1241 3033/2016/1241 3035/2020/1241
f 3021/2004/1238 3022/2016/1238 3036/2020/1238
f 3037/2004/1240 3039/2019/1240 3038/2021/1240
f 3037/2004/1240 3040/2015/1240 3039/2019/1240
f 3041/2004/1242 3043/2015/1242 3042/2019/1242
f 3041/2004/1242 3042/2019/1242 3044/2021/1242
f 3045/1990/1243 3047/2023/1243 3046/2022/1243
f 3048/2024/1244 3050/2026/1244 3049/2025/1244
f 3051/2027/1245 3053/2004/1245 3052/2028/1245
f 3051/2027/1245 3054/2029/1245 3053/2004/1245
f 3055/2027/1246 3057/2029/1246 3056/2004/1246
f 3055/2027/1246 3056/2004/1246 3058/2028/1246
f 3059/2024/1247 3061/2026/1247 3060/2025/1247
f 3059/2024/1247 3060/2025/1247 3062/2030/1247
f 3063/1990/1226 3065/2004/1226 3064/1993/1226
f 3048/2024/1244 3049/2025/1244 3066/2030/1244
f 3067/2031/1248 3069/2032/1248 3068/1993/1248
f 3070/1990/1249 3047/2023/1249 3071/2022/1249
f 3072/1990/1250 3047/2023/1250 3073/2022/1250
f 3074/2004/1238 3076/2015/1238 3075/2016/1238
f 3064/1993/1226 3065/2004/1226 3077/2015/1226
f 3078/2004/1241 3080/2016/1241 3079/2020/1241
f 3078/2004/1241 3081/2015/1241 3080/2016/1241
f 3082/2004/1226 3084/1993/1226 3083/1990/1226
f 3082/2004/1226 3085/2015/1226 3084/1993/1226
f 3074/2004/1238 3075/2016/1238 3086/2020/1238
f 3087/2033/1238 3089/2035/1238 3088/2034/1238
f 3090/2004/1240 3092/2016/1240 3091/2020/1240
f 3090/2004/1240 3093/2015/1240 3092/2016/1240
f 3094/2004/1242 3096/2016/1242 3095/2020/1242
f 3094/2004/1242 3097/2015/1242 3096/2016/1242
f 3098/2015/1226 3100/1993/1226 3099/1990/1226
f 3098/2015/1226 3099/1990/1226 3101/2004/1226
f 3102/2015/1241 3104/2037/1241 3103/2036/1241
f 3087/2033/1238 3088/2034/1238 3105/2024/1238
f 3106/2004/1240 3108/2036/1240 3107/2037/1240
f 3106/2004/1240 3109/2015/1240 3108/2036/1240
f 3110/2035/1242 3112/2024/1242 3111/2034/1242
f 3110/2035/1242 3113/2033/1242 3112/2024/1242
f 3102/2015/1241 3114/2004/1241 3104/2037/1241
f 3115/2004/1241 3117/2015/1241 3116/2016/1241
f 3118/1990/1226 3120/2004/1226 3119/2015/1226
f 3118/1990/1226 3119/2015/1226 3121/1993/1226
f 3122/2004/1242 3124/2015/1242 3123/2016/1242
f 3122/2004/1242 3123/2016/1242 3125/2021/1242
f 3126/2004/1240 3128/2016/1240 3127/2021/1240
f 3126/2004/1240 3129/2015/1240 3128/2016/1240
f 3130/2004/1238 3132/2016/1238 3131/2021/1238
f 3115/2004/1241 3116/2016/1241 3133/2021/1241
f 3130/2004/1238 3134/2015/1238 3132/2016/1238
