# Blender 5.0.1
# www.blender.org
mtllib nagasawaGround.mtl
o 立方体
v -82.784988 -1.000000 100.000000
v -82.784988 1.000000 100.000000
v -82.784988 -1.000000 -100.000000
v -82.784988 1.000000 -100.000000
v 117.215012 -1.000000 50.000000
v 117.215012 1.000000 50.000000
v 117.215012 -1.000000 -50.000000
v 117.215012 1.000000 -50.000000
v 17.303410 -1.000000 -74.977898
v 17.303410 1.000000 -74.977898
v 17.303410 -1.000000 74.977898
v 17.303410 1.000000 74.977898
v -32.883118 -1.000000 -87.524536
v -32.883118 1.000000 87.524536
v -32.883118 1.000000 -87.524536
v -32.883118 -1.000000 87.524536
v 67.259216 1.000000 -62.488949
v 67.259216 -1.000000 62.488949
v 67.259216 -1.000000 -62.488949
v 67.259216 1.000000 62.488949
v -82.784988 10.000000 100.000000
v -82.784988 10.000000 -100.000000
v -32.883118 10.000000 87.524536
v -32.883118 10.000000 -87.524536
v 17.303410 10.000000 -74.977898
v 67.259216 10.000000 62.488949
v 17.303410 10.000000 74.977898
v 67.259216 10.000000 -62.488949
v -82.784988 20.000000 100.000000
v -82.784988 20.000000 -100.000000
v -32.883118 20.000000 87.524536
v -32.883118 20.000000 -87.524536
v 17.303410 20.000000 -74.977898
v 17.303410 20.000000 74.977898
v -82.784988 28.400000 100.000000
v -82.784988 28.400000 -100.000000
v -32.883118 28.400000 87.524536
v -32.883118 28.400000 -87.524536
v -82.784988 -1.000000 50.000000
v 117.215012 1.000000 25.000000
v 67.259216 1.000000 31.244474
v 17.303410 10.000000 37.488949
v 67.259216 10.000000 31.244474
v 13.703874 20.000000 37.938892
v -32.883118 20.000000 43.762268
v -32.883118 28.400000 43.762268
v 117.215012 -1.000000 25.000000
v -82.784988 28.400000 50.000000
v 117.215012 -1.000000 -25.000000
v -82.784988 28.400000 -50.000000
v -82.784988 -1.000000 -50.000000
v 117.215012 1.000000 -25.000000
v 67.259216 1.000000 -31.244474
v 17.303410 10.000000 -37.488949
v 67.259216 10.000000 -31.244474
v 11.244285 20.000000 38.246342
v -32.883118 20.000000 -43.762268
v -32.883118 28.400000 -43.762268
v 17.303410 10.000000 -56.233421
v 17.303410 20.000000 -56.233421
v 17.303410 20.000000 56.233421
v 42.281311 -1.000000 -68.733421
v 42.281311 1.000000 68.733421
v 42.281311 1.000000 -68.733421
v 42.281311 -1.000000 68.733421
v 42.281311 10.000000 68.733421
v 42.281311 10.000000 -68.733421
v 42.281311 10.000000 34.366711
v 42.281311 -1.000000 34.366711
v 42.281311 -1.000000 -34.366711
v 42.281311 10.000000 -34.366711
v -7.789854 1.000000 -81.251221
v -7.789854 -1.000000 81.251221
v -7.789854 -1.000000 -81.251221
v -7.789854 1.000000 81.251221
v -7.789854 10.000000 -81.251221
v -7.789854 10.000000 81.251221
v -7.789854 20.000000 -81.251221
v -7.789854 20.000000 81.251221
v -7.789854 20.000000 40.625610
v -7.789854 -1.000000 40.625610
v -7.789854 -1.000000 -40.625610
v -7.789854 20.000000 -40.625610
v -57.834049 -1.000000 -93.762268
v -57.834049 1.000000 93.762268
v -57.834049 1.000000 -93.762268
v -57.834049 -1.000000 93.762268
v -57.834049 10.000000 93.762268
v -57.834049 10.000000 -93.762268
v -57.834049 20.000000 93.762268
v -57.834049 20.000000 -93.762268
v -57.834049 28.400000 93.762268
v -57.834049 28.400000 -93.762268
v -57.834049 28.400000 46.881134
v -57.834049 -1.000000 46.881134
v -57.834049 -1.000000 -46.881134
v -57.834049 28.400000 -46.881134
v 54.770260 1.000000 -65.611183
v 54.770260 -1.000000 65.611183
v 54.770260 10.000000 -65.611183
v 54.770260 10.000000 32.805592
v 54.770260 10.000000 -32.805592
v 54.770260 -1.000000 -65.611183
v 54.770260 1.000000 65.611183
v 54.770260 10.000000 65.611183
v 4.756778 1.000000 -78.114563
v 4.756778 -1.000000 78.114563
v 4.756778 10.000000 -78.114563
v 4.756778 20.000000 -78.114563
v 4.756778 20.000000 39.057281
v 4.756778 20.000000 -39.057281
v 4.756778 -1.000000 -78.114563
v 4.756778 1.000000 78.114563
v 4.756778 10.000000 78.114563
v 4.756778 20.000000 78.114563
v -45.358585 1.000000 -90.643402
v -45.358585 -1.000000 90.643402
v -45.358585 10.000000 -90.643402
v -45.358585 20.000000 -90.643402
v -45.358585 28.400000 -90.643402
v -45.358585 28.400000 45.321701
v -45.358585 28.400000 -45.321701
v -45.358585 -1.000000 -90.643402
v -45.358585 1.000000 90.643402
v -45.358585 10.000000 90.643402
v -45.358585 20.000000 90.643402
v -45.358585 28.400000 90.643402
v 60.234177 6.300000 32.122604
v 11.030094 20.000000 -57.409668
v 11.030094 20.000000 57.409668
v 64.136978 3.600000 -31.634754
v 63.746693 3.600000 -31.683538
v 64.136978 3.600000 31.634754
v 7.893435 20.000000 -57.997791
v 7.893435 20.000000 57.997791
v 64.917534 2.700000 31.537184
v 9.461764 20.000000 -57.703728
v 9.461764 20.000000 57.703728
v -114.498215 -1.000000 100.000000
v -114.498215 1.000000 100.000000
v -114.498215 1.000000 -100.000000
v -114.498215 -1.000000 -100.000000
v -114.498215 10.000000 -100.000000
v -114.498215 10.000000 100.000000
v -114.498215 20.000000 -100.000000
v -114.498215 20.000000 100.000000
v -114.498215 28.400000 -100.000000
v -114.498215 28.400000 100.000000
v -114.498215 -1.000000 -50.000000
v -114.498215 1.000000 50.000000
v -114.498215 10.000000 50.000000
v -114.498215 20.000000 50.000000
v -114.498215 28.400000 50.000000
v -114.498215 -1.000000 50.000000
v -114.498215 1.000000 -50.000000
v -114.498215 10.000000 -50.000000
v -114.498215 20.000000 -50.000000
v -114.498215 28.400000 -50.000000
v 61.014736 5.699999 32.025032
v 11.814259 20.000000 -57.262638
v 11.814259 20.000000 57.262638
v 10.245929 20.000000 -57.556698
v 10.245929 20.000000 57.556698
v 8.677600 20.000000 -57.850761
v 8.677600 20.000000 57.850761
v 63.746693 3.600000 31.683538
v 12.206341 20.000000 -57.189125
v 12.206341 20.000000 57.189125
v 11.422176 20.000000 -57.336151
v 11.422176 20.000000 57.336151
v 10.638011 20.000000 -57.483185
v 10.638011 20.000000 57.483185
v 9.853847 20.000000 -57.630211
v 9.853847 20.000000 57.630211
v 9.069682 20.000000 -57.777245
v 9.069682 20.000000 57.777245
v 8.285518 20.000000 -57.924278
v 8.285518 20.000000 57.924278
v 67.259216 1.300000 -31.244474
v 67.259216 1.300000 31.244474
v 66.868927 1.300000 31.293259
v 66.868927 1.300000 -31.293259
v 66.478653 1.600000 -31.342045
v 66.478653 1.600000 31.342045
v 66.868927 1.600000 31.293259
v 66.868927 1.600000 -31.293259
v 65.698090 2.100000 31.439613
v 65.698090 2.100000 -31.439613
v 66.088379 2.100000 31.390829
v 66.088379 2.100000 -31.390829
v 65.307816 2.400000 31.488400
v 65.698090 2.400000 31.439613
v 65.307816 2.400000 -31.488400
v 65.698090 2.400000 -31.439613
v 64.917534 2.700000 -31.537184
v 65.307816 2.700000 31.488400
v 65.307816 2.700000 -31.488400
v 64.527252 3.000000 31.585968
v 64.917534 3.000000 31.537184
v 64.527252 3.000000 -31.585968
v 64.917534 3.000000 -31.537184
v 64.136978 3.300000 -31.634754
v 64.136978 3.300000 31.634754
v 64.527252 3.300000 31.585968
v 64.527252 3.300000 -31.585968
v 63.356415 3.900000 31.732323
v 63.356415 3.900000 -31.732323
v 63.746693 3.900000 -31.683538
v 63.746693 3.900000 31.683538
v 62.966137 4.199999 31.781109
v 63.356415 4.199999 31.732323
v 62.966137 4.199999 -31.781109
v 63.356415 4.199999 -31.732323
v 62.575855 4.500000 -31.829893
v 62.575855 4.500000 31.829893
v 62.966137 4.500000 31.781109
v 62.966137 4.500000 -31.781109
v 62.185574 4.800000 31.878677
v 62.575855 4.800000 31.829893
v 62.185574 4.800000 -31.878677
v 62.575855 4.800000 -31.829893
v 61.795296 5.100000 -31.927464
v 61.795296 5.100000 31.927464
v 62.185574 5.100000 31.878677
v 62.185574 5.100000 -31.878677
v 61.405018 5.400000 31.976248
v 61.795296 5.400000 31.927464
v 61.405018 5.400000 -31.976248
v 61.795296 5.400000 -31.927464
v 61.014736 5.699999 -32.025032
v 61.405018 5.699999 31.976248
v 61.405018 5.699999 -31.976248
v 60.624454 6.000000 32.073818
v 61.014736 6.000000 32.025032
v 60.624454 6.000000 -32.073818
v 61.014736 6.000000 -32.025032
v 60.234177 6.300000 -32.122604
v 60.624454 6.300000 32.073818
v 60.624454 6.300000 -32.073818
v 59.843899 6.599999 32.171387
v 60.234177 6.599999 32.122604
v 59.843899 6.599999 -32.171387
v 60.234177 6.599999 -32.122604
v 59.453617 6.900001 -32.220173
v 59.453617 6.900001 32.220173
v 59.843899 6.900001 32.171387
v 59.843899 6.900001 -32.171387
v 59.063335 7.199999 32.268959
v 59.453617 7.199999 32.220173
v 59.063335 7.199999 -32.268959
v 59.453617 7.199999 -32.220173
v 58.673058 7.500000 -32.317741
v 58.673058 7.500000 32.317741
v 59.063335 7.500000 32.268959
v 59.063335 7.500000 -32.268959
v 58.282780 7.800001 32.366528
v 58.673058 7.800001 32.317741
v 58.282780 7.800001 -32.366528
v 58.673058 7.800001 -32.317741
v 58.282780 8.099999 -32.366528
v 57.892498 8.099999 -32.415314
v 57.892498 8.099999 32.415314
v 58.282780 8.099999 32.366528
v 56.331379 9.299999 32.610451
v 57.502216 8.400000 32.464096
v 57.892498 8.400000 32.415314
v 57.502216 8.400000 -32.464096
v 57.892498 8.400000 -32.415314
v 57.111938 8.699999 -32.512882
v 57.111938 8.699999 32.512882
v 57.502216 8.699999 32.464096
v 57.502216 8.699999 -32.464096
v 56.721661 9.000000 32.561668
v 57.111938 9.000000 32.512882
v 56.721661 9.000000 -32.561668
v 57.111938 9.000000 -32.512882
v 56.331379 9.299999 -32.610451
v 56.721661 9.299999 32.561668
v 56.721661 9.299999 -32.561668
v 55.550819 10.000000 32.708023
v 55.550819 10.000000 -32.708023
v 55.941097 10.000000 32.659237
v 55.941097 10.000000 -32.659237
v 55.941097 9.650000 32.659237
v 56.331379 9.650000 32.610451
v 55.941097 9.650000 -32.659237
v 56.331379 9.650000 -32.610451
v 6.325107 20.000000 38.861240
v 6.325107 20.000000 -38.861240
v 6.325107 20.000000 -58.291855
v 7.109271 20.000000 -58.144821
v 7.109271 20.000000 58.144821
v 7.501353 20.000000 -58.071304
v 7.501353 20.000000 58.071304
v 6.717189 20.000000 -58.218338
v 6.717189 20.000000 58.218338
v -43.799152 28.400000 45.126770
v -43.799152 28.400000 -45.126770
v -43.409294 28.400000 45.078037
v -43.409294 28.400000 -45.078037
v 17.303410 10.000000 -46.861183
v 8.677600 15.100005 -48.811581
v 8.285518 15.100005 -48.873611
v 11.422176 15.100005 -48.377380
v 10.245929 15.100005 -48.563469
v 12.206341 15.100005 -48.253326
v 7.109271 15.100005 -49.059700
v 6.325107 15.100005 -49.183754
v 10.638011 15.100005 -48.501442
v 9.069682 15.100005 -48.749550
v 11.030094 15.100005 -48.439407
v 6.717189 15.100005 -49.121727
v 7.893435 15.100005 -48.935638
v 9.853847 15.100005 -48.625496
v 9.461764 15.100005 -48.687523
v 11.814259 15.100005 -48.315350
v 10.245929 19.764275 53.359856
v 10.245929 15.100002 48.563469
v 12.206341 15.100002 48.253326
v 11.814259 15.100002 48.315350
v 9.461764 15.100002 48.386982
v 7.893435 15.100002 48.633568
v 8.677600 15.100002 48.510277
v 12.206341 15.100002 47.955467
v 10.245929 15.100002 48.263695
v 9.461764 15.100002 48.687523
v 11.814259 15.100002 48.017105
v 7.893435 15.100002 48.935638
v 8.677600 15.100002 48.811581
v 11.030094 15.100002 48.439407
v 11.422176 15.100002 48.078754
v 11.030094 15.100002 48.140400
v 16.911327 10.300000 37.537956
v 17.303410 10.300000 37.488949
v 17.303410 10.300000 -46.861183
v 17.303410 10.300000 -37.488949
v 16.911327 10.300000 -37.537956
v 16.911327 10.300000 -46.922447
v 17.303410 10.300000 46.861183
v 16.911327 10.300000 46.922447
v 16.911327 10.600000 37.537956
v 16.519245 10.600000 37.586967
v 16.519245 10.600000 -37.586967
v 16.519245 10.600000 -46.983711
v 16.911327 10.600000 -37.537956
v 16.911327 10.600000 -46.922447
v 16.519245 10.600000 46.983711
v 16.911327 10.600000 46.922447
v 16.519245 10.900000 -37.586967
v 16.127163 10.900000 -37.635979
v 16.519245 10.900000 37.586967
v 16.127163 10.900000 37.635979
v 16.519245 10.900000 -46.983711
v 16.127163 10.900000 -47.044971
v 16.519245 10.900000 46.983711
v 16.127163 10.900000 47.044971
v 16.127163 11.200002 37.635979
v 15.735081 11.200002 37.684990
v 15.735081 11.200002 -37.684990
v 15.735081 11.200002 -47.106236
v 16.127163 11.200002 -37.635979
v 16.127163 11.200002 -47.044971
v 15.735081 11.200002 47.106236
v 16.127163 11.200002 47.044971
v 15.735081 11.499999 -37.684990
v 15.342999 11.499999 -37.734001
v 15.735081 11.499999 37.684990
v 15.342999 11.499999 37.734001
v 15.735081 11.499999 -47.106236
v 15.342999 11.499999 -47.167500
v 15.735081 11.499999 47.106236
v 15.342999 11.499999 47.167500
v 15.342999 11.800002 37.734001
v 14.950916 11.800002 37.783012
v 14.950916 11.800002 -37.783012
v 14.950916 11.800002 -47.228764
v 15.342999 11.800002 -37.734001
v 15.342999 11.800002 -47.167500
v 14.950916 11.800002 47.228764
v 15.342999 11.800002 47.167500
v 14.950916 12.100001 -37.783012
v 14.558834 12.100001 -37.832024
v 14.950916 12.100001 37.783012
v 14.558834 12.100001 37.832024
v 14.950916 12.100001 -47.228764
v 14.558834 12.100001 -47.290028
v 14.950916 12.100001 47.228764
v 14.558834 12.100001 47.290028
v 14.558834 12.399998 37.832024
v 14.166752 12.399998 37.881035
v 14.166752 12.399998 -37.881035
v 14.166752 12.399998 -47.351288
v 14.558834 12.399998 -37.832024
v 14.558834 12.399998 -47.290028
v 14.166752 12.399998 47.351288
v 14.558834 12.399998 47.290028
v 14.166752 12.700000 -37.881035
v 13.774670 12.700000 -37.930046
v 14.166752 12.700000 37.881035
v 13.774670 12.700000 37.930046
v 14.166752 12.700000 -47.351288
v 13.774670 12.700000 -47.412552
v 14.166752 12.700000 47.351288
v 13.774670 12.700000 47.412552
v 13.774670 13.000000 37.930046
v 13.382587 13.000000 37.979057
v 13.382587 13.000000 -37.979057
v 13.382587 13.000000 -47.473816
v 13.774670 13.000000 -37.930046
v 13.774670 13.000000 -47.412552
v 13.382587 13.000000 47.473816
v 13.774670 13.000000 47.412552
v 13.382587 13.300000 -37.979057
v 12.990505 13.300000 -38.028069
v 13.382587 13.300000 37.979057
v 12.990505 13.300000 38.028069
v 13.382587 13.300000 -47.473816
v 12.990505 13.300000 -47.535080
v 13.382587 13.300000 47.473816
v 12.990505 13.300000 47.535080
v 12.990505 13.600000 38.028069
v 12.598423 13.600000 38.077076
v 12.598423 13.600000 -38.077076
v 12.598423 13.600000 -47.596344
v 12.990505 13.600000 -38.028069
v 12.990505 13.600000 -47.535080
v 12.598423 13.600000 47.596344
v 12.990505 13.600000 47.535080
v 12.598423 13.900000 -38.077076
v 12.206341 13.900000 -38.126083
v 12.598423 13.900000 38.077076
v 12.206341 13.900000 38.126083
v 12.598423 13.900000 -47.596344
v 12.206341 13.900000 -47.657604
v 12.598423 13.900000 47.596344
v 12.206341 13.900000 47.657604
v 12.206341 14.200001 38.126083
v 11.814259 14.200001 38.175095
v 11.814259 14.200001 -38.175095
v 11.814259 14.200001 -47.718864
v 12.206341 14.200001 -38.126083
v 12.206341 14.200001 -47.657604
v 11.814259 14.200001 47.718864
v 12.206341 14.200001 47.657604
v 11.030094 14.500008 -38.273117
v 10.638011 14.500008 -38.322128
v 11.030094 14.500008 38.273117
v 10.638011 14.500008 38.322128
v 11.030094 14.500008 -47.841393
v 7.501353 14.500008 38.714211
v 7.893435 14.500008 38.665199
v 7.501353 14.500008 -38.714211
v 7.893435 14.500008 -38.665199
v 7.893435 14.500008 -48.331497
v 9.069682 14.500008 38.518166
v 9.461764 14.500008 38.469158
v 9.069682 14.500008 -38.518166
v 9.461764 14.500008 -38.469158
v 9.461764 14.500008 -48.086441
v 11.422176 14.500008 38.224106
v 11.814259 14.500008 38.175095
v 11.422176 14.500008 -38.224106
v 11.814259 14.500008 -38.175095
v 11.814259 14.500008 -47.718864
v 9.853847 14.500008 38.420151
v 10.245929 14.500008 38.371140
v 9.853847 14.500008 -38.420151
v 10.245929 14.500008 -38.371140
v 10.245929 14.500008 -47.963921
v 8.285518 14.500008 38.616188
v 8.677600 14.500008 38.567177
v 8.285518 14.500008 -38.616188
v 8.677600 14.500008 -38.567177
v 8.677600 14.500008 -48.208969
v 11.422176 14.500008 -47.780128
v 10.638011 14.500008 -47.902657
v 9.853847 14.500008 -48.025181
v 9.069682 14.500008 -48.147705
v 8.285518 14.500008 -48.270233
v 6.325107 14.500008 -48.576546
v 6.325107 14.500008 -38.861240
v 6.717189 14.500008 38.812233
v 7.109271 14.500008 38.763222
v 6.717189 14.500008 -38.812233
v 7.109271 14.500008 -38.763222
v 7.109271 14.500008 -48.454021
v 7.501353 14.500008 -48.392757
v 6.325107 14.500008 38.861240
v 6.717189 14.500008 -48.515285
v 11.030094 14.500008 47.841393
v 7.893435 14.500008 48.331497
v 9.461764 14.500008 48.086441
v 11.814259 14.500008 47.718864
v 10.245929 14.500008 47.963921
v 8.677600 14.500008 48.208969
v 11.422176 14.500008 47.780128
v 10.638011 14.500008 47.902657
v 9.853847 14.500008 48.025181
v 9.069682 14.500008 48.147705
v 8.285518 14.500008 48.270233
v 6.325107 14.500008 48.576546
v 7.109271 14.500008 48.454021
v 7.501353 14.500008 48.392757
v 6.717189 14.500008 48.515285
v 17.303410 9.999998 56.233421
v 17.303410 9.999998 46.861183
v 17.303410 9.999998 -56.233421
v 14.166752 9.999998 47.351288
v 15.735081 9.999998 47.106236
v 12.206341 9.999998 -57.189125
v 12.206341 9.999998 57.189125
v 12.598423 9.999998 47.596344
v 16.519245 9.999998 46.983711
v 14.950916 9.999998 47.228764
v 13.382587 9.999998 47.473816
v 16.911327 9.999998 46.922447
v 16.127163 9.999998 47.044971
v 15.342999 9.999998 47.167500
v 14.558834 9.999998 47.290028
v 13.774670 9.999998 47.412552
v 12.990505 9.999998 47.535080
v 12.206341 9.999998 47.657604
v 17.303410 9.999998 -46.861183
v 14.166752 9.999998 -47.351288
v 15.735081 9.999998 -47.106236
v 12.598423 9.999998 -47.596344
v 16.519245 9.999998 -46.983711
v 14.950916 9.999998 -47.228764
v 13.382587 9.999998 -47.473816
v 16.911327 9.999998 -46.922447
v 16.127163 9.999998 -47.044971
v 15.342999 9.999998 -47.167500
v 14.558834 9.999998 -47.290028
v 13.774670 9.999998 -47.412552
v 12.990505 9.999998 -47.535080
v 12.206341 9.999998 -47.657604
v 7.893435 19.764275 53.768784
v 11.422176 19.764275 52.856766
v 11.814259 19.764275 53.087238
v 12.206341 19.764275 52.721222
v 7.893435 19.764275 53.466713
v 8.677600 19.764275 53.632477
v 10.245929 19.764275 53.060081
v 8.677600 19.764275 53.331169
v 12.206341 19.764275 53.019081
v 11.030094 19.764275 53.223549
v 11.030094 19.764275 52.924538
v 9.461764 19.764275 53.496162
v 9.461764 19.764275 53.195625
v 11.814259 19.764275 52.788994
v 8.677600 17.400003 51.222027
v 10.245929 17.400003 50.661888
v 7.893435 17.400003 51.352211
v 8.677600 17.400003 50.920723
v 12.206341 17.400003 50.636200
v 11.030094 17.400003 50.532471
v 10.245929 17.400003 50.961662
v 7.893435 17.400003 51.050140
v 11.030094 17.400003 50.831478
v 11.422176 17.400003 50.467762
v 11.814259 17.400003 50.403053
v 11.814259 17.400003 50.701294
v 9.461764 17.400003 51.091843
v 9.461764 17.400003 50.791302
v 12.206341 17.400003 50.338341
v 11.030094 20.000000 55.017601
v 7.893435 20.000000 55.581215
v 9.461764 20.000000 55.299408
v 11.814259 20.000000 54.876694
v 10.245929 20.000000 55.158501
v 8.677600 20.000000 55.440315
v 12.206341 20.000000 54.806244
v 11.422176 20.000000 54.947144
v 10.638011 20.000000 55.088051
v 9.853847 20.000000 55.228954
v 9.069682 20.000000 55.369858
v 8.285518 20.000000 55.510765
v 6.325107 20.000000 55.863029
v 7.109271 20.000000 55.722122
v 7.501353 20.000000 55.651669
v 6.717189 20.000000 55.792576
v 11.030094 20.000000 53.821564
v 7.893435 20.000000 54.372929
v 9.461764 20.000000 54.097244
v 11.814259 20.000000 53.683723
v 10.245929 20.000000 53.959404
v 8.677600 20.000000 54.235092
v 12.206341 20.000000 53.614803
v 11.422176 20.000000 53.752640
v 10.638011 20.000000 53.890488
v 9.853847 20.000000 54.028328
v 9.069682 20.000000 54.166168
v 8.285518 20.000000 54.304008
v 6.325107 20.000000 54.648613
v 7.109271 20.000000 54.510773
v 7.501353 20.000000 54.441849
v 6.717189 20.000000 54.579697
v 7.893435 18.600004 52.560501
v 12.206341 18.600004 51.827644
v 11.814259 18.600004 51.894268
v 8.677600 18.600004 52.125946
v 11.030094 18.600004 51.728504
v 9.461764 18.600004 51.993465
v 12.206341 18.600004 51.529785
v 8.677600 18.600004 52.427254
v 10.245929 18.600004 51.860985
v 11.030094 18.600004 52.027512
v 9.461764 18.600004 52.294006
v 7.893435 18.600004 52.258430
v 10.245929 18.600004 52.160759
v 11.422176 18.600004 51.662266
v 11.814259 18.600004 51.596024
v 12.206341 16.299997 49.444763
v 12.206341 16.299997 49.146904
v 11.030094 16.299997 49.336433
v 8.677600 16.299997 49.715500
v 11.814259 16.299997 49.508324
v 9.461764 16.299997 49.589142
v 10.245929 16.299997 49.762566
v 9.461764 16.299997 49.889679
v 11.030094 16.299997 49.635445
v 10.245929 16.299997 49.462791
v 11.422176 16.299997 49.273258
v 8.677600 16.299997 50.016804
v 7.893435 16.299997 50.143929
v 7.893435 16.299997 49.841858
v 11.814259 16.299997 49.210079
v 11.030094 20.000000 56.213634
v 7.893435 20.000000 56.789505
v 9.461764 20.000000 56.501568
v 11.814259 20.000000 56.069664
v 10.245929 20.000000 56.357597
v 8.677600 20.000000 56.645538
v 12.206341 20.000000 55.997684
v 11.422176 20.000000 56.141647
v 10.638011 20.000000 56.285618
v 9.853847 20.000000 56.429581
v 9.069682 20.000000 56.573551
v 8.285518 20.000000 56.717522
v 6.325107 20.000000 57.077442
v 7.109271 20.000000 56.933472
v 7.501353 20.000000 56.861488
v 6.717189 20.000000 57.005455
v 11.030094 20.000000 55.615616
v 7.893435 20.000000 56.185360
v 9.461764 20.000000 55.900490
v 11.814259 20.000000 55.473179
v 10.245929 20.000000 55.758049
v 8.677600 20.000000 56.042927
v 12.206341 20.000000 55.401962
v 11.422176 20.000000 55.544395
v 10.638011 20.000000 55.686836
v 9.853847 20.000000 55.829269
v 9.069682 20.000000 55.971703
v 8.285518 20.000000 56.114143
v 6.325107 20.000000 56.470238
v 7.109271 20.000000 56.327797
v 7.501353 20.000000 56.256577
v 6.717189 20.000000 56.399017
v 11.030094 20.000000 54.419582
v 7.893435 20.000000 54.977074
v 9.461764 20.000000 54.698326
v 11.814259 20.000000 54.280209
v 10.245929 20.000000 54.558952
v 8.677600 20.000000 54.837704
v 12.206341 20.000000 54.210526
v 11.422176 20.000000 54.349892
v 10.638011 20.000000 54.489269
v 9.853847 20.000000 54.628639
v 9.069682 20.000000 54.768013
v 8.285518 20.000000 54.907387
v 6.325107 20.000000 55.255821
v 7.109271 20.000000 55.116447
v 7.501353 20.000000 55.046761
v 6.717189 20.000000 55.186134
v 11.030094 20.000000 53.223549
v 7.893435 20.000000 53.768784
v 9.461764 20.000000 53.496162
v 11.814259 20.000000 53.087238
v 10.245929 20.000000 53.359856
v 8.677600 20.000000 53.632477
v 12.206341 20.000000 53.019081
v 11.422176 20.000000 53.155388
v 10.638011 20.000000 53.291702
v 9.853847 20.000000 53.428013
v 9.069682 20.000000 53.564323
v 8.285518 20.000000 53.700630
v 6.325107 20.000000 54.041405
v 7.109271 20.000000 53.905098
v 7.501353 20.000000 53.836941
v 6.717189 20.000000 53.973255
v 11.814259 19.200008 52.490753
v 11.030094 19.200008 52.326523
v 8.677600 19.200008 53.029865
v 11.814259 19.200008 52.192513
v 10.245929 19.200008 52.460533
v 9.461764 19.200008 52.895084
v 11.030094 19.200008 52.625530
v 9.461764 19.200008 52.594543
v 12.206341 19.200008 52.125504
v 10.245929 19.200008 52.760307
v 7.893435 19.200008 52.862572
v 7.893435 19.200008 53.164642
v 11.422176 19.200008 52.259514
v 12.206341 19.200008 52.423363
v 8.677600 19.200008 52.728561
v 9.461764 18.000004 51.692924
v 11.814259 18.000004 51.297783
v 12.206341 18.000004 50.934059
v 10.245929 18.000004 51.261436
v 7.893435 18.000004 51.654282
v 11.814259 18.000004 50.999538
v 7.893435 18.000004 51.956356
v 10.245929 18.000004 51.561211
v 12.206341 18.000004 51.231922
v 9.461764 18.000004 51.392384
v 11.030094 18.000004 51.429497
v 11.030094 18.000004 51.130486
v 8.677600 18.000004 51.824638
v 8.677600 18.000004 51.523331
v 11.422176 18.000004 51.065014
v 12.206341 16.899994 50.040482
v 9.461764 16.899994 50.490761
v 11.814259 16.899994 50.104809
v 7.893435 16.899994 50.748070
v 8.677600 16.899994 50.619415
v 7.893435 16.899994 50.445999
v 8.677600 16.899994 50.318108
v 11.030094 16.899994 49.934452
v 10.245929 16.899994 50.062340
v 12.206341 16.899994 49.742622
v 11.422176 16.899994 49.870510
v 9.461764 16.899994 50.190220
v 11.814259 16.899994 49.806564
v 11.030094 16.899994 50.233459
v 10.245929 16.899994 50.362114
v 12.206341 15.700001 48.551186
v 10.245929 15.700001 49.163017
v 11.030094 15.700001 48.738419
v 8.677600 15.700001 49.414192
v 12.206341 15.700001 48.849045
v 11.030094 15.700001 49.037426
v 8.677600 15.700001 49.112885
v 7.893435 15.700001 49.539783
v 11.814259 15.700001 48.613594
v 11.422176 15.700001 48.676006
v 11.814259 15.700001 48.911835
v 10.245929 15.700001 48.863243
v 9.461764 15.700001 49.288601
v 9.461764 15.700001 48.988060
v 7.893435 15.700001 49.237709
v 11.030094 20.000000 56.811653
v 7.893435 20.000000 57.393646
v 9.461764 20.000000 57.102646
v 11.814259 20.000000 56.666153
v 10.245929 20.000000 56.957146
v 8.677600 20.000000 57.248150
v 12.206341 20.000000 56.593407
v 11.422176 20.000000 56.738899
v 10.638011 20.000000 56.884399
v 9.853847 20.000000 57.029896
v 9.069682 20.000000 57.175400
v 8.285518 20.000000 57.320900
v 6.325107 20.000000 57.684647
v 7.109271 20.000000 57.539146
v 7.501353 20.000000 57.466396
v 6.717189 20.000000 57.611897
v 7.109271 15.400002 49.059700
v 6.717189 15.400002 49.121727
v 9.461764 15.400002 48.687523
v 8.677600 15.400002 48.811581
v 12.206341 15.400002 48.253326
v 11.030094 15.400002 48.439407
v 10.638011 15.400002 48.501442
v 11.422176 15.400002 48.377380
v 9.853847 15.400002 48.625496
v 10.245929 15.400002 48.563469
v 7.501353 15.400002 48.997665
v 9.069682 15.400002 48.749550
v 8.285518 15.400002 48.873611
v 7.893435 15.400002 48.935638
v 11.814259 15.400002 48.315350
v 6.325107 16.000004 49.790958
v 8.285518 16.000004 49.476990
v 10.638011 16.000004 49.100224
v 7.893435 16.000004 49.539783
v 6.717189 16.000004 49.728165
v 11.030094 16.000004 49.037426
v 11.814259 16.000004 48.911835
v 10.245929 16.000004 49.163017
v 7.501353 16.000004 49.602577
v 7.109271 16.000004 49.665375
v 9.853847 16.000004 49.225807
v 11.422176 16.000004 48.974632
v 9.069682 16.000004 49.351398
v 8.677600 16.000004 49.414192
v 9.461764 16.000004 49.288601
v 11.814259 16.600004 49.508324
v 10.245929 16.600004 49.762566
v 7.893435 16.600004 50.143929
v 11.030094 16.600004 49.635445
v 9.069682 16.600004 49.953247
v 8.285518 16.600004 50.080368
v 10.638011 16.600004 49.699005
v 7.501353 16.600004 50.207485
v 8.677600 16.600004 50.016804
v 11.422176 16.600004 49.571884
v 9.461764 16.600004 49.889679
v 9.853847 16.600004 49.826122
v 6.717189 16.600004 50.334606
v 6.325107 16.600004 50.398163
v 7.109271 16.600004 50.271049
v 9.069682 17.100006 50.555092
v 8.677600 17.100006 50.619415
v 9.461764 17.100006 50.490761
v 10.245929 17.100006 50.362114
v 7.501353 17.100006 50.812393
v 11.030094 17.100006 50.233459
v 12.206341 17.100006 50.040482
v 11.422176 17.100006 50.169136
v 7.109271 17.100006 50.876724
v 11.814259 17.100006 50.104809
v 6.717189 17.100006 50.941048
v 10.638011 17.100006 50.297791
v 8.285518 17.100006 50.683746
v 7.893435 17.100006 50.748070
v 9.853847 17.100006 50.426437
v 9.853847 17.699999 51.026752
v 8.677600 17.699999 51.222027
v 11.422176 17.699999 50.766388
v 9.461764 17.699999 51.091843
v 10.245929 17.699999 50.961662
v 7.501353 17.699999 51.417305
v 9.069682 17.699999 51.156937
v 7.109271 17.699999 51.482399
v 11.814259 17.699999 50.701294
v 10.638011 17.699999 50.896572
v 7.893435 17.699999 51.352211
v 8.285518 17.699999 51.287125
v 6.717189 17.699999 51.547489
v 6.325107 17.699999 51.612579
v 11.030094 17.699999 50.831478
v 9.853847 18.299995 51.627068
v 9.461764 18.299995 51.692924
v 8.677600 18.299995 51.824638
v 8.285518 18.299995 51.890503
v 12.206341 18.299995 51.231922
v 6.717189 18.299995 52.153931
v 7.893435 18.299995 51.956356
v 10.638011 18.299995 51.495354
v 11.814259 18.299995 51.297783
v 11.422176 18.299995 51.363640
v 9.069682 18.299995 51.758781
v 10.245929 18.299995 51.561211
v 7.109271 18.299995 52.088074
v 11.030094 18.299995 51.429497
v 7.501353 18.299995 52.022213
v 11.422176 18.899998 51.960892
v 11.814259 18.899998 51.894268
v 6.717189 18.899998 52.760372
v 10.245929 18.899998 52.160759
v 7.893435 18.899998 52.560501
v 9.853847 18.899998 52.227383
v 12.206341 18.899998 51.827644
v 10.638011 18.899998 52.094139
v 7.109271 18.899998 52.693748
v 11.030094 18.899998 52.027512
v 9.461764 18.899998 52.294006
v 8.285518 18.899998 52.493881
v 9.069682 18.899998 52.360626
v 8.677600 18.899998 52.427254
v 7.501353 18.899998 52.627121
v 7.893435 19.500002 53.164642
v 11.422176 19.500002 52.558140
v 9.069682 19.500002 52.962475
v 10.245929 19.500002 52.760307
v 6.325107 19.500002 53.434200
v 6.717189 19.500002 53.366814
v 11.030094 19.500002 52.625530
v 10.638011 19.500002 52.692921
v 9.461764 19.500002 52.895084
v 8.285518 19.500002 53.097256
v 7.109271 19.500002 53.299423
v 7.501353 19.500002 53.232033
v 9.853847 19.500002 52.827698
v 11.814259 19.500002 52.490753
v 8.677600 19.500002 53.029865
v 11.030094 20.000000 53.522556
v 7.893435 20.000000 54.070854
v 9.461764 20.000000 53.796703
v 11.814259 20.000000 53.385483
v 10.245929 20.000000 53.659630
v 8.677600 20.000000 53.933784
v 12.206341 20.000000 53.316940
v 11.422176 20.000000 53.454014
v 10.638011 20.000000 53.591095
v 9.853847 20.000000 53.728172
v 9.069682 20.000000 53.865246
v 8.285518 20.000000 54.002319
v 6.325107 20.000000 54.345009
v 7.109271 20.000000 54.207935
v 7.501353 20.000000 54.139397
v 6.717189 20.000000 54.276474
v 11.030094 20.000000 54.120575
v 7.893435 20.000000 54.675003
v 9.461764 20.000000 54.397785
v 11.814259 20.000000 53.981964
v 10.245929 20.000000 54.259178
v 8.677600 20.000000 54.536400
v 12.206341 20.000000 53.912666
v 11.422176 20.000000 54.051266
v 10.638011 20.000000 54.189880
v 9.853847 20.000000 54.328484
v 9.069682 20.000000 54.467091
v 8.285518 20.000000 54.605698
v 6.325107 20.000000 54.952217
v 7.109271 20.000000 54.813610
v 7.501353 20.000000 54.744305
v 6.717189 20.000000 54.882915
v 11.030094 20.000000 54.718590
v 7.893435 20.000000 55.279144
v 9.461764 20.000000 54.998867
v 11.814259 20.000000 54.578453
v 10.245929 20.000000 54.858727
v 8.677600 20.000000 55.139008
v 12.206341 20.000000 54.508385
v 11.422176 20.000000 54.648518
v 10.638011 20.000000 54.788658
v 9.853847 20.000000 54.928795
v 9.069682 20.000000 55.068935
v 8.285518 20.000000 55.209076
v 6.325107 20.000000 55.559425
v 7.109271 20.000000 55.419285
v 7.501353 20.000000 55.349213
v 6.717189 20.000000 55.489357
v 11.030094 20.000000 55.316608
v 7.893435 20.000000 55.883286
v 9.461764 20.000000 55.599949
v 11.814259 20.000000 55.174934
v 10.245929 20.000000 55.458275
v 8.677600 20.000000 55.741623
v 12.206341 20.000000 55.104103
v 11.422176 20.000000 55.245770
v 10.638011 20.000000 55.387444
v 9.853847 20.000000 55.529114
v 9.069682 20.000000 55.670780
v 8.285518 20.000000 55.812454
v 6.325107 20.000000 56.166634
v 7.109271 20.000000 56.024960
v 7.501353 20.000000 55.954124
v 6.717189 20.000000 56.095795
v 11.030094 20.000000 55.914627
v 7.893435 20.000000 56.487434
v 9.461764 20.000000 56.201027
v 11.814259 20.000000 55.771423
v 10.245929 20.000000 56.057823
v 8.677600 20.000000 56.344231
v 12.206341 20.000000 55.699821
v 11.422176 20.000000 55.843021
v 10.638011 20.000000 55.986229
v 9.853847 20.000000 56.129425
v 9.069682 20.000000 56.272629
v 8.285518 20.000000 56.415833
v 6.325107 20.000000 56.773842
v 7.109271 20.000000 56.630634
v 7.501353 20.000000 56.559032
v 6.717189 20.000000 56.702236
v 11.030094 20.000000 56.512642
v 7.893435 20.000000 57.091576
v 9.461764 20.000000 56.802109
v 11.814259 20.000000 56.367908
v 10.245929 20.000000 56.657372
v 8.677600 20.000000 56.946846
v 12.206341 20.000000 56.295547
v 11.422176 20.000000 56.440273
v 10.638011 20.000000 56.585007
v 9.853847 20.000000 56.729736
v 9.069682 20.000000 56.874474
v 8.285518 20.000000 57.019211
v 6.325107 20.000000 57.381042
v 7.109271 20.000000 57.236309
v 7.501353 20.000000 57.163940
v 6.717189 20.000000 57.308678
v 11.030094 20.000000 57.110661
v 7.893435 20.000000 57.695717
v 9.461764 20.000000 57.403187
v 11.814259 20.000000 56.964394
v 10.245929 20.000000 57.256920
v 8.677600 20.000000 57.549454
v 12.206341 20.000000 56.891266
v 11.422176 20.000000 57.037525
v 10.638011 20.000000 57.183792
v 9.853847 20.000000 57.330055
v 9.069682 20.000000 57.476322
v 8.285518 20.000000 57.622589
v 6.325107 20.000000 57.988251
v 7.109271 20.000000 57.841984
v 7.501353 20.000000 57.768852
v 6.717189 20.000000 57.915115
v 6.325107 19.650000 -53.737801
v 12.206341 19.650000 -52.721222
v 10.245929 19.650000 -52.760307
v 10.245929 19.650000 -53.060081
v 11.814259 19.650000 -52.788994
v 6.325107 19.650000 -53.434200
v 12.206341 19.650000 -52.423363
v 6.717189 19.650000 -53.366814
v 9.069682 19.650000 -52.962475
v 11.814259 19.650000 -52.490753
v 8.677600 19.650000 -53.331169
v 8.677600 19.650000 -53.029865
v 6.717189 19.650000 -53.670036
v 10.638011 19.650000 -52.692921
v 10.638011 19.650000 -52.992310
v 9.069682 19.650000 -53.263397
v 9.461764 17.500006 -51.091843
v 6.325107 17.500006 -51.612579
v 8.285518 17.500006 -51.287125
v 10.638011 17.500006 -50.896572
v 8.677600 17.500006 -51.222027
v 6.717189 17.500006 -51.547489
v 10.245929 17.500006 -50.961662
v 11.030094 17.500006 -50.831478
v 9.853847 17.500006 -51.026752
v 9.069682 17.500006 -51.156937
v 7.501353 17.500006 -51.417305
v 7.893435 17.500006 -51.352211
v 11.422176 17.500006 -50.766388
v 7.109271 17.500006 -51.482399
v 11.814259 17.500006 -50.701294
v 11.030094 20.000000 -55.017601
v 7.893435 20.000000 -55.581215
v 9.461764 20.000000 -55.299408
v 11.814259 20.000000 -54.876694
v 10.245929 20.000000 -55.158501
v 8.677600 20.000000 -55.440315
v 12.206341 20.000000 -54.806244
v 11.422176 20.000000 -54.947144
v 10.638011 20.000000 -55.088051
v 9.853847 20.000000 -55.228954
v 9.069682 20.000000 -55.369858
v 8.285518 20.000000 -55.510765
v 6.325107 20.000000 -55.863029
v 7.109271 20.000000 -55.722122
v 7.501353 20.000000 -55.651669
v 6.717189 20.000000 -55.792576
v 9.069682 18.700003 -52.360626
v 9.853847 18.700003 -52.227383
v 11.422176 18.700003 -51.960892
v 10.638011 18.700003 -52.094139
v 6.717189 18.700003 -52.760372
v 9.461764 18.700003 -52.294006
v 11.030094 18.700003 -52.027512
v 8.677600 18.700003 -52.427254
v 6.325107 18.700003 -52.826996
v 7.109271 18.700003 -52.693748
v 8.285518 18.700003 -52.493881
v 7.893435 18.700003 -52.560501
v 12.206341 18.700003 -51.827644
v 11.814259 18.700003 -51.894268
v 10.245929 18.700003 -52.160759
v 7.109271 16.299994 -50.271049
v 9.853847 16.299994 -49.826122
v 11.030094 16.299994 -49.635445
v 10.638011 16.299994 -49.699005
v 11.422176 16.299994 -49.571884
v 7.501353 16.299994 -50.207485
v 10.245929 16.299994 -49.762566
v 6.717189 16.299994 -50.334606
v 8.677600 16.299994 -50.016804
v 11.814259 16.299994 -49.508324
v 9.069682 16.299994 -49.953247
v 9.461764 16.299994 -49.889679
v 6.325107 16.299994 -50.398163
v 7.893435 16.299994 -50.143929
v 8.285518 16.299994 -50.080368
v 11.030094 20.000000 -53.821564
v 7.893435 20.000000 -54.372929
v 9.461764 20.000000 -54.097244
v 11.814259 20.000000 -53.683723
v 10.245929 20.000000 -53.959404
v 8.677600 20.000000 -54.235092
v 12.206341 20.000000 -53.614803
v 11.422176 20.000000 -53.752640
v 10.638011 20.000000 -53.890488
v 9.853847 20.000000 -54.028328
v 9.069682 20.000000 -54.166168
v 8.285518 20.000000 -54.304008
v 6.325107 20.000000 -54.648613
v 7.109271 20.000000 -54.510773
v 7.501353 20.000000 -54.441849
v 6.717189 20.000000 -54.579697
v -39.900570 25.700001 -44.639450
v -40.290428 25.700001 -44.688183
v -39.900570 25.700001 44.639450
v -40.290428 25.700001 44.688183
v 11.030094 20.000000 -56.213634
v 7.893435 20.000000 -56.789505
v 9.461764 20.000000 -56.501568
v 11.814259 20.000000 -56.069664
v 10.245929 20.000000 -56.357597
v 8.677600 20.000000 -56.645538
v 12.206341 20.000000 -55.997684
v 11.422176 20.000000 -56.141647
v 10.638011 20.000000 -56.285618
v 9.853847 20.000000 -56.429581
v 9.069682 20.000000 -56.573551
v 8.285518 20.000000 -56.717522
v 6.325107 20.000000 -57.077442
v 7.109271 20.000000 -56.933472
v 7.501353 20.000000 -56.861488
v 6.717189 20.000000 -57.005455
v -39.510712 25.400000 -44.590717
v -39.510712 25.400000 44.590717
v -39.900570 25.400000 44.639450
v 11.030094 20.000000 -56.811653
v 7.893435 20.000000 -57.393646
v 9.461764 20.000000 -57.102646
v 11.814259 20.000000 -56.666153
v 10.245929 20.000000 -56.957146
v 8.677600 20.000000 -57.248150
v 12.206341 20.000000 -56.593407
v 11.422176 20.000000 -56.738899
v 10.638011 20.000000 -56.884399
v 9.853847 20.000000 -57.029896
v 9.069682 20.000000 -57.175400
v 8.285518 20.000000 -57.320900
v 6.325107 20.000000 -57.684647
v 7.109271 20.000000 -57.539146
v 7.501353 20.000000 -57.466396
v 6.717189 20.000000 -57.611897
v -39.900570 25.400000 -44.639450
v 11.030094 20.000000 -55.615616
v 7.893435 20.000000 -56.185360
v 9.461764 20.000000 -55.900490
v 11.814259 20.000000 -55.473179
v 10.245929 20.000000 -55.758049
v 8.677600 20.000000 -56.042927
v 12.206341 20.000000 -55.401962
v 11.422176 20.000000 -55.544395
v 10.638011 20.000000 -55.686836
v 9.853847 20.000000 -55.829269
v 9.069682 20.000000 -55.971703
v 8.285518 20.000000 -56.114143
v 6.325107 20.000000 -56.470238
v 7.109271 20.000000 -56.327797
v 7.501353 20.000000 -56.256577
v 6.717189 20.000000 -56.399017
v -39.120853 25.100000 -44.541985
v -39.510712 25.100000 -44.590717
v -39.120853 25.100000 44.541985
v -39.510712 25.100000 44.590717
v -38.730995 24.799999 -44.493252
v 11.030094 20.000000 -54.419582
v 7.893435 20.000000 -54.977074
v 9.461764 20.000000 -54.698326
v 11.814259 20.000000 -54.280209
v 10.245929 20.000000 -54.558952
v 8.677600 20.000000 -54.837704
v 12.206341 20.000000 -54.210526
v 11.422176 20.000000 -54.349892
v 10.638011 20.000000 -54.489269
v 9.853847 20.000000 -54.628639
v 9.069682 20.000000 -54.768013
v 8.285518 20.000000 -54.907387
v 6.325107 20.000000 -55.255821
v 7.109271 20.000000 -55.116447
v 7.501353 20.000000 -55.046761
v 6.717189 20.000000 -55.186134
v -38.730995 24.799999 44.493252
v 11.030094 20.000000 -53.223549
v 7.893435 20.000000 -53.768784
v 9.461764 20.000000 -53.496162
v 11.814259 20.000000 -53.087238
v 10.245929 20.000000 -53.359856
v 8.677600 20.000000 -53.632477
v 12.206341 20.000000 -53.019081
v 11.422176 20.000000 -53.155388
v 10.638011 20.000000 -53.291702
v 9.853847 20.000000 -53.428013
v 9.069682 20.000000 -53.564323
v 8.285518 20.000000 -53.700630
v 6.325107 20.000000 -54.041405
v 7.109271 20.000000 -53.905098
v 7.501353 20.000000 -53.836941
v 6.717189 20.000000 -53.973255
v -39.120853 24.799999 44.541985
v -39.120853 24.799999 -44.541985
v -38.341137 24.500000 -44.444519
v -38.730995 24.500000 -44.493252
v -38.341137 24.500000 44.444519
v 10.638011 19.300001 -52.692921
v 9.461764 19.300001 -52.895084
v 11.814259 19.300001 -52.490753
v 9.069682 19.300001 -52.962475
v 12.206341 19.300001 -52.423363
v 11.030094 19.300001 -52.625530
v 9.853847 19.300001 -52.827698
v 6.325107 19.300001 -53.434200
v 8.677600 19.300001 -53.029865
v 10.245929 19.300001 -52.760307
v 7.893435 19.300001 -53.164642
v 8.285518 19.300001 -53.097256
v 6.717189 19.300001 -53.366814
v 11.422176 19.300001 -52.558140
v 7.109271 19.300001 -53.299423
v -38.730995 24.500000 44.493252
v 10.638011 18.100002 -51.495354
v 6.325107 18.100002 -52.219788
v 6.717189 18.100002 -52.153931
v 9.853847 18.100002 -51.627068
v 11.422176 18.100002 -51.363640
v 7.893435 18.100002 -51.956356
v 9.461764 18.100002 -51.692924
v 10.245929 18.100002 -51.561211
v 11.030094 18.100002 -51.429497
v 11.814259 18.100002 -51.297783
v 7.501353 18.100002 -52.022213
v 7.109271 18.100002 -52.088074
v 8.677600 18.100002 -51.824638
v 8.285518 18.100002 -51.890503
v 9.069682 18.100002 -51.758781
v -37.951279 24.200001 -44.395786
v -37.951279 24.200001 44.395786
v -38.341137 24.200001 44.444519
v -38.341137 24.200001 -44.444519
v -37.561420 23.900000 -44.347054
v 6.717189 16.900002 -50.941048
v 12.206341 16.900002 -50.040482
v 7.893435 16.900002 -50.748070
v 9.069682 16.900002 -50.555092
v 8.285518 16.900002 -50.683746
v 11.814259 16.900002 -50.104809
v 11.422176 16.900002 -50.169136
v 6.325107 16.900002 -51.005371
v 7.109271 16.900002 -50.876724
v 11.030094 16.900002 -50.233459
v 9.853847 16.900002 -50.426437
v 9.461764 16.900002 -50.490761
v 10.638011 16.900002 -50.297791
v 10.245929 16.900002 -50.362114
v 8.677600 16.900002 -50.619415
v -37.951279 23.900000 -44.395786
v 12.206341 15.699996 -48.849045
v 9.461764 15.699996 -49.288601
v 11.030094 15.699996 -49.037426
v 8.285518 15.699996 -49.476990
v 7.109271 15.699996 -49.665375
v 10.245929 15.699996 -49.163017
v 7.893435 15.699996 -49.539783
v 11.814259 15.699996 -48.911835
v 6.717189 15.699996 -49.728165
v 11.422176 15.699996 -48.974632
v 9.853847 15.699996 -49.225807
v 10.638011 15.699996 -49.100224
v 9.069682 15.699996 -49.351398
v 8.677600 15.699996 -49.414192
v 6.325107 15.699996 -49.790958
v -37.561420 23.900000 44.347054
v -37.951279 23.900000 44.395786
v -37.171562 23.600000 -44.298321
v 11.030094 15.400002 -48.439407
v 10.245929 15.400002 -48.563469
v 12.206341 15.400002 -48.551186
v 8.677600 15.400002 -48.811581
v 12.206341 15.400002 -48.253326
v 7.893435 15.400002 -49.237709
v 8.677600 15.400002 -49.112885
v 11.030094 15.400002 -48.738419
v 11.814259 15.400002 -48.613594
v 11.422176 15.400002 -48.676006
v 11.814259 15.400002 -48.315350
v 10.245929 15.400002 -48.863243
v 9.461764 15.400002 -48.988060
v 7.893435 15.400002 -48.935638
v 9.461764 15.400002 -48.687523
v -37.171562 23.600000 44.298321
v -37.561420 23.600000 44.347054
v -37.561420 23.600000 -44.347054
v -36.781704 23.299999 -44.249588
v -37.171562 23.299999 -44.298321
v 12.206341 15.999996 -48.849045
v 11.814259 15.999996 -49.210079
v 11.030094 15.999996 -49.037426
v 8.677600 15.999996 -49.414192
v 7.893435 15.999996 -49.841858
v 9.461764 15.999996 -49.288601
v 8.677600 15.999996 -49.715500
v 12.206341 15.999996 -49.146904
v 11.422176 15.999996 -49.273258
v 11.030094 15.999996 -49.336433
v 9.461764 15.999996 -49.589142
v 7.893435 15.999996 -49.539783
v 10.245929 15.999996 -49.462791
v 11.814259 15.999996 -48.911835
v 10.245929 15.999996 -49.163017
v -36.781704 23.299999 44.249588
v 12.206341 16.600000 -49.742622
v 7.893435 16.600000 -50.143929
v 9.461764 16.600000 -50.190220
v 7.893435 16.600000 -50.445999
v 11.814259 16.600000 -49.806564
v 11.422176 16.600000 -49.870510
v 11.030094 16.600000 -49.635445
v 8.677600 16.600000 -50.016804
v 9.461764 16.600000 -49.889679
v 11.030094 16.600000 -49.934452
v 12.206341 16.600000 -49.444763
v 8.677600 16.600000 -50.318108
v 10.245929 16.600000 -49.762566
v 10.245929 16.600000 -50.062340
v 11.814259 16.600000 -49.508324
v -37.171562 23.299999 44.298321
v -36.391846 23.000000 -44.200859
v -36.391846 23.000000 44.200859
v -36.781704 23.000000 44.249588
v -36.781704 23.000000 -44.249588
v 12.206341 17.200001 -50.338341
v 10.245929 17.200001 -50.661888
v 11.030094 17.200001 -50.532471
v 9.461764 17.200001 -50.791302
v 11.030094 17.200001 -50.233459
v 12.206341 17.200001 -50.040482
v 11.814259 17.200001 -50.104809
v 8.677600 17.200001 -50.619415
v 7.893435 17.200001 -50.748070
v 7.893435 17.200001 -51.050140
v 8.677600 17.200001 -50.920723
v 11.422176 17.200001 -50.467762
v 9.461764 17.200001 -50.490761
v 10.245929 17.200001 -50.362114
v 11.814259 17.200001 -50.403053
v -36.001987 22.700001 -44.152126
v 10.245929 17.799994 -51.261436
v 8.677600 17.799994 -51.222027
v 7.893435 17.799994 -51.352211
v 7.893435 17.799994 -51.654282
v 9.461764 17.799994 -51.091843
v 8.677600 17.799994 -51.523331
v 11.030094 17.799994 -50.831478
v 11.814259 17.799994 -50.701294
v 9.461764 17.799994 -51.392384
v 11.030094 17.799994 -51.130486
v 10.245929 17.799994 -50.961662
v 11.814259 17.799994 -50.999538
v 12.206341 17.799994 -50.636200
v 12.206341 17.799994 -50.934059
v 11.422176 17.799994 -51.065014
v -36.391846 22.700001 -44.200859
v -36.001987 22.700001 44.152126
v -36.391846 22.700001 44.200859
v -35.612129 22.400000 -44.103394
v -35.612129 22.400000 44.103394
v 7.893435 18.400003 -52.258430
v 11.814259 18.400003 -51.297783
v 8.677600 18.400003 -52.125946
v 10.245929 18.400003 -51.561211
v 12.206341 18.400003 -51.231922
v 7.893435 18.400003 -51.956356
v 10.245929 18.400003 -51.860985
v 11.030094 18.400003 -51.429497
v 9.461764 18.400003 -51.993465
v 11.422176 18.400003 -51.662266
v 9.461764 18.400003 -51.692924
v 11.814259 18.400003 -51.596024
v 8.677600 18.400003 -51.824638
v 11.030094 18.400003 -51.728504
v 12.206341 18.400003 -51.529785
v -36.001987 22.400000 44.152126
v 11.814259 18.999998 -51.894268
v 9.461764 18.999998 -52.594543
v 11.030094 18.999998 -52.326523
v 7.893435 18.999998 -52.862572
v 11.422176 18.999998 -52.259514
v 10.245929 18.999998 -52.460533
v 7.893435 18.999998 -52.560501
v 11.814259 18.999998 -52.192513
v 12.206341 18.999998 -51.827644
v 11.030094 18.999998 -52.027512
v 9.461764 18.999998 -52.294006
v 10.245929 18.999998 -52.160759
v 8.677600 18.999998 -52.427254
v 8.677600 18.999998 -52.728561
v 12.206341 18.999998 -52.125504
v -36.001987 22.400000 -44.152126
v -35.222271 22.100000 -44.054665
v -35.612129 22.100000 -44.103394
v -35.222271 22.100000 44.054665
v -35.612129 22.100000 44.103394
v 9.461764 20.000000 -53.195625
v 11.814259 14.800004 47.718864
v 8.677600 20.000000 -53.331169
v 9.461764 14.800004 48.086441
v 11.030094 14.800004 47.841393
v 11.030094 20.000000 -52.924538
v 11.814259 20.000000 -52.788994
v 6.717189 14.800004 48.515285
v 12.206341 20.000000 -52.721222
v 8.285518 14.800004 48.270233
v 10.638011 14.800004 47.902657
v 10.245929 20.000000 -53.060081
v 7.893435 20.000000 -53.466713
v 9.069682 14.800004 48.147705
v 11.422176 20.000000 -52.856766
v -34.832413 21.799999 -44.005932
v 11.030094 19.650000 -52.625530
v 11.030094 19.650000 -52.924538
v 7.893435 19.650000 -53.164642
v 7.893435 19.650000 -53.466713
v 7.501353 19.650000 -53.232033
v 7.501353 19.650000 -53.534485
v 7.109271 19.650000 -53.299423
v 7.109271 19.650000 -53.602261
v 8.285518 19.650000 -53.097256
v 8.285518 19.650000 -53.398941
v 9.853847 19.650000 -52.827698
v 9.853847 19.650000 -53.127853
v 11.422176 19.650000 -52.558140
v 11.422176 19.650000 -52.856766
v 9.461764 19.650000 -52.895084
v 9.461764 19.650000 -53.195625
v -34.832413 21.799999 44.005932
v -35.222271 21.799999 44.054665
v -35.222271 21.799999 -44.054665
v -34.442554 21.500000 -43.957199
v -34.832413 21.500000 -44.005932
v 11.030094 20.000000 -53.522556
v 7.893435 20.000000 -54.070854
v 9.461764 20.000000 -53.796703
v 11.814259 20.000000 -53.385483
v 10.245929 20.000000 -53.659630
v 8.677600 20.000000 -53.933784
v 12.206341 20.000000 -53.316940
v 11.422176 20.000000 -53.454014
v 10.638011 20.000000 -53.591095
v 9.853847 20.000000 -53.728172
v 9.069682 20.000000 -53.865246
v 8.285518 20.000000 -54.002319
v 6.325107 20.000000 -54.345009
v 7.109271 20.000000 -54.207935
v 7.501353 20.000000 -54.139397
v 6.717189 20.000000 -54.276474
v -34.442554 21.500000 43.957199
v 11.030094 20.000000 -54.120575
v 7.893435 20.000000 -54.675003
v 9.461764 20.000000 -54.397785
v 11.814259 20.000000 -53.981964
v 10.245929 20.000000 -54.259178
v 8.677600 20.000000 -54.536400
v 12.206341 20.000000 -53.912666
v 11.422176 20.000000 -54.051266
v 10.638011 20.000000 -54.189880
v 9.853847 20.000000 -54.328484
v 9.069682 20.000000 -54.467091
v 8.285518 20.000000 -54.605698
v 6.325107 20.000000 -54.952217
v 7.109271 20.000000 -54.813610
v 7.501353 20.000000 -54.744305
v 6.717189 20.000000 -54.882915
v -34.832413 21.500000 44.005932
v -34.052696 21.200001 -43.908466
v -34.052696 21.200001 43.908466
v -34.442554 21.200001 43.957199
v -34.442554 21.200001 -43.957199
v 11.030094 20.000000 -54.718590
v 7.893435 20.000000 -55.279144
v 9.461764 20.000000 -54.998867
v 11.814259 20.000000 -54.578453
v 10.245929 20.000000 -54.858727
v 8.677600 20.000000 -55.139008
v 12.206341 20.000000 -54.508385
v 11.422176 20.000000 -54.648518
v 10.638011 20.000000 -54.788658
v 9.853847 20.000000 -54.928795
v 9.069682 20.000000 -55.068935
v 8.285518 20.000000 -55.209076
v 6.325107 20.000000 -55.559425
v 7.109271 20.000000 -55.419285
v 7.501353 20.000000 -55.349213
v 6.717189 20.000000 -55.489357
v -33.662838 20.900000 -43.859734
v 11.030094 20.000000 -55.316608
v 7.893435 20.000000 -55.883286
v 9.461764 20.000000 -55.599949
v 11.814259 20.000000 -55.174934
v 10.245929 20.000000 -55.458275
v 8.677600 20.000000 -55.741623
v 12.206341 20.000000 -55.104103
v 11.422176 20.000000 -55.245770
v 10.638011 20.000000 -55.387444
v 9.853847 20.000000 -55.529114
v 9.069682 20.000000 -55.670780
v 8.285518 20.000000 -55.812454
v 6.325107 20.000000 -56.166634
v 7.109271 20.000000 -56.024960
v 7.501353 20.000000 -55.954124
v 6.717189 20.000000 -56.095795
v -34.052696 20.900000 -43.908466
v -33.662838 20.900000 43.859734
v -34.052696 20.900000 43.908466
v -33.272976 20.600000 -43.811001
v -33.272976 20.600000 43.811001
v 11.030094 20.000000 -55.914627
v 7.893435 20.000000 -56.487434
v 9.461764 20.000000 -56.201027
v 11.814259 20.000000 -55.771423
v 10.245929 20.000000 -56.057823
v 8.677600 20.000000 -56.344231
v 12.206341 20.000000 -55.699821
v 11.422176 20.000000 -55.843021
v 10.638011 20.000000 -55.986229
v 9.853847 20.000000 -56.129425
v 9.069682 20.000000 -56.272629
v 8.285518 20.000000 -56.415833
v 6.325107 20.000000 -56.773842
v 7.109271 20.000000 -56.630634
v 7.501353 20.000000 -56.559032
v 6.717189 20.000000 -56.702236
v -33.662838 20.600000 43.859734
v 11.030094 20.000000 -56.525028
v 7.893435 20.000000 -57.104088
v 9.461764 20.000000 -56.814556
v 11.814259 20.000000 -56.380260
v 10.245929 20.000000 -56.669788
v 8.677600 20.000000 -56.959328
v 12.206341 20.000000 -56.307884
v 11.422176 20.000000 -56.452641
v 10.638011 20.000000 -56.597408
v 9.853847 20.000000 -56.742168
v 9.069682 20.000000 -56.886936
v 8.285518 20.000000 -57.031708
v 6.325107 20.000000 -57.393620
v 7.109271 20.000000 -57.248852
v 7.501353 20.000000 -57.176468
v 6.717189 20.000000 -57.321236
v -33.662838 20.600000 -43.859734
v -33.272976 20.299999 -43.811001
v -33.272976 20.299999 43.811001
v -32.883118 20.299999 43.762268
v -32.883118 20.299999 -43.762268
v 11.030094 20.000000 -57.110661
v 7.893435 20.000000 -57.695717
v 9.461764 20.000000 -57.403187
v 11.814259 20.000000 -56.964394
v 10.245929 20.000000 -57.256920
v 8.677600 20.000000 -57.549454
v 12.206341 20.000000 -56.891266
v 11.422176 20.000000 -57.037525
v 10.638011 20.000000 -57.183792
v 9.853847 20.000000 -57.330055
v 9.069682 20.000000 -57.476322
v 8.285518 20.000000 -57.622589
v 6.325107 20.000000 -57.988251
v 7.109271 20.000000 -57.841984
v 7.501353 20.000000 -57.768852
v 6.717189 20.000000 -57.915115
v 11.030094 14.800004 -48.140400
v 11.030094 14.800004 -47.841393
v 7.893435 14.800004 -48.633568
v 7.893435 14.800004 -48.331497
v 9.461764 14.800004 -48.386982
v 9.461764 14.800004 -48.086441
v 11.814259 14.800004 -48.017105
v 11.814259 14.800004 -47.718864
v 10.245929 14.800004 -48.263695
v 10.245929 14.800004 -47.963921
v 8.677600 14.800004 -48.510277
v 8.677600 14.800004 -48.208969
v 12.206341 14.800004 -47.955467
v 12.206341 14.800004 -47.657604
v 11.422176 14.800004 -48.078754
v 11.422176 14.800004 -47.780128
v 10.638011 14.800004 -48.202049
v 10.638011 14.800004 -47.902657
v 9.853847 14.800004 -48.325340
v 9.853847 14.800004 -48.025181
v 9.069682 14.800004 -48.448627
v 9.069682 14.800004 -48.147705
v 8.285518 14.800004 -48.571922
v 8.285518 14.800004 -48.270233
v 6.325107 14.800004 -48.880150
v 6.325107 14.800004 -48.576546
v 7.109271 14.800004 -48.756859
v 7.109271 14.800004 -48.454021
v 7.501353 14.800004 -48.695213
v 7.501353 14.800004 -48.392757
v 6.717189 14.800004 -48.818504
v 6.717189 14.800004 -48.515285
v 7.501353 15.100005 -48.997665
v 11.030094 15.100005 -48.140400
v 7.893435 15.100005 -48.633568
v 9.461764 15.100005 -48.386982
v 11.814259 15.100005 -48.017105
v 10.245929 15.100005 -48.263695
v 8.677600 15.100005 -48.510277
v 12.206341 15.100005 -47.955467
v 11.422176 15.100005 -48.078754
v 10.638011 15.100005 -48.202049
v 9.853847 15.100005 -48.325340
v 9.069682 15.100005 -48.448627
v 8.285518 15.100005 -48.571922
v 6.325107 15.100005 -48.880150
v 7.109271 15.100005 -48.756859
v 7.501353 15.100005 -48.695213
v 6.717189 15.100005 -48.818504
v 11.422176 15.400002 -48.377380
v 10.638011 15.400002 -48.800835
v 10.638011 15.400002 -48.501442
v 9.853847 15.400002 -48.925652
v 9.853847 15.400002 -48.625496
v 9.069682 15.400002 -49.050476
v 9.069682 15.400002 -48.749550
v 8.285518 15.400002 -49.175301
v 8.285518 15.400002 -48.873611
v 6.325107 15.400002 -49.487358
v 6.325107 15.400002 -49.183754
v 7.109271 15.400002 -49.362537
v 7.109271 15.400002 -49.059700
v 7.501353 15.400002 -49.300121
v 7.501353 15.400002 -48.997665
v 6.717189 15.400002 -49.424946
v 6.717189 15.400002 -49.121727
v 7.501353 15.699996 -49.602577
v 11.030094 15.699996 -48.738419
v 7.893435 15.699996 -49.237709
v 9.461764 15.699996 -48.988060
v 11.814259 15.699996 -48.613594
v 10.245929 15.699996 -48.863243
v 8.677600 15.699996 -49.112885
v 12.206341 15.699996 -48.551186
v 11.422176 15.699996 -48.676006
v 10.638011 15.699996 -48.800835
v 9.853847 15.699996 -48.925652
v 9.069682 15.699996 -49.050476
v 8.285518 15.699996 -49.175301
v 6.325107 15.699996 -49.487358
v 7.109271 15.699996 -49.362537
v 7.501353 15.699996 -49.300121
v 6.717189 15.699996 -49.424946
v 11.422176 15.999996 -48.974632
v 10.638011 15.999996 -49.399612
v 10.638011 15.999996 -49.100224
v 9.853847 15.999996 -49.525963
v 9.853847 15.999996 -49.225807
v 9.069682 15.999996 -49.652321
v 9.069682 15.999996 -49.351398
v 8.285518 15.999996 -49.778679
v 8.285518 15.999996 -49.476990
v 6.325107 15.999996 -50.094559
v 6.325107 15.999996 -49.790958
v 7.109271 15.999996 -49.968212
v 7.109271 15.999996 -49.665375
v 7.501353 15.999996 -49.905029
v 7.501353 15.999996 -49.602577
v 6.717189 15.999996 -50.031387
v 6.717189 15.999996 -49.728165
v 12.206341 16.299994 -49.444763
v 11.030094 16.299994 -49.336433
v 7.893435 16.299994 -49.841858
v 9.461764 16.299994 -49.589142
v 11.814259 16.299994 -49.210079
v 10.245929 16.299994 -49.462791
v 8.677600 16.299994 -49.715500
v 12.206341 16.299994 -49.146904
v 11.422176 16.299994 -49.273258
v 10.638011 16.299994 -49.399612
v 9.853847 16.299994 -49.525963
v 9.069682 16.299994 -49.652321
v 8.285518 16.299994 -49.778679
v 6.325107 16.299994 -50.094559
v 7.109271 16.299994 -49.968212
v 7.501353 16.299994 -49.905029
v 6.717189 16.299994 -50.031387
v 11.422176 16.600000 -49.571884
v 10.638011 16.600000 -49.998398
v 10.638011 16.600000 -49.699005
v 9.853847 16.600000 -50.126282
v 9.853847 16.600000 -49.826122
v 9.069682 16.600000 -50.254169
v 9.069682 16.600000 -49.953247
v 8.285518 16.600000 -50.382057
v 8.285518 16.600000 -50.080368
v 6.325107 16.600000 -50.701767
v 6.325107 16.600000 -50.398163
v 7.109271 16.600000 -50.573887
v 7.109271 16.600000 -50.271049
v 7.501353 16.600000 -50.509941
v 7.501353 16.600000 -50.207485
v 6.717189 16.600000 -50.637825
v 6.717189 16.600000 -50.334606
v 7.501353 16.900002 -50.812393
v 11.030094 16.900002 -49.934452
v 7.893435 16.900002 -50.445999
v 9.461764 16.900002 -50.190220
v 11.814259 16.900002 -49.806564
v 10.245929 16.900002 -50.062340
v 8.677600 16.900002 -50.318108
v 12.206341 16.900002 -49.742622
v 11.422176 16.900002 -49.870510
v 10.638011 16.900002 -49.998398
v 9.853847 16.900002 -50.126282
v 9.069682 16.900002 -50.254169
v 8.285518 16.900002 -50.382057
v 6.325107 16.900002 -50.701767
v 7.109271 16.900002 -50.573887
v 7.501353 16.900002 -50.509941
v 6.717189 16.900002 -50.637825
v 11.422176 17.200001 -50.169136
v 10.638011 17.200001 -50.597183
v 10.638011 17.200001 -50.297791
v 9.853847 17.200001 -50.726593
v 9.853847 17.200001 -50.426437
v 9.069682 17.200001 -50.856014
v 9.069682 17.200001 -50.555092
v 8.285518 17.200001 -50.985435
v 8.285518 17.200001 -50.683746
v 6.325107 17.200001 -51.308975
v 6.325107 17.200001 -51.005371
v 7.109271 17.200001 -51.179562
v 7.109271 17.200001 -50.876724
v 7.501353 17.200001 -51.114849
v 7.501353 17.200001 -50.812393
v 6.717189 17.200001 -51.244270
v 6.717189 17.200001 -50.941048
v 12.206341 17.500006 -50.636200
v 11.030094 17.500006 -50.532471
v 7.893435 17.500006 -51.050140
v 9.461764 17.500006 -50.791302
v 11.814259 17.500006 -50.403053
v 10.245929 17.500006 -50.661888
v 8.677600 17.500006 -50.920723
v 12.206341 17.500006 -50.338341
v 11.422176 17.500006 -50.467762
v 10.638011 17.500006 -50.597183
v 9.853847 17.500006 -50.726593
v 9.069682 17.500006 -50.856014
v 8.285518 17.500006 -50.985435
v 6.325107 17.500006 -51.308975
v 7.109271 17.500006 -51.179562
v 7.501353 17.500006 -51.114849
v 6.717189 17.500006 -51.244270
v 11.422176 17.799994 -50.766388
v 10.638011 17.799994 -51.195961
v 10.638011 17.799994 -50.896572
v 9.853847 17.799994 -51.326912
v 9.853847 17.799994 -51.026752
v 9.069682 17.799994 -51.457859
v 9.069682 17.799994 -51.156937
v 8.285518 17.799994 -51.588814
v 8.285518 17.799994 -51.287125
v 6.325107 17.799994 -51.916183
v 6.325107 17.799994 -51.612579
v 7.109271 17.799994 -51.785236
v 7.109271 17.799994 -51.482399
v 7.501353 17.799994 -51.719757
v 7.501353 17.799994 -51.417305
v 6.717189 17.799994 -51.850708
v 6.717189 17.799994 -51.547489
v 12.206341 18.100002 -51.231922
v 11.030094 18.100002 -51.130486
v 7.893435 18.100002 -51.654282
v 9.461764 18.100002 -51.392384
v 11.814259 18.100002 -50.999538
v 10.245929 18.100002 -51.261436
v 8.677600 18.100002 -51.523331
v 12.206341 18.100002 -50.934059
v 11.422176 18.100002 -51.065014
v 10.638011 18.100002 -51.195961
v 9.853847 18.100002 -51.326912
v 9.069682 18.100002 -51.457859
v 8.285518 18.100002 -51.588814
v 6.325107 18.100002 -51.916183
v 7.109271 18.100002 -51.785236
v 7.501353 18.100002 -51.719757
v 6.717189 18.100002 -51.850708
v 11.422176 18.400003 -51.363640
v 10.638011 18.400003 -51.794746
v 10.638011 18.400003 -51.495354
v 9.853847 18.400003 -51.927223
v 9.853847 18.400003 -51.627068
v 9.069682 18.400003 -52.059704
v 9.069682 18.400003 -51.758781
v 8.285518 18.400003 -52.192192
v 8.285518 18.400003 -51.890503
v 6.325107 18.400003 -52.523392
v 6.325107 18.400003 -52.219788
v 7.109271 18.400003 -52.390911
v 7.109271 18.400003 -52.088074
v 7.501353 18.400003 -52.324669
v 7.501353 18.400003 -52.022213
v 6.717189 18.400003 -52.457153
v 6.717189 18.400003 -52.153931
v 7.501353 18.700003 -52.627121
v 11.030094 18.700003 -51.728504
v 7.893435 18.700003 -52.258430
v 9.461764 18.700003 -51.993465
v 11.814259 18.700003 -51.596024
v 10.245929 18.700003 -51.860985
v 8.677600 18.700003 -52.125946
v 12.206341 18.700003 -51.529785
v 11.422176 18.700003 -51.662266
v 10.638011 18.700003 -51.794746
v 9.853847 18.700003 -51.927223
v 9.069682 18.700003 -52.059704
v 8.285518 18.700003 -52.192192
v 6.325107 18.700003 -52.523392
v 7.109271 18.700003 -52.390911
v 7.501353 18.700003 -52.324669
v 6.717189 18.700003 -52.457153
v 11.422176 18.999998 -51.960892
v 10.638011 18.999998 -52.393532
v 10.638011 18.999998 -52.094139
v 9.853847 18.999998 -52.527542
v 9.853847 18.999998 -52.227383
v 9.069682 18.999998 -52.661552
v 9.069682 18.999998 -52.360626
v 8.285518 18.999998 -52.795570
v 8.285518 18.999998 -52.493881
v 6.325107 18.999998 -53.130600
v 6.325107 18.999998 -52.826996
v 7.109271 18.999998 -52.996586
v 7.109271 18.999998 -52.693748
v 7.501353 18.999998 -52.929577
v 7.501353 18.999998 -52.627121
v 6.717189 18.999998 -53.063591
v 6.717189 18.999998 -52.760372
v 7.501353 19.300001 -53.232033
v 11.030094 19.300001 -52.326523
v 7.893435 19.300001 -52.862572
v 9.461764 19.300001 -52.594543
v 11.814259 19.300001 -52.192513
v 10.245929 19.300001 -52.460533
v 8.677600 19.300001 -52.728561
v 12.206341 19.300001 -52.125504
v 11.422176 19.300001 -52.259514
v 10.638011 19.300001 -52.393532
v 9.853847 19.300001 -52.527542
v 9.069682 19.300001 -52.661552
v 8.285518 19.300001 -52.795570
v 6.325107 19.300001 -53.130600
v 7.109271 19.300001 -52.996586
v 7.501353 19.300001 -52.929577
v 6.717189 19.300001 -53.063591
v 9.853847 14.800004 48.025181
v 10.638011 20.000000 -52.992310
v 11.422176 14.800004 47.780128
v 9.853847 20.000000 -53.127853
v 8.677600 14.800004 48.208969
v 9.069682 20.000000 -53.263397
v 10.245929 14.800004 47.963921
v 8.285518 20.000000 -53.398941
v 6.325107 14.800004 48.576546
v 6.325107 20.000000 -53.737801
v 7.109271 20.000000 -53.602261
v 7.501353 14.800004 48.392757
v 7.501353 20.000000 -53.534485
v 7.109271 14.800004 48.454021
v 6.717189 20.000000 -53.670036
v 7.893435 14.800004 48.331497
v 12.206341 14.800004 47.657604
v 9.461764 14.800004 48.386982
v 7.893435 14.800004 48.633568
v 11.030094 14.800004 48.140400
v 11.814259 14.800004 48.017105
v 10.245929 14.800004 48.263695
v 8.677600 14.800004 48.510277
v 12.206341 14.800004 47.955467
v 11.422176 14.800004 48.078754
v 10.638011 14.800004 48.202049
v 9.853847 14.800004 48.325340
v 9.069682 14.800004 48.448627
v 8.285518 14.800004 48.571922
v 6.325107 14.800004 48.880150
v 7.109271 14.800004 48.756859
v 7.501353 14.800004 48.695213
v 6.717189 14.800004 48.818504
v 11.422176 15.100002 48.377380
v 10.638011 15.100002 48.202049
v 10.638011 15.100002 48.501442
v 9.853847 15.100002 48.325340
v 9.853847 15.100002 48.625496
v 9.069682 15.100002 48.448627
v 9.069682 15.100002 48.749550
v 8.285518 15.100002 48.571922
v 8.285518 15.100002 48.873611
v 6.325107 15.100002 48.880150
v 6.325107 15.100002 49.183754
v 7.109271 15.100002 48.756859
v 7.109271 15.100002 49.059700
v 7.501353 15.100002 48.695213
v 7.501353 15.100002 48.997665
v 6.717189 15.100002 48.818504
v 6.717189 15.100002 49.121727
v 6.325107 15.400002 49.183754
v 9.461764 15.400002 48.988060
v 7.893435 15.400002 49.237709
v 11.030094 15.400002 48.738419
v 11.814259 15.400002 48.613594
v 10.245929 15.400002 48.863243
v 8.677600 15.400002 49.112885
v 12.206341 15.400002 48.551186
v 11.422176 15.400002 48.676006
v 10.638011 15.400002 48.800835
v 9.853847 15.400002 48.925652
v 9.069682 15.400002 49.050476
v 8.285518 15.400002 49.175301
v 6.325107 15.400002 49.487358
v 7.109271 15.400002 49.362537
v 7.501353 15.400002 49.300121
v 6.717189 15.400002 49.424946
v 11.422176 15.700001 48.974632
v 10.638011 15.700001 48.800835
v 10.638011 15.700001 49.100224
v 9.853847 15.700001 48.925652
v 9.853847 15.700001 49.225807
v 9.069682 15.700001 49.050476
v 9.069682 15.700001 49.351398
v 8.285518 15.700001 49.175301
v 8.285518 15.700001 49.476990
v 6.325107 15.700001 49.487358
v 6.325107 15.700001 49.790958
v 7.109271 15.700001 49.362537
v 7.109271 15.700001 49.665375
v 7.501353 15.700001 49.300121
v 7.501353 15.700001 49.602577
v 6.717189 15.700001 49.424946
v 6.717189 15.700001 49.728165
v 12.206341 16.000004 48.849045
v 9.461764 16.000004 49.589142
v 7.893435 16.000004 49.841858
v 11.030094 16.000004 49.336433
v 11.814259 16.000004 49.210079
v 10.245929 16.000004 49.462791
v 8.677600 16.000004 49.715500
v 12.206341 16.000004 49.146904
v 11.422176 16.000004 49.273258
v 10.638011 16.000004 49.399612
v 9.853847 16.000004 49.525963
v 9.069682 16.000004 49.652321
v 8.285518 16.000004 49.778679
v 6.325107 16.000004 50.094559
v 7.109271 16.000004 49.968212
v 7.501353 16.000004 49.905029
v 6.717189 16.000004 50.031387
v 11.422176 16.299997 49.571884
v 10.638011 16.299997 49.399612
v 10.638011 16.299997 49.699005
v 9.853847 16.299997 49.525963
v 9.853847 16.299997 49.826122
v 9.069682 16.299997 49.652321
v 9.069682 16.299997 49.953247
v 8.285518 16.299997 49.778679
v 8.285518 16.299997 50.080368
v 6.325107 16.299997 50.094559
v 6.325107 16.299997 50.398163
v 7.109271 16.299997 49.968212
v 7.109271 16.299997 50.271049
v 7.501353 16.299997 49.905029
v 7.501353 16.299997 50.207485
v 6.717189 16.299997 50.031387
v 6.717189 16.299997 50.334606
v 12.206341 16.600004 49.444763
v 9.461764 16.600004 50.190220
v 7.893435 16.600004 50.445999
v 11.030094 16.600004 49.934452
v 11.814259 16.600004 49.806564
v 10.245929 16.600004 50.062340
v 8.677600 16.600004 50.318108
v 12.206341 16.600004 49.742622
v 11.422176 16.600004 49.870510
v 10.638011 16.600004 49.998398
v 9.853847 16.600004 50.126282
v 9.069682 16.600004 50.254169
v 8.285518 16.600004 50.382057
v 6.325107 16.600004 50.701767
v 7.109271 16.600004 50.573887
v 7.501353 16.600004 50.509941
v 6.717189 16.600004 50.637825
v 11.422176 16.899994 50.169136
v 10.638011 16.899994 49.998398
v 10.638011 16.899994 50.297791
v 9.853847 16.899994 50.126282
v 9.853847 16.899994 50.426437
v 9.069682 16.899994 50.254169
v 9.069682 16.899994 50.555092
v 8.285518 16.899994 50.382057
v 8.285518 16.899994 50.683746
v 6.325107 16.899994 50.701767
v 6.325107 16.899994 51.005371
v 7.109271 16.899994 50.573887
v 7.109271 16.899994 50.876724
v 7.501353 16.899994 50.509941
v 7.501353 16.899994 50.812393
v 6.717189 16.899994 50.637825
v 6.717189 16.899994 50.941048
v 6.325107 17.100006 51.005371
v 9.461764 17.100006 50.791302
v 7.893435 17.100006 51.050140
v 11.030094 17.100006 50.532471
v 11.814259 17.100006 50.403053
v 10.245929 17.100006 50.661888
v 8.677600 17.100006 50.920723
v 12.206341 17.100006 50.338341
v 11.422176 17.100006 50.467762
v 10.638011 17.100006 50.597183
v 9.853847 17.100006 50.726593
v 9.069682 17.100006 50.856014
v 8.285518 17.100006 50.985435
v 6.325107 17.100006 51.308975
v 7.109271 17.100006 51.179562
v 7.501353 17.100006 51.114849
v 6.717189 17.100006 51.244270
v 11.422176 17.400003 50.766388
v 10.638011 17.400003 50.597183
v 10.638011 17.400003 50.896572
v 9.853847 17.400003 50.726593
v 9.853847 17.400003 51.026752
v 9.069682 17.400003 50.856014
v 9.069682 17.400003 51.156937
v 8.285518 17.400003 50.985435
v 8.285518 17.400003 51.287125
v 6.325107 17.400003 51.308975
v 6.325107 17.400003 51.612579
v 7.109271 17.400003 51.179562
v 7.109271 17.400003 51.482399
v 7.501353 17.400003 51.114849
v 7.501353 17.400003 51.417305
v 6.717189 17.400003 51.244270
v 6.717189 17.400003 51.547489
v 12.206341 17.699999 50.636200
v 9.461764 17.699999 51.392384
v 7.893435 17.699999 51.654282
v 11.030094 17.699999 51.130486
v 11.814259 17.699999 50.999538
v 10.245929 17.699999 51.261436
v 8.677600 17.699999 51.523331
v 12.206341 17.699999 50.934059
v 11.422176 17.699999 51.065014
v 10.638011 17.699999 51.195961
v 9.853847 17.699999 51.326912
v 9.069682 17.699999 51.457859
v 8.285518 17.699999 51.588814
v 6.325107 17.699999 51.916183
v 7.109271 17.699999 51.785236
v 7.501353 17.699999 51.719757
v 6.717189 17.699999 51.850708
v 11.422176 18.000004 51.363640
v 10.638011 18.000004 51.195961
v 10.638011 18.000004 51.495354
v 9.853847 18.000004 51.326912
v 9.853847 18.000004 51.627068
v 9.069682 18.000004 51.457859
v 9.069682 18.000004 51.758781
v 8.285518 18.000004 51.588814
v 8.285518 18.000004 51.890503
v 6.325107 18.000004 51.916183
v 6.325107 18.000004 52.219788
v 7.109271 18.000004 51.785236
v 7.109271 18.000004 52.088074
v 7.501353 18.000004 51.719757
v 7.501353 18.000004 52.022213
v 6.717189 18.000004 51.850708
v 6.717189 18.000004 52.153931
v 6.325107 18.299995 52.219788
v 9.461764 18.299995 51.993465
v 7.893435 18.299995 52.258430
v 11.030094 18.299995 51.728504
v 11.814259 18.299995 51.596024
v 10.245929 18.299995 51.860985
v 8.677600 18.299995 52.125946
v 12.206341 18.299995 51.529785
v 11.422176 18.299995 51.662266
v 10.638011 18.299995 51.794746
v 9.853847 18.299995 51.927223
v 9.069682 18.299995 52.059704
v 8.285518 18.299995 52.192192
v 6.325107 18.299995 52.523392
v 7.109271 18.299995 52.390911
v 7.501353 18.299995 52.324669
v 6.717189 18.299995 52.457153
v 11.422176 18.600004 51.960892
v 10.638011 18.600004 51.794746
v 10.638011 18.600004 52.094139
v 9.853847 18.600004 51.927223
v 9.853847 18.600004 52.227383
v 9.069682 18.600004 52.059704
v 9.069682 18.600004 52.360626
v 8.285518 18.600004 52.192192
v 8.285518 18.600004 52.493881
v 6.325107 18.600004 52.523392
v 6.325107 18.600004 52.826996
v 7.109271 18.600004 52.390911
v 7.109271 18.600004 52.693748
v 7.501353 18.600004 52.324669
v 7.501353 18.600004 52.627121
v 6.717189 18.600004 52.457153
v 6.717189 18.600004 52.760372
v 6.325107 18.899998 52.826996
v 9.461764 18.899998 52.594543
v 7.893435 18.899998 52.862572
v 11.030094 18.899998 52.326523
v 11.814259 18.899998 52.192513
v 10.245929 18.899998 52.460533
v 8.677600 18.899998 52.728561
v 12.206341 18.899998 52.125504
v 11.422176 18.899998 52.259514
v 10.638011 18.899998 52.393532
v 9.853847 18.899998 52.527542
v 9.069682 18.899998 52.661552
v 8.285518 18.899998 52.795570
v 6.325107 18.899998 53.130600
v 7.109271 18.899998 52.996586
v 7.501353 18.899998 52.929577
v 6.717189 18.899998 53.063591
v 11.422176 19.200008 52.558140
v 10.638011 19.200008 52.393532
v 10.638011 19.200008 52.692921
v 9.853847 19.200008 52.527542
v 9.853847 19.200008 52.827698
v 9.069682 19.200008 52.661552
v 9.069682 19.200008 52.962475
v 8.285518 19.200008 52.795570
v 8.285518 19.200008 53.097256
v 6.325107 19.200008 53.130600
v 6.325107 19.200008 53.434200
v 7.109271 19.200008 52.996586
v 7.109271 19.200008 53.299423
v 7.501353 19.200008 52.929577
v 7.501353 19.200008 53.232033
v 6.717189 19.200008 53.063591
v 6.717189 19.200008 53.366814
v 12.206341 19.500002 52.423363
v 11.030094 19.500002 52.924538
v 7.893435 19.500002 53.466713
v 9.461764 19.500002 53.195625
v 11.814259 19.500002 52.788994
v 10.245929 19.500002 53.060081
v 8.677600 19.500002 53.331169
v 12.206341 19.500002 52.721222
v 11.422176 19.500002 52.856766
v 10.638011 19.500002 52.992310
v 9.853847 19.500002 53.127853
v 9.069682 19.500002 53.263397
v 8.285518 19.500002 53.398941
v 6.325107 19.500002 53.737801
v 7.109271 19.500002 53.602261
v 7.501353 19.500002 53.534485
v 6.717189 19.500002 53.670036
v 11.422176 19.764275 53.155388
v 10.638011 19.764275 52.992310
v 10.638011 19.764275 53.291702
v 9.853847 19.764275 53.127853
v 9.853847 19.764275 53.428013
v 9.069682 19.764275 53.263397
v 9.069682 19.764275 53.564323
v 8.285518 19.764275 53.398941
v 8.285518 19.764275 53.700630
v 6.325107 19.764275 53.737801
v 6.325107 19.764275 54.041405
v 7.109271 19.764275 53.602261
v 7.109271 19.764275 53.905098
v 7.501353 19.764275 53.534485
v 7.501353 19.764275 53.836941
v 6.717189 19.764275 53.670036
v 6.717189 19.764275 53.973255
v -40.680286 26.000000 -44.736916
v -40.680286 26.000000 44.736916
v -40.290428 26.000000 44.688183
v -40.290428 26.000000 -44.688183
v -40.680286 26.299999 44.736916
v -41.070145 26.299999 44.785648
v -41.070145 26.299999 -44.785648
v -40.680286 26.299999 -44.736916
v -41.460003 26.600000 44.834381
v -41.460003 26.600000 -44.834381
v -41.070145 26.600000 44.785648
v -41.070145 26.600000 -44.785648
v -41.460003 26.900000 44.834381
v -41.849861 26.900000 44.883110
v -41.849861 26.900000 -44.883110
v -41.460003 26.900000 -44.834381
v -42.239719 27.200001 44.931843
v -42.239719 27.200001 -44.931843
v -41.849861 27.200001 44.883110
v -41.849861 27.200001 -44.883110
v -42.239719 27.500000 44.931843
v -42.629578 27.500000 44.980576
v -42.629578 27.500000 -44.980576
v -42.239719 27.500000 -44.931843
v -43.019436 27.799999 -45.029305
v -43.019436 27.799999 45.029305
v -42.629578 27.799999 44.980576
v -42.629578 27.799999 -44.980576
v -43.019436 28.100000 45.029305
v -43.409294 28.100000 45.078037
v -43.409294 28.100000 -45.078037
v -43.019436 28.100000 -45.029305
v -43.799152 28.400000 45.126770
v -43.799152 28.400000 -45.126770
v -43.409294 28.400000 45.078037
v -43.409294 28.400000 -45.078037
v 17.308424 10.000000 46.872269
v 66.478653 1.829719 -31.342045
v 66.478653 1.829719 31.342045
v 66.088379 1.829719 -31.390829
v 66.088379 1.829719 31.390829
v 16.163462 20.000000 37.631443
v 16.163462 20.000000 -37.631443
v 12.474079 20.000000 38.092617
v 11.127140 20.000000 -38.260986
v 15.667648 20.000000 -37.693420
v 15.645278 20.000000 37.696217
v 11.243245 20.000000 37.567356
v 11.128362 20.000000 -37.462780
v 4.756778 20.000000 -38.192062
v 4.756778 20.000000 38.320999
v 16.163462 20.000000 -36.886463
v 16.163462 20.000000 36.995701
v 15.647999 20.000000 37.055592
v 15.667451 20.000000 -36.943237
v 6.321727 20.000000 -38.012939
v 6.329027 20.000000 38.138325
v 11.128241 21.406284 -37.541813
v 11.128362 21.327780 -37.462780
v 11.127140 21.327780 -38.260986
v 11.127260 21.406284 -38.181854
v 15.667627 21.406284 -37.614307
v 15.667648 21.327780 -37.693420
v 12.464342 21.406284 38.014717
v 12.474079 21.327780 38.092617
v 13.703874 21.327780 37.938892
v 13.694137 21.406284 37.860992
v 6.404095 21.406284 38.772251
v 6.325107 21.327780 38.861240
v 11.244285 21.327780 38.246342
v 11.244164 21.406284 38.167240
v 16.163462 21.327780 36.995701
v 16.084957 21.406284 37.004822
v 16.084957 21.406284 37.562138
v 16.163462 21.327780 37.631443
v 15.645614 21.406284 37.617058
v 15.645278 21.327780 37.696217
v 6.325107 21.327780 -38.861240
v 6.403258 21.406284 -38.772354
v 16.084957 21.406284 -37.562138
v 16.163462 21.327780 -37.631443
v 11.243245 21.327780 37.567356
v 11.243366 21.406284 37.646374
v 16.084957 21.406284 -36.895451
v 16.163462 21.327780 -36.886463
v 15.726484 21.406284 37.125504
v 15.647999 21.327780 37.055592
v 15.745974 21.406284 -37.013268
v 15.667451 21.327780 -36.943237
v 6.407154 21.406284 38.208279
v 6.329027 21.327780 38.138325
v 6.400512 21.406284 -38.082939
v 6.321727 21.327780 -38.012939
v 16.816341 19.347120 37.549831
v 16.816341 19.347120 -37.549831
v 17.303410 17.697201 37.488949
v 17.122005 18.609184 37.511623
v 17.122005 18.609184 -37.511623
v 17.303410 17.697201 -37.488949
vn 0.2425 -0.0000 -0.9701
vn 0.2425 -0.0000 0.9701
vn -0.0000 1.0000 -0.0000
vn 1.0000 -0.0000 -0.0000
vn -0.0000 -0.0000 -1.0000
vn -0.0000 -1.0000 -0.0000
vn -0.0000 -0.0000 1.0000
vn -0.1544 -0.0000 0.9880
vn -0.1544 -0.0000 -0.9880
vn -1.0000 -0.0000 -0.0000
vn -0.1843 -0.0000 -0.9829
vn 0.1544 -0.0000 0.9880
vn -0.1240 -0.0000 -0.9923
vn -0.1240 -0.0001 0.9923
vn -0.1553 -0.0000 0.9879
vn -0.1843 -0.0000 0.9829
vn 0.1544 -0.0000 -0.9880
vn -0.1694 -0.0000 -0.9855
vn -0.1694 -0.0000 -0.9856
vn -0.1619 -0.0000 -0.9868
vn -0.1656 -0.0000 -0.9862
vn -0.1657 -0.0000 -0.9862
vn -0.1581 -0.0000 -0.9874
vn -0.1712 -0.0000 -0.9852
vn -0.1713 -0.0000 -0.9852
vn -0.1675 -0.0000 -0.9859
vn -0.1638 -0.0000 -0.9865
vn -0.1600 -0.0000 -0.9871
vn -0.1563 -0.0000 -0.9877
vn -0.1562 -0.0000 -0.9877
vn -0.1553 -0.0000 -0.9879
vn -0.1572 -0.0000 -0.9876
vn -0.1591 -0.0000 -0.9873
vn -0.1610 -0.0000 -0.9870
vn -0.1609 -0.0000 -0.9870
vn -0.1628 -0.0000 -0.9867
vn -0.1647 -0.0000 -0.9863
vn -0.1666 -0.0000 -0.9860
vn -0.1685 -0.0000 -0.9857
vn -0.1684 -0.0000 -0.9857
vn -0.1703 -0.0000 -0.9854
vn -0.1703 -0.0000 0.9854
vn -0.1628 -0.0000 0.9867
vn -0.1666 -0.0000 0.9860
vn -0.1591 -0.0000 0.9873
vn -0.1685 -0.0000 0.9857
vn -0.1684 -0.0000 0.9857
vn -0.1647 -0.0000 0.9863
vn -0.1610 -0.0000 0.9870
vn -0.1609 -0.0000 0.9870
vn -0.1572 -0.0000 0.9876
vn -0.1563 -0.0000 0.9877
vn -0.1562 -0.0000 0.9877
vn -0.1581 -0.0000 0.9874
vn -0.1600 -0.0000 0.9871
vn -0.1619 -0.0000 0.9868
vn -0.1638 -0.0000 0.9865
vn -0.1240 -0.0000 0.9923
vn -0.1657 -0.0000 0.9862
vn -0.1656 -0.0000 0.9862
vn -0.1675 -0.0000 0.9859
vn -0.1694 -0.0000 0.9855
vn -0.0003 1.0000 -0.0000
vn 0.0877 0.7071 -0.7016
vn 0.0877 0.7071 0.7016
vn 0.7071 0.7071 -0.0000
vn 0.0877 0.7071 0.7017
vn -0.0816 0.7071 -0.7024
vn -0.7071 0.7071 -0.0002
vn -0.0804 0.7071 0.7025
vn -0.0804 0.7071 0.7026
vn -0.7071 0.7071 -0.0028
vn -0.7071 0.7071 -0.0038
vn -0.1137 -0.0000 0.9935
vn 0.1240 -0.0000 -0.9923
vn 0.1240 -0.0000 0.9923
vn -1.0000 -0.0000 -0.0054
vn -1.0000 -0.0000 -0.0040
vn -0.1154 -0.0000 -0.9933
vn -1.0000 -0.0000 -0.0003
vn 0.9808 0.1951 -0.0000
vn 0.9239 0.3827 -0.0000
vn 0.8944 -0.0000 -0.4472
vn 0.9950 -0.0000 0.0995
vn -0.8944 -0.0000 -0.4472
vn 0.9701 -0.0000 0.2425
vn 0.9981 -0.0000 0.0624
vn 0.9701 -0.0000 -0.2425
vn 0.9965 -0.0000 -0.0830
vn 0.9923 -0.0000 -0.1240
vn 0.0791 -0.4071 -0.9100
vn -0.1241 0.0002 -0.9923
vn 0.0756 -0.2418 -0.9674
vn 0.0078 -0.0000 -1.0000
vn 0.1708 0.8198 -0.5465
vn -0.1241 -0.0000 -0.9923
vn 0.2707 -0.0000 -0.9627
vn -0.0312 -0.0000 0.9995
vn -0.2846 -0.0000 -0.9586
vn -0.2816 0.4291 -0.8582
vn -0.1241 -0.0001 -0.9923
vn 0.1149 0.5960 -0.7947
vn 0.1111 -0.4444 -0.8889
vn -0.0655 -0.5987 0.7983
vn -0.1241 0.0005 -0.9923
vn -0.0000 0.2425 0.9701
vn -0.1240 0.0001 -0.9923
vn -0.1243 -0.0008 -0.9922
vn -0.1241 -0.0000 0.9923
vn 0.2707 -0.0000 0.9627
vn -0.2440 -0.4337 -0.8674
vn 0.0489 -0.4467 0.8934
vn -0.1241 0.0002 0.9923
vn 0.0756 -0.2418 0.9674
vn 0.2983 -0.9545 -0.0000
vn -0.0779 -0.0000 0.9970
vn -0.1240 0.0001 0.9923
vn -0.2846 -0.0000 0.9586
vn -0.1241 -0.0002 0.9923
vn -0.1239 -0.0000 0.9923
vn 0.0078 -0.0000 1.0000
vn -0.1243 -0.0008 0.9922
vn -0.1240 0.0002 0.9923
vn -0.1242 0.0004 0.9923
vn -0.1238 0.0008 0.9923
vn 0.1180 -0.4441 0.8882
vn -0.1240 -0.0002 0.9923
vn -0.0701 0.9975 -0.0000
vn 0.2182 -0.8729 -0.4364
vn -0.2983 0.9545 -0.0000
vn -0.0499 -0.7990 0.5993
vn -0.3180 0.8480 -0.4240
vn -0.0000 -0.7071 0.7071
vn -0.0000 0.9701 -0.2425
vn -0.2425 -0.7761 -0.5821
vn -0.1241 -0.0006 -0.9923
vn 0.9981 -0.0000 -0.0624
vn 0.9988 -0.0000 -0.0499
vn 0.9923 -0.0000 0.1240
vn 1.0000 -0.0000 -0.0001
vn -0.2182 0.8729 0.4364
vn 0.2425 -0.9701 -0.0000
vn -0.0692 -0.5534 -0.8301
vn -0.2425 -0.0000 0.9701
vn -0.0830 -0.0000 0.9965
vn 0.0499 0.7990 0.5993
vn 0.0499 -0.7990 -0.5993
vn 0.2692 -0.8614 0.4307
vn -0.4472 -0.0000 0.8944
vn -0.0000 0.8944 0.4472
vn -0.1240 -0.0005 0.9923
vn -0.1694 -0.0000 0.9856
vn 0.0877 0.7071 -0.7017
vn -0.0804 0.7072 0.7025
vn 0.9138 -0.0000 -0.4061
vn 0.1065 -0.0000 0.9943
vn 0.4286 0.8571 0.2857
vn 0.0624 -0.0000 0.9981
vn 0.4082 -0.8165 0.4082
vn 0.3144 0.8050 0.5031
vn 0.1314 -0.7010 0.7010
vn 0.2387 -0.7956 0.5569
vn 0.3469 0.9251 0.1542
vn -0.4472 -0.0000 -0.8944
vn 0.9138 -0.0000 0.4061
vn 0.7809 -0.0000 0.6247
vn 0.1916 0.6131 -0.7664
vn 0.0624 -0.0000 -0.9981
vn 0.6000 -0.0000 -0.8000
vn 0.3415 0.8407 -0.4203
vn 0.1314 -0.7010 -0.7010
vn 0.1654 -0.8821 -0.4411
vt 0.625000 0.437555
vt 0.375000 0.500000
vt 0.375000 0.437555
vt 0.625000 0.968811
vt 0.375000 1.000000
vt 0.375000 0.968811
vt 0.625000 0.375111
vt 0.625000 0.406333
vt 0.625000 0.843667
vt 0.375000 0.874890
vt 0.375000 0.843667
vt 0.625000 0.906256
vt 0.375000 0.937623
vt 0.375000 0.906256
vt 0.625000 0.750000
vt 0.375000 0.812445
vt 0.375000 0.750000
vt 0.687445 0.687500
vt 0.625000 0.687500
vt 0.702080 0.562500
vt 0.687445 0.562500
vt 0.687445 0.500000
vt 0.625000 0.312377
vt 0.625000 0.343744
vt 0.375000 0.687500
vt 0.625000 0.250000
vt 0.625000 0.281189
vt 0.749889 0.531250
vt 0.843811 0.750000
vt 0.875000 0.687500
vt 0.875000 0.750000
vt 0.843811 0.687500
vt 0.828217 0.750000
vt 0.828217 0.687500
vt 0.718667 0.562500
vt 0.703056 0.687500
vt 0.703056 0.562500
vt 0.843811 0.562500
vt 0.875000 0.562500
vt 0.625000 0.562500
vt 0.125000 0.687500
vt 0.125000 0.562500
vt 0.812623 0.687500
vt 0.781256 0.562500
vt 0.812623 0.562500
vt 0.625000 1.000000
vt 0.156189 0.687500
vt 0.688420 0.562500
vt 0.687932 0.687500
vt 0.687932 0.562500
vt 0.750870 0.546875
vt 0.375000 0.250000
vt 0.156189 0.500000
vt 0.125000 0.500000
vt 0.749890 0.687500
vt 0.749890 0.562500
vt 0.814572 0.687500
vt 0.814572 0.562500
vt 0.875000 0.500000
vt 0.625000 0.500000
vt 0.749889 0.718750
vt 0.749889 0.750000
vt 0.125000 0.750000
vt 0.765573 0.687500
vt 0.765573 0.686322
vt 0.375000 0.406333
vt 0.375000 0.375111
vt 0.625000 0.828056
vt 0.375000 0.828056
vt 0.625000 0.421944
vt 0.625000 0.874889
vt 0.828217 0.562500
vt 0.625000 0.937623
vt 0.625000 0.359427
vt 0.625000 0.890573
vt 0.375000 0.890573
vt 0.375000 0.343744
vt 0.375000 0.312377
vt 0.375000 0.562500
vt 0.695738 0.562500
vt 0.695738 0.687500
vt 0.625000 0.296783
vt 0.625000 0.296783
vt 0.375000 0.281189
vt 0.625000 0.953217
vt 0.375000 0.953217
vt 0.625000 0.812445
vt 0.701592 0.562500
vt 0.702080 0.687500
vt 0.701592 0.687500
vt 0.375000 0.421944
vt 0.375000 0.359427
vt 0.375000 0.296783
vt 0.696226 0.562500
vt 0.696226 0.687500
vt 0.757731 0.718262
vt 0.757241 0.718750
vt 0.757241 0.718262
vt 0.691835 0.562500
vt 0.691347 0.687500
vt 0.691348 0.562500
vt 0.700129 0.562500
vt 0.700129 0.687500
vt 0.761652 0.718262
vt 0.761162 0.718750
vt 0.761162 0.718262
vt 0.758711 0.546875
vt 0.758221 0.546875
vt 0.826268 0.562500
vt 0.826268 0.687500
vt 0.690372 0.562500
vt 0.690372 0.687500
vt 0.694275 0.562500
vt 0.694275 0.687500
vt 0.694275 0.687500
vt 0.698177 0.562500
vt 0.698177 0.687500
vt 0.756261 0.703125
vt 0.756751 0.703125
vt 0.757241 0.703125
vt 0.759691 0.718262
vt 0.759201 0.718750
vt 0.759201 0.718262
vt 0.625000 0.000000
vt 0.625000 0.062500
vt 0.625000 0.187500
vt 0.375000 0.062500
vt 0.696714 0.562500
vt 0.696714 0.687500
vt 0.690860 0.562500
vt 0.690860 0.687500
vt 0.694762 0.562500
vt 0.697202 0.562500
vt 0.697202 0.687500
vt 0.698665 0.562500
vt 0.750870 0.703125
vt 0.756261 0.718750
vt 0.754300 0.703125
vt 0.754790 0.703125
vt 0.756751 0.718262
vt 0.756261 0.718262
vt 0.758711 0.718262
vt 0.758221 0.718750
vt 0.758221 0.718262
vt 0.760182 0.703125
vt 0.760672 0.703125
vt 0.757731 0.703125
vt 0.758221 0.703125
vt 0.760672 0.718262
vt 0.760182 0.718750
vt 0.760182 0.718262
vt 0.817496 0.562500
vt 0.817009 0.687500
vt 0.817008 0.562500
vt 0.703056 0.500000
vt 0.718667 0.500000
vt 0.688908 0.562500
vt 0.688908 0.687500
vt 0.689396 0.562500
vt 0.689884 0.562500
vt 0.312555 0.750000
vt 0.296944 0.750000
vt 0.692811 0.562500
vt 0.692811 0.687500
vt 0.693299 0.562500
vt 0.693299 0.687500
vt 0.693787 0.687500
vt 0.693787 0.562500
vt 0.697690 0.562500
vt 0.697690 0.687500
vt 0.699153 0.562500
vt 0.699153 0.687500
vt 0.756261 0.535156
vt 0.756261 0.541504
vt 0.756261 0.531250
vt 0.751850 0.703125
vt 0.752340 0.703125
vt 0.755281 0.703125
vt 0.752830 0.703125
vt 0.753320 0.703125
vt 0.756261 0.714356
vt 0.756261 0.714844
vt 0.756261 0.711914
vt 0.758711 0.562500
vt 0.758221 0.562500
vt 0.756751 0.718750
vt 0.757731 0.718750
vt 0.758711 0.718750
vt 0.759692 0.718750
vt 0.763122 0.546875
vt 0.762632 0.546875
vt 0.760672 0.718750
vt 0.813110 0.562500
vt 0.812623 0.687500
vt 0.812623 0.562500
vt 0.817983 0.562500
vt 0.817496 0.687500
vt 0.692323 0.562500
vt 0.692323 0.687500
vt 0.688420 0.687500
vt 0.687932 0.687500
vt 0.689396 0.687500
vt 0.689884 0.687500
vt 0.690860 0.687500
vt 0.691835 0.687500
vt 0.698665 0.687500
vt 0.694762 0.687500
vt 0.695250 0.562500
vt 0.695250 0.687500
vt 0.701105 0.562500
vt 0.699641 0.562500
vt 0.693299 0.562500
vt 0.699641 0.687500
vt 0.700617 0.562500
vt 0.700617 0.687500
vt 0.701104 0.687500
vt 0.281333 0.687500
vt 0.281333 0.562500
vt 0.763122 0.718262
vt 0.763612 0.718262
vt 0.763122 0.718750
vt 0.218744 0.687500
vt 0.757241 0.546875
vt 0.756751 0.546875
vt 0.762632 0.718262
vt 0.762142 0.718750
vt 0.762142 0.718261
vt 0.761652 0.718750
vt 0.762632 0.718750
vt 0.825780 0.687500
vt 0.218744 0.562500
vt 0.758221 0.546387
vt 0.757731 0.546387
vt 0.757241 0.546387
vt 0.756751 0.546387
vt 0.763122 0.546387
vt 0.762632 0.546387
vt 0.762142 0.546387
vt 0.761652 0.546387
vt 0.828217 0.500000
vt 0.843811 0.500000
vt 0.760672 0.546387
vt 0.760182 0.546387
vt 0.761162 0.546387
vt 0.763612 0.546387
vt 0.758711 0.546387
vt 0.759691 0.546387
vt 0.756261 0.546387
vt 0.156189 0.750000
vt 0.759201 0.546387
vt 0.761162 0.703125
vt 0.761652 0.703125
vt 0.760672 0.546875
vt 0.760182 0.546875
vt 0.757731 0.546875
vt 0.758711 0.703125
vt 0.759201 0.703125
vt 0.759692 0.703125
vt 0.761652 0.546875
vt 0.761162 0.546875
vt 0.759201 0.546875
vt 0.759691 0.546875
vt 0.755771 0.703125
vt 0.756261 0.703125
vt 0.751360 0.703125
vt 0.751360 0.703125
vt 0.751850 0.546875
vt 0.751360 0.546875
vt 0.756261 0.710938
vt 0.756751 0.710937
vt 0.749889 0.546875
vt 0.750380 0.562500
vt 0.749889 0.562500
vt 0.750380 0.687500
vt 0.749889 0.703125
vt 0.749889 0.687500
vt 0.750380 0.703125
vt 0.750380 0.546875
vt 0.750870 0.687500
vt 0.750870 0.562500
vt 0.751360 0.687500
vt 0.751360 0.562500
vt 0.751850 0.687500
vt 0.751850 0.562500
vt 0.753810 0.703125
vt 0.753810 0.703125
vt 0.752340 0.687500
vt 0.752340 0.562500
vt 0.761162 0.710938
vt 0.761652 0.710937
vt 0.752830 0.687500
vt 0.752340 0.546875
vt 0.752830 0.562500
vt 0.751850 0.703125
vt 0.753320 0.687500
vt 0.752830 0.546875
vt 0.753320 0.562500
vt 0.753810 0.687500
vt 0.753320 0.546875
vt 0.753810 0.562500
vt 0.759692 0.710937
vt 0.760182 0.710938
vt 0.754300 0.687500
vt 0.753810 0.546875
vt 0.754300 0.562500
vt 0.754790 0.687500
vt 0.754300 0.546875
vt 0.754791 0.562500
vt 0.755281 0.687500
vt 0.754790 0.546875
vt 0.755281 0.562500
vt 0.755771 0.687500
vt 0.755281 0.546875
vt 0.755771 0.562500
vt 0.756261 0.687500
vt 0.755771 0.546875
vt 0.756261 0.562500
vt 0.755281 0.562500
vt 0.759692 0.562500
vt 0.759202 0.562500
vt 0.756751 0.687500
vt 0.755771 0.562500
vt 0.756261 0.546875
vt 0.756751 0.562500
vt 0.761652 0.562500
vt 0.761162 0.562500
vt 0.757731 0.562500
vt 0.757241 0.562500
vt 0.760672 0.562500
vt 0.760182 0.562500
vt 0.763612 0.562500
vt 0.763122 0.562500
vt 0.762142 0.546875
vt 0.762632 0.562500
vt 0.762142 0.562500
vt 0.763122 0.687500
vt 0.762632 0.703125
vt 0.762632 0.687500
vt 0.762142 0.687500
vt 0.761652 0.687500
vt 0.762142 0.703125
vt 0.763612 0.687500
vt 0.763122 0.703125
vt 0.761162 0.687500
vt 0.760672 0.687500
vt 0.760182 0.687500
vt 0.759692 0.687500
vt 0.759201 0.687500
vt 0.758711 0.687500
vt 0.758221 0.687500
vt 0.757731 0.687500
vt 0.757241 0.687500
vt 0.763612 0.546875
vt 0.763612 0.546875
vt 0.757731 0.703613
vt 0.757241 0.704101
vt 0.757241 0.703613
vt 0.756751 0.562500
vt 0.758221 0.710937
vt 0.758711 0.710937
vt 0.763122 0.711426
vt 0.762632 0.711914
vt 0.762632 0.711426
vt 0.762142 0.710938
vt 0.762632 0.710937
vt 0.760672 0.710937
vt 0.757241 0.710938
vt 0.757731 0.710938
vt 0.763122 0.710938
vt 0.759201 0.710938
vt 0.762142 0.707031
vt 0.762632 0.707031
vt 0.756751 0.707031
vt 0.757241 0.707031
vt 0.761652 0.707031
vt 0.763122 0.707031
vt 0.760182 0.707031
vt 0.760672 0.707031
vt 0.757731 0.707031
vt 0.761162 0.707031
vt 0.758221 0.707031
vt 0.758711 0.707031
vt 0.759691 0.707031
vt 0.756261 0.707031
vt 0.759201 0.707031
vt 0.763612 0.707520
vt 0.763122 0.708008
vt 0.763122 0.707520
vt 0.763122 0.714356
vt 0.762632 0.714844
vt 0.762632 0.714355
vt 0.762142 0.714356
vt 0.761652 0.714844
vt 0.761652 0.714355
vt 0.762142 0.714844
vt 0.763612 0.714356
vt 0.763122 0.714844
vt 0.761162 0.714355
vt 0.760672 0.714844
vt 0.760672 0.714355
vt 0.760182 0.714356
vt 0.759691 0.714844
vt 0.759691 0.714355
vt 0.759202 0.714356
vt 0.758711 0.714844
vt 0.758711 0.714355
vt 0.758221 0.714355
vt 0.757731 0.714844
vt 0.757731 0.714355
vt 0.757241 0.714355
vt 0.756751 0.714844
vt 0.756751 0.714355
vt 0.760182 0.714844
vt 0.758221 0.714844
vt 0.759201 0.714844
vt 0.761162 0.714844
vt 0.757241 0.714844
vt 0.757731 0.712402
vt 0.757241 0.712891
vt 0.757241 0.712402
vt 0.761652 0.712402
vt 0.761162 0.712891
vt 0.761162 0.712402
vt 0.759691 0.712402
vt 0.759201 0.712891
vt 0.759201 0.712402
vt 0.756751 0.712402
vt 0.756261 0.712891
vt 0.756261 0.712402
vt 0.758711 0.712402
vt 0.758221 0.712890
vt 0.758221 0.712402
vt 0.760672 0.712402
vt 0.760182 0.712891
vt 0.760182 0.712402
vt 0.756751 0.712891
vt 0.757731 0.712891
vt 0.758711 0.712891
vt 0.759691 0.712891
vt 0.760672 0.712891
vt 0.763612 0.712402
vt 0.763122 0.712891
vt 0.763122 0.712402
vt 0.762632 0.712402
vt 0.762142 0.712891
vt 0.762142 0.712402
vt 0.761652 0.712891
vt 0.762632 0.712891
vt 0.760182 0.708984
vt 0.760672 0.708984
vt 0.757241 0.708984
vt 0.757731 0.708984
vt 0.761162 0.708984
vt 0.758221 0.708984
vt 0.758711 0.708984
vt 0.759691 0.708984
vt 0.761652 0.708984
vt 0.756261 0.708984
vt 0.756751 0.708984
vt 0.759201 0.708984
vt 0.757731 0.709473
vt 0.757241 0.709961
vt 0.757241 0.709473
vt 0.762142 0.708984
vt 0.762632 0.708984
vt 0.760672 0.705078
vt 0.761162 0.705078
vt 0.757241 0.705078
vt 0.757731 0.705078
vt 0.760182 0.705078
vt 0.762632 0.705078
vt 0.763122 0.705078
vt 0.761652 0.705078
vt 0.762142 0.705078
vt 0.756751 0.705078
vt 0.758221 0.705078
vt 0.763612 0.705566
vt 0.763122 0.706055
vt 0.763122 0.705566
vt 0.758711 0.705078
vt 0.759201 0.705078
vt 0.759692 0.705078
vt 0.756261 0.705078
vt 0.763122 0.716308
vt 0.762632 0.716797
vt 0.762632 0.716309
vt 0.762142 0.716309
vt 0.761652 0.716797
vt 0.761652 0.716308
vt 0.762142 0.716797
vt 0.763612 0.716309
vt 0.763122 0.716797
vt 0.761162 0.716308
vt 0.760672 0.716797
vt 0.760672 0.716309
vt 0.760181 0.716308
vt 0.759691 0.716797
vt 0.759691 0.716309
vt 0.759201 0.716308
vt 0.758711 0.716797
vt 0.758711 0.716308
vt 0.758221 0.716308
vt 0.757731 0.716797
vt 0.757731 0.716309
vt 0.757241 0.716309
vt 0.756751 0.716797
vt 0.756751 0.716308
vt 0.760182 0.716797
vt 0.758221 0.716797
vt 0.756261 0.716797
vt 0.756261 0.716309
vt 0.759201 0.716797
vt 0.761162 0.716797
vt 0.757241 0.716797
vt 0.757731 0.715332
vt 0.757241 0.715820
vt 0.757241 0.715332
vt 0.761652 0.715332
vt 0.761162 0.715820
vt 0.761162 0.715332
vt 0.759691 0.715332
vt 0.759201 0.715820
vt 0.759201 0.715332
vt 0.756751 0.715332
vt 0.756261 0.715820
vt 0.756261 0.715332
vt 0.758711 0.715332
vt 0.758221 0.715820
vt 0.758221 0.715332
vt 0.760672 0.715332
vt 0.760182 0.715820
vt 0.760182 0.715332
vt 0.756751 0.715820
vt 0.757731 0.715820
vt 0.758711 0.715820
vt 0.759692 0.715820
vt 0.760672 0.715820
vt 0.763612 0.715332
vt 0.763122 0.715820
vt 0.763122 0.715332
vt 0.762632 0.715332
vt 0.762142 0.715820
vt 0.762142 0.715332
vt 0.761652 0.715820
vt 0.762632 0.715820
vt 0.757731 0.713379
vt 0.757241 0.713867
vt 0.757241 0.713379
vt 0.761652 0.713379
vt 0.761162 0.713867
vt 0.761162 0.713379
vt 0.759691 0.713379
vt 0.759201 0.713867
vt 0.759202 0.713379
vt 0.756751 0.713379
vt 0.756261 0.713867
vt 0.756261 0.713379
vt 0.758711 0.713379
vt 0.758221 0.713867
vt 0.758221 0.713379
vt 0.760672 0.713379
vt 0.760182 0.713867
vt 0.760182 0.713379
vt 0.756751 0.713867
vt 0.757731 0.713867
vt 0.758711 0.713867
vt 0.759691 0.713867
vt 0.760672 0.713867
vt 0.763612 0.713379
vt 0.763122 0.713867
vt 0.763122 0.713379
vt 0.762632 0.713379
vt 0.762142 0.713867
vt 0.762142 0.713379
vt 0.761652 0.713867
vt 0.762632 0.713867
vt 0.756751 0.711914
vt 0.757241 0.711914
vt 0.757731 0.711914
vt 0.758221 0.711914
vt 0.758711 0.711914
vt 0.759201 0.711914
vt 0.759691 0.711914
vt 0.761162 0.711914
vt 0.761652 0.711914
vt 0.760182 0.711914
vt 0.763122 0.711914
vt 0.763612 0.711914
vt 0.762142 0.711914
vt 0.375000 0.187500
vt 0.760672 0.711914
vt 0.761652 0.709961
vt 0.762142 0.709961
vt 0.762632 0.709961
vt 0.763122 0.709961
vt 0.760182 0.709961
vt 0.760672 0.709961
vt 0.757731 0.709961
vt 0.761162 0.709961
vt 0.758221 0.709961
vt 0.758711 0.709961
vt 0.759691 0.709961
vt 0.756261 0.709961
vt 0.756751 0.709961
vt 0.759201 0.709961
vt 0.763612 0.710449
vt 0.763122 0.710449
vt 0.759201 0.708008
vt 0.759691 0.708008
vt 0.756261 0.708008
vt 0.756751 0.708008
vt 0.761162 0.708008
vt 0.761652 0.708008
vt 0.760182 0.708008
vt 0.758221 0.708008
vt 0.758711 0.708008
vt 0.760672 0.708008
vt 0.757241 0.708008
vt 0.757731 0.708008
vt 0.762632 0.708008
vt 0.762142 0.708008
vt 0.757731 0.708496
vt 0.757241 0.708496
vt 0.760672 0.706055
vt 0.761162 0.706055
vt 0.756261 0.706055
vt 0.756751 0.706055
vt 0.761652 0.706055
vt 0.762632 0.706055
vt 0.758221 0.706055
vt 0.758711 0.706055
vt 0.757241 0.706055
vt 0.757731 0.706055
vt 0.762142 0.706055
vt 0.760182 0.706055
vt 0.757731 0.706543
vt 0.757241 0.706543
vt 0.759201 0.706055
vt 0.759691 0.706055
vt 0.757731 0.704102
vt 0.758221 0.704102
vt 0.762142 0.704102
vt 0.762632 0.704102
vt 0.756751 0.704102
vt 0.761652 0.704101
vt 0.763122 0.704102
vt 0.760182 0.704102
vt 0.760672 0.704102
vt 0.761162 0.704102
vt 0.758711 0.704101
vt 0.759691 0.704101
vt 0.756261 0.704102
vt 0.759201 0.704102
vt 0.687445 0.750000
vt 0.812623 0.750000
vt 0.375000 0.000000
vt 0.763122 0.717285
vt 0.762632 0.717773
vt 0.762632 0.717285
vt 0.762142 0.717285
vt 0.761652 0.717773
vt 0.761652 0.717285
vt 0.762142 0.717773
vt 0.763612 0.717285
vt 0.763122 0.717773
vt 0.761162 0.717285
vt 0.760672 0.717773
vt 0.760672 0.717285
vt 0.760182 0.717285
vt 0.759691 0.717773
vt 0.759692 0.717285
vt 0.759201 0.717285
vt 0.758711 0.717773
vt 0.758711 0.717285
vt 0.758221 0.717285
vt 0.757731 0.717774
vt 0.757731 0.717285
vt 0.757241 0.717285
vt 0.756751 0.717773
vt 0.756751 0.717285
vt 0.760182 0.717773
vt 0.758221 0.717773
vt 0.756261 0.717774
vt 0.756261 0.717285
vt 0.759201 0.717773
vt 0.761162 0.717773
vt 0.757241 0.717773
vt 0.763612 0.717773
vt 0.781256 0.687500
vt 0.760672 0.703613
vt 0.761162 0.703613
vt 0.760182 0.703613
vt 0.762632 0.703613
vt 0.763122 0.703613
vt 0.761652 0.703613
vt 0.762142 0.703613
vt 0.756751 0.703613
vt 0.758221 0.703613
vt 0.757241 0.704590
vt 0.758711 0.703613
vt 0.759202 0.703613
vt 0.759692 0.703613
vt 0.756261 0.703613
vt 0.759692 0.704590
vt 0.760182 0.704590
vt 0.761162 0.704590
vt 0.761652 0.704590
vt 0.756261 0.704590
vt 0.756751 0.704590
vt 0.759201 0.704590
vt 0.758711 0.704590
vt 0.757241 0.705566
vt 0.757731 0.704590
vt 0.758221 0.704590
vt 0.762142 0.704590
vt 0.762632 0.704590
vt 0.763122 0.704590
vt 0.760672 0.704590
vt 0.763612 0.706055
vt 0.763122 0.706543
vt 0.757731 0.705566
vt 0.758221 0.705566
vt 0.762142 0.705566
vt 0.762632 0.705566
vt 0.756751 0.705566
vt 0.761652 0.705566
vt 0.760182 0.705566
vt 0.760672 0.705566
vt 0.761162 0.705566
vt 0.758711 0.705566
vt 0.759691 0.705566
vt 0.756261 0.705567
vt 0.759201 0.705566
vt 0.760182 0.706543
vt 0.760672 0.706543
vt 0.762632 0.706543
vt 0.761652 0.706543
vt 0.762142 0.706543
vt 0.756751 0.706543
vt 0.758221 0.706543
vt 0.757241 0.707520
vt 0.758711 0.706543
vt 0.759201 0.706543
vt 0.759691 0.706543
vt 0.756261 0.706543
vt 0.761162 0.706543
vt 0.756751 0.707519
vt 0.761652 0.707519
vt 0.762142 0.707520
vt 0.762632 0.707520
vt 0.760182 0.707520
vt 0.760672 0.707519
vt 0.757731 0.707520
vt 0.761162 0.707520
vt 0.758221 0.707519
vt 0.758711 0.707519
vt 0.759691 0.707519
vt 0.756261 0.707520
vt 0.759201 0.707520
vt 0.763612 0.708008
vt 0.763122 0.708496
vt 0.756751 0.708496
vt 0.762142 0.708496
vt 0.762632 0.708496
vt 0.758221 0.708496
vt 0.763612 0.708984
vt 0.763122 0.709473
vt 0.763122 0.708984
vt 0.758711 0.708496
vt 0.759201 0.708496
vt 0.759691 0.708496
vt 0.756261 0.708496
vt 0.761162 0.708496
vt 0.761652 0.708496
vt 0.760182 0.708496
vt 0.760672 0.708496
vt 0.759201 0.709473
vt 0.759691 0.709473
vt 0.756261 0.709473
vt 0.756751 0.709473
vt 0.761162 0.709473
vt 0.761652 0.709472
vt 0.760182 0.709473
vt 0.758221 0.709472
vt 0.758711 0.709473
vt 0.760672 0.709473
vt 0.762632 0.709473
vt 0.762142 0.709473
vt 0.757241 0.710449
vt 0.760182 0.710449
vt 0.760672 0.710449
vt 0.757731 0.710449
vt 0.761162 0.710449
vt 0.758221 0.710449
vt 0.758711 0.710449
vt 0.759691 0.710449
vt 0.761652 0.710449
vt 0.756261 0.710449
vt 0.756751 0.710449
vt 0.759201 0.710449
vt 0.757241 0.711426
vt 0.762142 0.710449
vt 0.762632 0.710449
vt 0.763612 0.705078
vt 0.761652 0.711426
vt 0.762142 0.711426
vt 0.760182 0.711426
vt 0.760672 0.711426
vt 0.757731 0.711426
vt 0.761162 0.711426
vt 0.758221 0.711426
vt 0.758711 0.711426
vt 0.759691 0.711426
vt 0.756261 0.711426
vt 0.756751 0.711426
vt 0.759201 0.711426
vt 0.763612 0.712891
vt 0.763612 0.713867
vt 0.763612 0.714844
vt 0.763612 0.715820
vt 0.763612 0.716797
vt 0.250110 0.750000
vt 0.218744 0.750000
vt 0.187377 0.750000
vt 0.171783 0.750000
vt 0.703056 0.750000
vt 0.814085 0.687500
vt 0.814084 0.562500
vt 0.762142 0.538574
vt 0.761652 0.538574
vt 0.762632 0.538574
vt 0.763122 0.539062
vt 0.762632 0.539062
vt 0.762142 0.539062
vt 0.761652 0.539062
vt 0.763122 0.538574
vt 0.763612 0.539062
vt 0.760672 0.538574
vt 0.761162 0.539062
vt 0.760672 0.539062
vt 0.759691 0.538574
vt 0.760182 0.539062
vt 0.759691 0.539062
vt 0.758711 0.538574
vt 0.759201 0.539062
vt 0.758711 0.539062
vt 0.757731 0.538574
vt 0.758221 0.539062
vt 0.757731 0.539062
vt 0.756751 0.538574
vt 0.757241 0.539062
vt 0.756751 0.539062
vt 0.760181 0.538574
vt 0.758221 0.538574
vt 0.756261 0.538574
vt 0.756261 0.539062
vt 0.759201 0.538574
vt 0.761162 0.538574
vt 0.816521 0.687500
vt 0.816034 0.562500
vt 0.816521 0.562500
vt 0.758221 0.542480
vt 0.757731 0.542480
vt 0.759201 0.542480
vt 0.758711 0.542480
vt 0.759691 0.542480
vt 0.756751 0.542480
vt 0.756261 0.542480
vt 0.761652 0.542480
vt 0.761162 0.542480
vt 0.760182 0.542480
vt 0.763612 0.542480
vt 0.763122 0.542480
vt 0.762632 0.542480
vt 0.762142 0.542480
vt 0.760672 0.542480
vt 0.757241 0.542480
vt 0.762632 0.534668
vt 0.763122 0.535156
vt 0.762632 0.535156
vt 0.761652 0.534668
vt 0.762142 0.535156
vt 0.761652 0.535156
vt 0.762142 0.534668
vt 0.763122 0.534668
vt 0.763612 0.535156
vt 0.760672 0.534668
vt 0.761162 0.535156
vt 0.760672 0.535156
vt 0.759691 0.534668
vt 0.760181 0.535156
vt 0.759691 0.535156
vt 0.758711 0.534668
vt 0.759201 0.535156
vt 0.758711 0.535156
vt 0.757731 0.534668
vt 0.758221 0.535156
vt 0.757731 0.535156
vt 0.756751 0.534668
vt 0.757241 0.535156
vt 0.756751 0.535156
vt 0.760181 0.534668
vt 0.758221 0.534668
vt 0.756261 0.534668
vt 0.759201 0.534668
vt 0.761162 0.534668
vt 0.757241 0.534668
vt 0.761652 0.540527
vt 0.761162 0.540527
vt 0.756751 0.540527
vt 0.756261 0.540527
vt 0.759691 0.540527
vt 0.759201 0.540527
vt 0.758711 0.540527
vt 0.758221 0.540527
vt 0.757731 0.540527
vt 0.757241 0.540527
vt 0.763122 0.540527
vt 0.762632 0.540527
vt 0.762142 0.540527
vt 0.760672 0.540527
vt 0.760182 0.540527
vt 0.763612 0.540527
vt 0.816034 0.687500
vt 0.763122 0.544434
vt 0.762632 0.544434
vt 0.757241 0.544434
vt 0.756751 0.544434
vt 0.758221 0.544434
vt 0.757731 0.544434
vt 0.759201 0.544434
vt 0.758711 0.544434
vt 0.759691 0.544434
vt 0.756261 0.544434
vt 0.761652 0.544434
vt 0.761162 0.544434
vt 0.760182 0.544434
vt 0.763612 0.544434
vt 0.762142 0.544434
vt 0.760672 0.544434
vt 0.762632 0.536621
vt 0.763122 0.537109
vt 0.762632 0.537109
vt 0.761652 0.536621
vt 0.762142 0.537109
vt 0.761652 0.537109
vt 0.762142 0.536621
vt 0.763122 0.536621
vt 0.763612 0.537109
vt 0.760672 0.536621
vt 0.761162 0.537109
vt 0.760672 0.537109
vt 0.759691 0.536621
vt 0.760181 0.537109
vt 0.759691 0.537109
vt 0.758711 0.536621
vt 0.759201 0.537109
vt 0.758711 0.537109
vt 0.757731 0.536621
vt 0.758221 0.537109
vt 0.757731 0.537109
vt 0.756751 0.536621
vt 0.757241 0.537109
vt 0.756751 0.537109
vt 0.760181 0.536621
vt 0.758221 0.536621
vt 0.756261 0.536621
vt 0.756261 0.537109
vt 0.759201 0.536621
vt 0.761162 0.536621
vt 0.757241 0.536621
vt 0.813597 0.687500
vt 0.813597 0.562500
vt 0.757241 0.532695
vt 0.757731 0.533203
vt 0.757241 0.533203
vt 0.761162 0.532695
vt 0.761652 0.533203
vt 0.761162 0.533203
vt 0.759201 0.532695
vt 0.759691 0.533203
vt 0.759201 0.533203
vt 0.756261 0.532695
vt 0.756751 0.533203
vt 0.756261 0.533203
vt 0.758221 0.532695
vt 0.758711 0.533203
vt 0.758221 0.533203
vt 0.760181 0.532695
vt 0.760672 0.533203
vt 0.760181 0.533203
vt 0.756751 0.532695
vt 0.757731 0.532695
vt 0.758711 0.532694
vt 0.759691 0.532695
vt 0.760672 0.532695
vt 0.763122 0.532695
vt 0.763612 0.533203
vt 0.763122 0.533203
vt 0.762142 0.532695
vt 0.762632 0.533203
vt 0.762142 0.533203
vt 0.761652 0.532695
vt 0.762632 0.532695
vt 0.812623 0.500000
vt 0.812623 0.562500
vt 0.762632 0.531738
vt 0.763122 0.532227
vt 0.762632 0.532227
vt 0.761652 0.531738
vt 0.762142 0.532227
vt 0.761652 0.532227
vt 0.762142 0.531738
vt 0.763122 0.531738
vt 0.763612 0.532227
vt 0.760672 0.531738
vt 0.761162 0.532226
vt 0.760672 0.532227
vt 0.250110 0.500000
vt 0.759691 0.531738
vt 0.760181 0.532227
vt 0.759691 0.532227
vt 0.758711 0.531738
vt 0.759201 0.532227
vt 0.758711 0.532226
vt 0.757731 0.531738
vt 0.758221 0.532227
vt 0.757731 0.532227
vt 0.756751 0.531738
vt 0.757241 0.532227
vt 0.756751 0.532227
vt 0.218744 0.500000
vt 0.156189 0.562500
vt 0.171783 0.500000
vt 0.760181 0.531738
vt 0.758221 0.531738
vt 0.756261 0.531738
vt 0.756261 0.532227
vt 0.759201 0.531738
vt 0.761162 0.531738
vt 0.757241 0.531738
vt 0.749889 0.500000
vt 0.815059 0.687500
vt 0.815059 0.562500
vt 0.813110 0.687500
vt 0.757241 0.533691
vt 0.757731 0.534180
vt 0.757241 0.534180
vt 0.761162 0.533691
vt 0.761652 0.534180
vt 0.761162 0.534180
vt 0.759201 0.533691
vt 0.759691 0.534180
vt 0.759201 0.534180
vt 0.756261 0.533691
vt 0.756751 0.534180
vt 0.756261 0.534180
vt 0.758221 0.533691
vt 0.758711 0.534180
vt 0.758221 0.534180
vt 0.760181 0.533691
vt 0.760672 0.534180
vt 0.760181 0.534180
vt 0.756751 0.533691
vt 0.757731 0.533691
vt 0.758711 0.533691
vt 0.759691 0.533691
vt 0.760672 0.533691
vt 0.763122 0.533691
vt 0.763612 0.534180
vt 0.763122 0.534180
vt 0.762142 0.533691
vt 0.762632 0.534180
vt 0.762142 0.534180
vt 0.761652 0.533691
vt 0.762632 0.533691
vt 0.813597 0.687500
vt 0.757241 0.535645
vt 0.757731 0.536133
vt 0.757241 0.536133
vt 0.761162 0.535645
vt 0.761652 0.536133
vt 0.761162 0.536133
vt 0.759201 0.535645
vt 0.759691 0.536133
vt 0.759201 0.536133
vt 0.756261 0.535645
vt 0.756751 0.536133
vt 0.756261 0.536133
vt 0.758221 0.535645
vt 0.758711 0.536133
vt 0.758221 0.536133
vt 0.760182 0.535645
vt 0.760672 0.536133
vt 0.760181 0.536133
vt 0.756751 0.535645
vt 0.757731 0.535645
vt 0.758711 0.535644
vt 0.759691 0.535644
vt 0.760671 0.535644
vt 0.763122 0.535645
vt 0.763612 0.536133
vt 0.763122 0.536133
vt 0.762142 0.535645
vt 0.762632 0.536133
vt 0.762142 0.536133
vt 0.761652 0.535644
vt 0.762632 0.535644
vt 0.762632 0.537598
vt 0.763122 0.538086
vt 0.762632 0.538086
vt 0.761652 0.537598
vt 0.762142 0.538086
vt 0.761652 0.538086
vt 0.762142 0.537598
vt 0.763122 0.537598
vt 0.763612 0.538086
vt 0.760672 0.537598
vt 0.761162 0.538086
vt 0.760672 0.538086
vt 0.759691 0.537598
vt 0.760181 0.538086
vt 0.759691 0.538086
vt 0.758711 0.537598
vt 0.759201 0.538086
vt 0.758711 0.538086
vt 0.757731 0.537598
vt 0.758221 0.538086
vt 0.757731 0.538086
vt 0.756751 0.537598
vt 0.757241 0.538086
vt 0.756751 0.538086
vt 0.760181 0.537598
vt 0.758221 0.537598
vt 0.756261 0.537598
vt 0.756261 0.538086
vt 0.759201 0.537598
vt 0.761162 0.537598
vt 0.757241 0.537598
vt 0.815547 0.562500
vt 0.815547 0.687500
vt 0.761162 0.539551
vt 0.760672 0.539551
vt 0.757731 0.539551
vt 0.757241 0.539551
vt 0.760182 0.539551
vt 0.762142 0.539551
vt 0.761652 0.539551
vt 0.763122 0.539551
vt 0.762632 0.539551
vt 0.756751 0.539551
vt 0.758221 0.539551
vt 0.759201 0.539551
vt 0.758711 0.539551
vt 0.759691 0.539551
vt 0.756261 0.539551
vt 0.763612 0.539551
vt 0.815547 0.687500
vt 0.758221 0.541504
vt 0.757731 0.541504
vt 0.757241 0.541504
vt 0.756751 0.541504
vt 0.762632 0.541504
vt 0.762142 0.541504
vt 0.763612 0.541504
vt 0.763122 0.541504
vt 0.760672 0.541504
vt 0.760182 0.541504
vt 0.761162 0.541504
vt 0.758711 0.541504
vt 0.759691 0.541504
vt 0.761652 0.541504
vt 0.759201 0.541504
vt 0.763612 0.543457
vt 0.763122 0.543457
vt 0.758711 0.543457
vt 0.758221 0.543457
vt 0.760182 0.543457
vt 0.759691 0.543457
vt 0.761652 0.543457
vt 0.761162 0.543457
vt 0.756751 0.543457
vt 0.756261 0.543457
vt 0.759201 0.543457
vt 0.757731 0.543457
vt 0.757241 0.543457
vt 0.762632 0.543457
vt 0.762142 0.543457
vt 0.760672 0.543457
vt 0.759691 0.545410
vt 0.759201 0.545410
vt 0.756751 0.545410
vt 0.756261 0.545410
vt 0.761652 0.545410
vt 0.761162 0.545410
vt 0.760182 0.545410
vt 0.758711 0.545410
vt 0.758221 0.545410
vt 0.763612 0.545410
vt 0.763122 0.545410
vt 0.762632 0.545410
vt 0.762142 0.545410
vt 0.760672 0.545410
vt 0.757731 0.545410
vt 0.757241 0.545410
vt 0.818470 0.562500
vt 0.817983 0.687500
vt 0.781256 0.500000
vt 0.763612 0.531738
vt 0.761652 0.545898
vt 0.761162 0.545899
vt 0.756751 0.545898
vt 0.756261 0.545898
vt 0.759691 0.545898
vt 0.759201 0.545898
vt 0.758711 0.545898
vt 0.758221 0.545898
vt 0.757731 0.545898
vt 0.757241 0.545898
vt 0.763122 0.545898
vt 0.762632 0.545898
vt 0.762142 0.545898
vt 0.760672 0.545898
vt 0.760182 0.545898
vt 0.763612 0.545898
vt 0.757241 0.544922
vt 0.756751 0.544922
vt 0.763122 0.544922
vt 0.762632 0.544922
vt 0.762142 0.544922
vt 0.761652 0.544922
vt 0.760672 0.544922
vt 0.760182 0.544922
vt 0.757731 0.544922
vt 0.761162 0.544922
vt 0.763612 0.544922
vt 0.758711 0.544922
vt 0.758221 0.544922
vt 0.759691 0.544922
vt 0.756261 0.544922
vt 0.759201 0.544922
vt 0.821882 0.562500
vt 0.821395 0.687500
vt 0.821394 0.562500
vt 0.759691 0.543945
vt 0.759201 0.543945
vt 0.756751 0.543945
vt 0.756261 0.543945
vt 0.761652 0.543945
vt 0.761162 0.543945
vt 0.760182 0.543945
vt 0.758711 0.543945
vt 0.758221 0.543945
vt 0.763612 0.543945
vt 0.763122 0.543945
vt 0.762632 0.543945
vt 0.762142 0.543945
vt 0.760672 0.543945
vt 0.757731 0.543945
vt 0.757241 0.543945
vt 0.818958 0.562500
vt 0.818471 0.687500
vt 0.760672 0.542969
vt 0.760182 0.542969
vt 0.757731 0.542969
vt 0.757241 0.542969
vt 0.761162 0.542969
vt 0.762632 0.542969
vt 0.762142 0.542969
vt 0.763612 0.542969
vt 0.763122 0.542969
vt 0.758711 0.542969
vt 0.758221 0.542969
vt 0.759691 0.542969
vt 0.761652 0.542969
vt 0.756751 0.542969
vt 0.756261 0.542969
vt 0.759201 0.542969
vt 0.756751 0.541992
vt 0.756261 0.541992
vt 0.761652 0.541992
vt 0.761162 0.541992
vt 0.760182 0.541992
vt 0.759691 0.541992
vt 0.758711 0.541992
vt 0.758221 0.541992
vt 0.763612 0.541992
vt 0.763122 0.541992
vt 0.762632 0.541992
vt 0.762142 0.541992
vt 0.760672 0.541992
vt 0.757731 0.541992
vt 0.757241 0.541992
vt 0.759201 0.541992
vt 0.825780 0.562500
vt 0.756751 0.541016
vt 0.756261 0.541016
vt 0.761652 0.541016
vt 0.761162 0.541016
vt 0.760182 0.541016
vt 0.759691 0.541016
vt 0.758711 0.541016
vt 0.758221 0.541016
vt 0.763612 0.541016
vt 0.763122 0.541016
vt 0.763612 0.541016
vt 0.762632 0.541016
vt 0.762142 0.541016
vt 0.760672 0.541016
vt 0.757731 0.541016
vt 0.757241 0.541016
vt 0.759201 0.541016
vt 0.820907 0.687500
vt 0.820907 0.562500
vt 0.760672 0.540039
vt 0.760181 0.540039
vt 0.757731 0.540039
vt 0.757241 0.540039
vt 0.761162 0.540039
vt 0.762632 0.540039
vt 0.762142 0.540039
vt 0.763612 0.540039
vt 0.763122 0.540039
vt 0.763612 0.540039
vt 0.758711 0.540039
vt 0.758221 0.540039
vt 0.759691 0.540039
vt 0.761652 0.540039
vt 0.756751 0.540039
vt 0.756261 0.540039
vt 0.759201 0.540039
vt 0.819445 0.562500
vt 0.818958 0.687500
vt 0.763612 0.538574
vt 0.757241 0.538574
vt 0.296944 0.500000
vt 0.763612 0.537598
vt 0.819933 0.687500
vt 0.819932 0.562500
vt 0.820420 0.687500
vt 0.820420 0.562500
vt 0.763612 0.536621
vt 0.763612 0.535645
vt 0.763612 0.534668
vt 0.763612 0.533691
vt 0.819445 0.687500
vt 0.819445 0.687500
vt 0.763612 0.532695
vt 0.757241 0.531250
vt 0.761162 0.531250
vt 0.759201 0.531250
vt 0.758221 0.531250
vt 0.760181 0.531250
vt 0.756751 0.531250
vt 0.757731 0.531250
vt 0.758711 0.531250
vt 0.759691 0.531250
vt 0.760672 0.531250
vt 0.718667 0.687500
vt 0.763122 0.531250
vt 0.762142 0.531250
vt 0.761652 0.531250
vt 0.762632 0.531250
vt 0.763612 0.703125
vt 0.763613 0.703613
vt 0.763612 0.704590
vt 0.763612 0.704102
vt 0.763612 0.706543
vt 0.763612 0.707031
vt 0.763612 0.708496
vt 0.763612 0.709473
vt 0.763613 0.709961
vt 0.763612 0.710938
vt 0.763612 0.711426
vt 0.822369 0.687500
vt 0.822369 0.562500
vt 0.822856 0.562500
vt 0.821882 0.687500
vt 0.823344 0.687500
vt 0.823344 0.562500
vt 0.823831 0.687500
vt 0.823831 0.562500
vt 0.822857 0.687500
vt 0.824318 0.562500
vt 0.824806 0.562500
vt 0.824318 0.687500
vt 0.824318 0.687500
vt 0.825293 0.687500
vt 0.825293 0.562500
vt 0.824806 0.687500
vt 0.825293 0.687500
vt 0.749881 0.703145
vt 0.718667 0.750000
vt 0.751959 0.686442
vt 0.757608 0.563804
vt 0.757465 0.686391
vt 0.763608 0.686338
vt 0.763617 0.563865
vt 0.765573 0.563885
vt 0.765573 0.562500
vt 0.751934 0.562500
vt 0.757610 0.562629
vt 0.751934 0.562631
vt 0.754389 0.687500
vt 0.755938 0.687370
vt 0.755926 0.687500
vt 0.757463 0.687500
vt 0.763514 0.687373
vt 0.757464 0.687371
vt 0.751413 0.687369
vt 0.751315 0.686444
vt 0.751413 0.686444
vt 0.751962 0.687500
vt 0.751962 0.687369
vt 0.757610 0.562500
vt 0.763515 0.562627
vt 0.751413 0.562631
vt 0.751314 0.562500
vt 0.754401 0.687370
vt 0.751314 0.563737
vt 0.751413 0.563738
vt 0.757465 0.686520
vt 0.751861 0.686574
vt 0.751934 0.563740
vt 0.757608 0.563675
vt 0.763510 0.686466
vt 0.763518 0.563737
vt 0.751836 0.563608
vt 0.751315 0.687500
vt 0.750498 0.687500
vt 0.750498 0.562500
vt 0.750116 0.687500
vt 0.749890 0.687500
vt 0.750116 0.562500
vt 0.700129 0.687500
vt 0.281333 0.750000
vt 0.756261 0.546875
vt 0.699153 0.562500
vt 0.691347 0.562500
vt 0.781256 0.750000
vt 0.765573 0.750000
vt 0.763613 0.709961
vt 0.234427 0.750000
vt 0.234427 0.500000
vt 0.281333 0.500000
vt 0.187377 0.500000
vt 0.765573 0.500000
vt 0.763612 0.531250
vt 0.823831 0.562500
vt 0.813597 0.562500
vt 0.312555 0.500000
vt 0.749889 0.703125
vt 0.751850 0.687500
vt 0.753810 0.687500
s 0
usemtl Ground
f 17/1/1 7/2/1 19/3/1
f 85/4/2 1/5/2 87/6/2
f 10/7/1 67/8/1 64/8/1
f 63/9/2 11/10/2 65/11/2
f 75/12/2 16/13/2 73/14/2
f 6/15/2 18/16/2 5/17/2
f 41/18/3 6/15/3 40/19/3
f 281/20/3 55/21/3 28/22/3
f 24/23/1 78/24/1 76/24/1
f 15/23/1 76/24/1 72/24/1
f 6/15/4 47/25/4 40/19/4
f 4/26/1 89/27/1 86/27/1
f 22/26/1 91/27/1 89/27/1
f 59/28/5 60/28/5 507/28/5
f 92/29/3 48/30/3 35/31/3
f 30/26/1 93/27/1 91/27/1
f 94/32/3 127/33/3 121/34/3
f 71/35/3 101/36/3 102/37/3
f 48/30/3 97/38/3 50/39/3
f 179/21/4 41/18/4 53/21/4
f 41/18/3 52/40/3 53/21/3
f 39/41/6 149/42/6 51/42/6
f 45/43/3 83/44/3 57/45/3
f 21/46/7 140/46/7 2/46/7
f 51/42/6 95/47/6 39/41/6
f 183/48/3 185/49/3 186/50/3
f 30/26/5 147/26/5 36/26/5
f 35/46/7 146/46/7 29/46/7
f 527/51/3 353/51/3 344/51/3
f 3/52/5 141/26/5 4/26/5
f 22/26/5 145/26/5 30/26/5
f 84/53/6 51/42/6 3/54/6
f 2/46/7 139/5/7 1/5/7
f 29/46/7 144/46/7 21/46/7
f 50/39/3 153/30/3 48/30/3
f 42/55/3 71/35/3 54/56/3
f 1463/57/4 1425/58/4 1443/57/4
f 36/59/3 158/39/3 50/39/3
f 53/21/3 8/60/3 17/22/3
f 505/61/4 34/62/4 27/62/4
f 4/26/5 143/26/5 22/26/5
f 1/63/6 154/41/6 39/41/6
f 83/44/3 110/64/3 2216/65/3
f 10/7/1 62/66/1 9/67/1
f 104/68/2 65/11/2 99/69/2
f 64/8/1 100/70/1 98/70/1
f 63/9/2 27/71/2 12/71/2
f 97/38/3 121/34/3 122/72/3
f 77/12/2 31/73/2 23/73/2
f 72/24/1 108/74/1 106/74/1
f 76/24/1 109/74/1 108/74/1
f 113/75/2 73/14/2 107/76/2
f 75/12/2 23/73/2 14/73/2
f 15/23/1 74/77/1 13/78/1
f 40/19/4 49/79/4 52/40/4
f 239/80/4 233/81/4 235/80/4
f 90/4/2 35/46/2 29/46/2
f 91/27/1 120/82/1 119/83/1
f 89/27/1 119/83/1 118/83/1
f 88/4/2 29/46/2 21/46/2
f 85/4/2 21/46/2 2/46/2
f 86/27/1 118/83/1 116/83/1
f 4/26/1 84/84/1 3/52/1
f 124/85/2 87/6/2 117/86/2
f 100/70/1 17/1/1 98/70/1
f 99/69/2 20/87/2 104/68/2
f 283/88/3 280/89/3 282/90/3
f 64/8/1 103/91/1 62/66/1
f 104/68/2 66/9/2 63/9/2
f 108/74/1 10/7/1 106/74/1
f 114/75/2 79/12/2 77/12/2
f 113/75/2 77/12/2 75/12/2
f 72/24/1 112/92/1 74/77/1
f 126/85/2 92/4/2 90/4/2
f 125/85/2 90/4/2 88/4/2
f 124/85/2 88/4/2 85/4/2
f 86/27/1 123/93/1 84/84/1
f 243/94/4 128/95/4 237/94/4
f 984/96/3 170/97/3 991/98/3
f 132/99/3 133/100/3 131/101/3
f 20/87/2 105/68/2 104/68/2
f 17/1/1 103/91/1 98/70/1
f 276/102/4 270/103/4 269/102/4
f 109/74/1 25/7/1 108/74/1
f 985/104/3 178/105/3 995/106/3
f 469/107/8 1574/108/8 1566/107/8
f 23/73/2 124/85/2 14/73/2
f 15/23/1 123/93/1 116/83/1
f 298/109/3 2198/110/3 2199/109/3
f 31/73/2 125/85/2 23/73/2
f 37/73/2 126/85/2 31/73/2
f 182/50/3 180/18/3 179/21/3
f 119/83/1 24/23/1 118/83/1
f 118/83/1 15/23/1 116/83/1
f 201/111/4 136/112/4 195/111/4
f 222/113/4 227/114/4 223/115/4
f 252/116/4 257/117/4 253/117/4
f 444/118/9 493/119/9 1391/119/9
f 493/119/9 1846/120/9 1391/119/9
f 986/121/3 174/122/3 993/123/3
f 146/124/10 151/125/10 144/124/10
f 144/124/10 150/125/10 140/124/10
f 148/124/10 152/125/10 146/124/10
f 151/125/10 155/126/10 150/125/10
f 152/125/10 156/126/10 151/125/10
f 155/126/10 154/127/10 150/125/10
f 242/128/4 246/129/4 240/129/4
f 158/126/10 145/26/10 157/126/10
f 156/126/10 141/26/10 155/126/10
f 199/112/3 200/130/3 198/131/3
f 228/132/3 227/115/3 229/113/3
f 244/133/4 249/134/4 245/134/4
f 258/135/3 257/117/3 259/116/3
f 347/136/3 355/136/3 513/136/3
f 61/61/11 511/137/11 168/137/11
f 404/138/12 411/139/12 515/139/12
f 987/140/3 168/137/3 990/141/3
f 988/142/3 172/143/3 992/144/3
f 499/145/9 1848/146/9 1403/145/9
f 10/7/1 112/92/1 106/74/1
f 114/75/2 113/75/2 12/71/2
f 490/147/9 1400/148/9 1394/147/9
f 989/149/3 176/150/3 994/151/3
f 1317/152/3 1315/153/3 1314/154/3
f 71/35/3 100/155/3 67/156/3
f 190/157/4 2206/158/4 2205/157/4
f 188/159/3 189/158/3 190/157/3
f 136/112/3 197/160/3 195/111/3
f 47/25/6 18/161/6 99/162/6
f 212/163/4 216/164/4 210/164/4
f 214/165/4 219/166/4 215/166/4
f 222/113/3 224/167/3 225/168/3
f 128/95/3 239/80/3 237/94/3
f 244/133/3 246/129/3 247/128/3
f 250/169/4 254/170/4 248/170/4
f 252/116/3 254/170/3 255/169/3
f 261/171/4 266/172/4 262/172/4
f 1037/173/4 1347/174/4 510/175/4
f 371/176/12 518/177/12 509/176/12
f 411/139/12 420/178/12 521/178/12
f 379/179/12 388/180/12 519/180/12
f 926/181/4 572/182/4 545/183/4
f 476/108/3 468/184/3 446/185/3
f 991/98/3 161/186/3 987/140/3
f 992/144/3 130/187/3 984/96/3
f 993/123/3 163/188/3 988/142/3
f 994/151/3 138/189/3 986/121/3
f 489/190/8 1584/191/8 1588/190/8
f 995/106/3 165/192/3 989/149/3
f 1537/193/3 1539/194/3 1540/195/3
f 1281/196/3 1297/197/3 1280/152/3
f 213/198/4 206/199/4 207/198/4
f 153/125/10 157/126/10 152/125/10
f 183/48/4 2204/200/4 184/200/4
f 182/50/4 185/201/4 181/49/4
f 188/159/4 192/202/4 187/202/4
f 197/160/4 191/203/4 193/160/4
f 193/160/3 192/202/3 194/159/3
f 206/199/3 208/99/3 207/198/3
f 200/130/4 204/204/4 198/131/4
f 202/101/3 204/131/3 205/130/3
f 131/101/4 203/100/4 202/101/4
f 132/99/4 209/205/4 166/205/4
f 261/171/3 263/206/3 260/135/3
f 214/165/3 216/164/3 217/163/3
f 211/199/3 212/163/3 210/164/3
f 220/168/4 224/167/4 218/167/4
f 218/167/3 221/165/3 220/168/3
f 232/132/4 226/207/4 228/132/4
f 236/208/4 159/209/4 230/208/4
f 159/209/3 232/132/3 230/208/3
f 235/80/3 234/209/3 236/208/3
f 241/95/3 242/128/3 240/129/3
f 249/134/3 250/169/3 248/170/3
f 260/135/4 256/206/4 258/135/4
f 185/49/13 234/209/13 241/95/13
f 284/90/3 287/210/3 286/88/3
f 101/36/3 281/20/3 102/37/3
f 270/103/3 272/211/3 269/102/3
f 283/88/14 232/132/14 221/212/14
f 267/211/4 271/213/4 265/213/4
f 279/214/4 273/215/4 275/214/4
f 276/102/3 273/215/3 274/103/3
f 287/210/4 264/216/4 277/210/4
f 264/216/3 279/214/3 277/210/3
f 267/211/3 266/172/3 268/171/3
f 49/79/6 69/217/6 70/218/6
f 282/90/4 286/88/4 283/88/4
f 999/219/3 996/220/3 296/221/3
f 121/34/3 298/109/3 122/72/3
f 81/222/6 70/218/6 69/217/6
f 475/223/8 1564/224/8 1572/223/8
f 997/225/3 294/226/3 998/227/3
f 998/227/3 135/228/3 985/104/3
f 999/219/3 292/229/3 997/225/3
f 124/85/2 16/13/2 14/73/2
f 120/82/1 32/23/1 119/83/1
f 46/194/13 2195/230/13 2200/230/13
f 95/47/6 82/231/6 81/222/6
f 1573/232/15 1590/233/15 1598/232/15
f 1571/234/15 1593/235/15 1597/234/15
f 1587/236/15 1603/237/15 1605/236/15
f 1585/238/15 1591/239/15 1604/238/15
f 97/38/3 120/240/3 93/241/3
f 1567/242/15 1600/243/15 1595/242/15
f 1557/233/15 1597/234/15 1590/233/15
f 1579/244/15 1595/242/15 1601/244/15
f 1583/237/15 1604/238/15 1603/237/15
f 1581/245/15 1605/236/15 1602/245/15
f 1565/246/15 1598/232/15 1594/246/15
f 1577/243/15 1592/247/15 1600/243/15
f 1559/239/15 1601/244/15 1591/239/15
f 1563/235/15 1596/248/15 1593/235/15
f 510/175/16 60/28/16 167/175/16
f 87/249/6 39/41/6 95/47/6
f 1561/247/15 1599/250/15 1592/247/15
f 1575/250/15 1594/246/15 1599/250/15
f 500/251/9 1859/252/9 1399/251/9
f 474/253/8 1578/254/8 1568/253/8
f 476/108/8 1558/255/8 1574/108/8
f 494/256/9 1844/257/9 1850/256/9
f 492/258/9 1403/145/9 1393/258/9
f 454/259/8 1580/260/8 1560/259/8
f 477/261/8 1566/107/8 1576/261/8
f 478/254/8 1562/262/8 1578/254/8
f 427/263/12 436/264/12 522/118/12
f 356/265/3 364/266/3 517/265/3
f 495/146/9 1399/251/9 1848/146/9
f 525/267/17 362/268/17 531/268/17
f 705/269/18 886/270/18 2132/269/18
f 479/260/8 1568/253/8 1580/260/8
f 335/271/3 337/272/3 336/273/3
f 333/274/3 339/275/3 334/276/3
f 531/268/5 362/268/5 354/268/5
f 340/277/3 348/277/3 516/277/3
f 530/278/3 346/278/3 338/278/3
f 342/279/3 348/277/3 341/274/3
f 301/271/4 336/273/4 54/56/4
f 346/278/3 343/280/3 345/272/3
f 352/281/3 355/136/3 351/279/3
f 337/272/4 346/278/4 345/272/4
f 353/51/3 350/282/3 349/280/3
f 340/277/4 341/274/4 348/277/4
f 358/283/3 364/265/3 357/281/3
f 347/136/4 351/279/4 355/136/4
f 362/268/3 359/284/3 361/282/3
f 343/280/4 353/51/4 349/280/4
f 388/180/12 395/285/12 508/286/12
f 368/287/3 371/176/3 367/283/3
f 350/282/4 362/268/4 361/282/4
f 369/267/3 366/288/3 365/284/3
f 356/265/4 357/281/4 364/266/4
f 2123/289/19 873/290/19 882/289/19
f 374/291/3 380/177/3 373/287/3
f 360/267/3 525/267/3 369/267/3
f 378/292/3 375/293/3 377/288/3
f 371/294/3 509/176/3 363/176/3
f 372/177/12 379/179/12 514/179/12
f 384/295/3 387/179/3 383/291/3
f 372/177/4 373/287/4 380/177/4
f 385/296/3 382/297/3 381/293/3
f 366/288/4 378/292/4 377/288/4
f 390/298/3 396/180/3 389/295/3
f 375/293/4 385/296/4 381/293/4
f 394/299/3 391/300/3 393/297/3
f 379/179/4 383/291/4 387/179/4
f 697/301/18 875/302/18 881/301/18
f 400/303/3 403/286/3 399/298/3
f 388/180/4 389/295/4 396/180/4
f 401/304/3 398/305/3 397/300/3
f 382/297/4 394/299/4 393/297/4
f 395/286/12 404/138/12 520/138/12
f 406/306/3 412/138/3 405/303/3
f 391/300/4 401/304/4 397/300/4
f 410/307/3 407/308/3 409/305/3
f 395/286/4 399/298/4 403/285/4
f 416/309/3 419/139/3 415/306/3
f 398/305/4 410/307/4 409/305/4
f 417/310/3 414/311/3 413/308/3
f 404/138/4 405/303/4 412/138/4
f 422/312/3 428/178/3 421/309/3
f 411/139/4 415/306/4 419/139/4
f 426/313/3 423/314/3 425/311/3
f 407/308/4 417/310/4 413/308/4
f 420/178/12 427/263/12 512/263/12
f 432/315/3 435/263/3 431/312/3
f 420/178/4 421/309/4 428/178/4
f 433/316/3 430/317/3 429/314/3
f 414/311/4 426/313/4 425/318/4
f 477/261/3 458/319/3 467/320/3
f 438/321/3 444/118/3 437/315/3
f 423/314/4 433/316/4 429/322/4
f 442/323/3 439/324/3 441/317/3
f 427/263/4 431/312/4 435/263/4
f 464/224/8 442/323/8 1570/323/8
f 479/260/3 453/325/3 472/326/3
f 430/317/4 442/323/4 441/317/4
f 475/223/3 445/327/3 462/328/3
f 436/118/4 437/315/4 444/118/4
f 478/254/3 473/329/3 457/330/3
f 464/224/3 462/328/3 463/324/3
f 449/255/3 446/185/3 445/327/3
f 469/107/3 467/320/3 468/184/3
f 459/262/3 457/330/3 458/319/3
f 474/253/3 472/326/3 473/329/3
f 489/190/3 481/331/3 484/332/3
f 487/333/3 485/334/3 452/335/3
f 454/259/3 452/335/3 453/325/3
f 486/191/3 484/332/3 485/334/3
f 482/336/3 502/337/3 483/338/3
f 450/339/3 491/252/3 451/340/3
f 483/338/3 503/341/3 450/339/3
f 488/342/3 504/343/3 482/336/3
f 470/344/3 495/146/3 471/345/3
f 455/346/3 492/258/3 456/347/3
f 465/348/3 494/256/3 466/349/3
f 448/350/3 490/147/3 447/351/3
f 460/352/3 493/119/3 461/321/3
f 471/345/3 499/145/3 455/346/3
f 466/349/3 497/148/3 448/350/3
f 456/347/3 498/257/3 465/348/3
f 451/340/3 500/251/3 470/344/3
f 447/351/3 496/120/3 460/352/3
f 502/337/9 1397/343/9 1857/337/9
f 487/333/8 1560/259/8 1586/333/8
f 497/148/9 1850/256/9 1400/148/9
f 486/191/8 1586/333/8 1584/191/8
f 491/252/9 1855/341/9 1859/252/9
f 480/353/8 1588/190/8 1582/354/8
f 503/341/9 1857/337/9 1855/341/9
f 449/255/8 1572/223/8 1558/255/8
f 459/262/8 1576/261/8 1562/262/8
f 332/355/3 1877/356/3 331/357/3
f 496/120/9 1394/147/9 1846/120/9
f 498/257/9 1393/258/9 1844/257/9
f 443/119/4 461/321/4 493/119/4
f 439/324/4 464/224/4 463/358/4
f 519/180/3 515/139/3 505/61/3
f 510/175/3 533/299/3 528/296/3
f 301/271/3 523/271/3 335/271/3
f 376/296/17 370/292/17 532/292/17
f 2117/359/19 876/360/19 880/359/19
f 433/316/17 424/316/17 536/323/17
f 370/292/17 525/267/17 532/292/17
f 424/316/17 418/313/17 535/313/17
f 364/265/12 509/176/12 517/265/12
f 402/307/17 392/304/17 524/304/17
f 386/299/17 376/296/17 528/296/17
f 392/304/17 386/299/17 533/299/17
f 408/310/17 402/307/17 534/307/17
f 418/313/17 408/310/17 529/310/17
f 2164/361/3 2161/362/3 2160/363/3
f 2129/364/18 883/365/18 884/364/18
f 694/366/18 882/289/18 887/366/18
f 2115/367/18 879/368/18 874/367/18
f 2121/302/18 887/366/18 875/302/18
f 703/290/18 884/364/18 873/290/18
f 2127/365/18 878/369/18 883/365/18
f 692/270/19 874/367/19 886/270/19
f 698/368/18 880/359/18 879/368/18
f 701/360/18 885/370/18 876/360/18
f 2119/370/19 881/301/19 885/370/19
f 1993/371/20 821/372/20 817/371/20
f 724/373/20 820/374/20 822/373/20
f 725/375/20 817/371/20 826/375/20
f 1991/372/20 823/376/20 821/372/20
f 1985/377/20 814/378/20 813/377/20
f 1979/374/20 818/379/20 820/374/20
f 726/378/20 825/380/20 814/378/20
f 1981/381/20 816/382/20 824/381/20
f 723/383/20 813/377/20 815/383/20
f 1987/380/20 826/375/20 825/380/20
f 722/384/20 822/373/20 819/384/20
f 1983/385/20 815/383/20 827/385/20
f 2022/386/3 2029/387/3 2028/388/3
f 736/382/20 827/385/20 816/382/20
f 935/389/3 579/390/3 933/391/3
f 934/392/3 567/393/3 921/394/3
f 933/391/3 580/395/3 934/392/3
f 932/396/3 581/397/3 935/389/3
f 931/398/3 571/399/3 925/400/3
f 930/401/3 568/402/3 922/403/3
f 929/404/3 570/405/3 924/406/3
f 928/407/3 566/408/3 920/409/3
f 927/410/3 569/411/3 923/412/3
f 925/400/3 576/413/3 930/401/3
f 924/406/3 574/414/3 928/407/3
f 923/412/3 572/182/3 926/181/3
f 922/403/3 575/415/3 929/404/3
f 921/394/3 577/416/3 931/398/3
f 920/409/3 573/417/3 927/410/3
f 888/418/3 589/419/3 895/420/3
f 889/421/3 593/422/3 899/423/3
f 890/424/3 591/425/3 897/426/3
f 891/427/3 588/428/3 894/429/3
f 892/430/3 590/431/3 896/432/3
f 893/433/3 592/434/3 898/435/3
f 895/420/3 585/436/3 891/427/3
f 896/432/3 582/437/3 888/418/3
f 897/426/3 586/438/3 892/430/3
f 898/435/3 584/439/3 890/424/3
f 899/423/3 587/440/3 893/433/3
f 900/441/3 597/442/3 903/443/3
f 901/444/3 596/445/3 902/446/3
f 902/446/3 583/447/3 889/421/3
f 903/443/3 595/448/3 901/444/3
f 2053/449/21 845/450/21 853/449/21
f 2047/451/21 856/452/21 852/451/21
f 719/450/22 846/453/22 845/450/22
f 2049/454/21 854/455/21 850/454/21
f 707/456/21 853/449/21 844/456/21
f 2055/453/21 849/457/21 846/453/21
f 715/458/22 851/459/22 847/458/22
f 2051/460/21 844/456/21 843/460/21
f 714/455/21 843/460/21 854/455/21
f 602/461/3 2081/462/3 611/463/3
f 717/452/21 850/454/21 856/452/21
f 2061/464/22 855/465/22 857/464/22
f 708/459/21 852/451/21 851/459/21
f 713/457/21 857/464/21 849/457/21
f 740/466/23 784/467/23 796/466/23
f 1911/468/23 788/469/23 794/468/23
f 1917/470/23 796/466/23 795/470/23
f 1923/471/23 787/472/23 792/471/23
f 744/473/23 791/474/23 786/473/23
f 747/475/23 794/468/23 789/475/23
f 1925/474/23 792/471/23 791/474/23
f 742/469/23 785/476/23 788/469/23
f 1954/477/3 1961/478/3 1960/479/3
f 738/480/23 793/481/23 790/480/23
f 1915/481/23 797/482/23 793/481/23
f 741/483/23 789/475/23 1928/483/23
f 1919/467/23 786/473/23 784/467/23
f 749/482/23 795/470/23 797/482/23
f 967/484/3 641/485/3 965/486/3
f 966/487/3 629/488/3 953/489/3
f 965/486/3 642/490/3 966/487/3
f 964/491/3 643/492/3 967/484/3
f 963/493/3 633/494/3 957/495/3
f 962/496/3 630/497/3 954/498/3
f 961/499/3 632/500/3 956/501/3
f 960/502/3 628/503/3 952/504/3
f 959/505/3 631/506/3 955/507/3
f 957/495/3 638/508/3 962/496/3
f 956/501/3 636/509/3 960/502/3
f 955/507/3 634/510/3 958/511/3
f 954/498/3 637/512/3 961/499/3
f 953/489/3 639/513/3 963/493/3
f 952/504/3 635/514/3 959/505/3
f 936/515/3 651/516/3 943/517/3
f 937/518/3 655/519/3 947/520/3
f 938/521/3 653/522/3 945/523/3
f 939/524/3 650/525/3 942/526/3
f 940/527/3 652/528/3 944/529/3
f 941/530/3 654/531/3 946/532/3
f 943/517/3 647/533/3 939/524/3
f 944/529/3 644/534/3 936/515/3
f 945/523/3 648/535/3 940/527/3
f 946/532/3 646/536/3 938/521/3
f 947/520/3 649/537/3 941/530/3
f 948/538/3 659/539/3 951/540/3
f 949/541/3 658/542/3 950/543/3
f 950/543/3 645/544/3 937/518/3
f 951/540/3 657/545/3 949/541/3
f 904/546/3 667/547/3 911/548/3
f 905/549/3 671/550/3 915/551/3
f 906/552/3 669/553/3 913/554/3
f 907/555/3 666/556/3 910/557/3
f 908/558/3 668/559/3 912/560/3
f 909/561/3 670/562/3 914/563/3
f 911/548/3 663/564/3 907/555/3
f 912/560/3 660/565/3 904/546/3
f 913/554/3 664/566/3 908/558/3
f 914/563/3 662/567/3 906/552/3
f 915/551/3 665/568/3 909/561/3
f 916/569/3 675/570/3 919/571/3
f 917/572/3 674/573/3 918/574/3
f 918/574/3 661/575/3 905/549/3
f 919/571/3 673/576/3 917/572/3
f 679/577/24 2149/578/24 683/578/24
f 676/579/25 2151/580/25 684/580/25
f 680/581/25 2153/582/25 685/582/25
f 685/582/24 548/583/24 678/583/24
f 682/183/25 539/577/25 679/577/25
f 687/584/25 537/585/25 677/585/25
f 678/583/25 2155/586/25 686/586/25
f 684/580/25 317/581/25 680/581/25
f 691/587/24 2159/588/24 688/588/24
f 690/589/25 2161/362/25 689/362/25
f 141/26/10 149/590/10 155/126/10
f 681/591/25 2157/584/25 687/584/25
f 683/578/25 546/579/25 676/579/25
f 686/586/25 542/591/25 681/591/25
f 677/585/25 2163/589/25 690/589/25
f 598/592/26 872/593/26 862/592/26
f 2093/594/26 860/595/26 866/594/26
f 2087/596/26 871/597/26 870/596/26
f 2081/462/26 867/598/26 858/462/26
f 605/597/26 869/599/26 871/597/26
f 2083/600/26 861/601/26 865/600/26
f 608/602/26 870/596/26 868/602/26
f 2089/599/26 862/592/26 869/599/26
f 599/603/26 859/604/26 864/603/26
f 2085/605/26 868/602/26 863/605/26
f 610/601/26 863/605/26 861/601/26
f 2124/606/3 2131/369/3 2130/607/3
f 607/598/26 865/600/26 867/598/26
f 2095/593/26 866/594/26 872/593/26
f 2017/608/27 831/609/27 828/608/27
f 555/610/27 836/611/27 2030/610/27
f 2021/612/27 838/613/27 839/612/27
f 563/609/27 834/614/27 831/609/27
f 2015/615/27 832/616/27 837/615/27
f 551/617/27 839/612/27 829/617/27
f 2013/618/27 842/619/27 830/618/27
f 2019/614/27 829/617/27 834/614/27
f 2025/620/27 840/387/27 835/620/27
f 553/613/27 833/621/27 838/613/27
f 562/611/27 830/618/27 836/611/27
f 2027/621/27 835/620/27 833/621/27
f 559/619/27 837/615/27 842/619/27
f 718/622/3 2047/451/3 721/623/3
f 624/624/28 803/625/28 806/624/28
f 613/626/28 798/627/28 1962/626/28
f 1953/625/28 800/628/28 803/625/28
f 1957/629/28 810/478/28 812/629/28
f 1947/630/28 799/631/28 804/630/28
f 1945/632/28 801/633/28 807/632/28
f 625/628/28 805/634/28 800/628/28
f 1951/635/28 806/624/28 802/635/28
f 617/627/28 807/632/28 798/627/28
f 1959/634/28 812/629/28 805/634/28
f 621/633/28 804/630/28 801/633/28
f 729/636/3 1979/374/3 732/637/3
f 619/631/28 809/638/28 799/631/28
f 620/639/28 802/635/28 808/639/28
f 330/640/29 774/641/29 773/640/29
f 1891/642/29 768/643/29 778/642/29
f 320/644/29 775/356/29 782/644/29
f 328/645/29 778/642/29 781/645/29
f 1889/643/29 769/646/29 768/643/29
f 1883/647/29 771/648/29 779/647/29
f 1877/356/29 773/640/29 775/356/29
f 329/648/29 780/649/29 771/648/29
f 1879/641/29 777/650/29 774/641/29
f 326/651/29 779/647/29 770/651/29
f 1885/649/29 781/645/29 780/649/29
f 319/652/30 782/644/30 772/652/30
f 1881/653/29 770/651/29 776/653/29
f 318/650/29 776/653/29 777/650/29
f 180/18/4 26/654/4 20/654/4
f 1539/43/4 37/655/4 31/655/4
f 48/30/3 148/31/3 35/31/3
f 150/125/10 139/656/10 140/124/10
f 983/657/3 765/658/3 981/659/3
f 982/660/3 753/661/3 969/662/3
f 981/659/3 766/663/3 982/660/3
f 980/664/3 767/665/3 983/657/3
f 979/666/3 757/667/3 973/668/3
f 978/669/3 754/670/3 970/671/3
f 977/672/3 756/673/3 972/674/3
f 976/675/3 752/676/3 968/677/3
f 975/678/3 755/679/3 971/680/3
f 973/668/3 762/681/3 978/669/3
f 972/674/3 760/682/3 976/675/3
f 971/680/3 758/683/3 974/684/3
f 970/671/3 761/685/3 977/672/3
f 969/662/3 763/686/3 979/666/3
f 968/677/3 759/687/3 975/678/3
f 764/688/3 980/664/3 80/689/3
f 1866/690/31 1884/691/31 323/690/31
f 1868/357/31 332/355/31 331/357/31
f 1871/692/31 323/690/31 1882/692/31
f 1874/693/31 1892/694/31 1888/693/31
f 1862/695/31 1890/696/31 322/695/31
f 1864/697/31 331/357/31 327/697/31
f 1875/696/31 1888/693/31 1890/696/31
f 1863/355/31 1878/698/31 332/355/31
f 773/640/3 1902/699/3 775/356/3
f 1865/700/31 1880/701/31 325/700/31
f 1870/701/31 321/702/31 1880/701/31
f 1867/703/31 327/697/31 324/703/31
f 1872/691/31 322/695/31 1884/691/31
f 1861/702/31 1882/692/31 321/702/31
f 1895/704/32 1916/705/32 750/704/32
f 1906/706/32 751/707/32 1918/706/32
f 1901/708/32 745/709/32 737/708/32
f 1904/710/32 750/704/32 1914/710/32
f 1899/711/32 1914/710/32 748/711/32
f 788/469/3 1936/712/3 794/468/3
f 1897/713/32 1912/714/32 739/713/32
f 1909/715/32 1922/716/32 1924/715/32
f 1898/709/32 746/699/32 745/709/32
f 1896/707/32 1924/715/32 751/707/32
f 1908/716/32 1926/717/32 1922/716/32
f 1905/705/32 743/718/32 1916/705/32
f 1902/699/32 739/713/32 746/699/32
f 1900/718/32 1918/706/32 743/718/32
f 811/719/3 1978/720/3 810/478/3
f 1931/721/33 1946/722/33 615/721/33
f 1943/723/33 1956/724/33 1958/723/33
f 1932/725/33 623/712/33 627/725/33
f 1930/726/33 1958/723/33 626/726/33
f 1942/724/33 1960/479/33 1956/724/33
f 1939/727/33 616/728/33 1950/727/33
f 1936/712/33 615/721/33 623/712/33
f 1934/728/33 1952/729/33 616/728/33
f 1937/722/33 622/730/33 1946/722/33
f 1929/731/33 1950/727/33 618/731/33
f 1940/729/33 626/726/33 1952/729/33
f 1935/732/33 627/725/33 614/732/33
f 1938/733/33 618/731/33 1948/733/33
f 1970/637/34 729/636/34 732/637/34
f 1973/734/35 728/735/35 1984/734/35
f 1976/736/35 1994/720/35 1990/736/35
f 1964/737/34 1992/738/34 727/737/34
f 1966/739/34 732/637/34 734/739/34
f 1977/738/34 1990/736/34 1992/738/34
f 1965/636/34 1980/740/34 729/636/34
f 818/379/3 2004/741/3 820/374/3
f 1967/742/34 1982/743/34 730/742/34
f 1972/743/35 733/744/35 1982/743/35
f 1969/745/34 734/739/34 731/745/34
f 1974/746/34 727/737/34 1986/746/34
f 1963/744/34 1984/734/34 733/744/34
f 1971/740/34 730/742/34 1980/740/34
f 2000/747/36 560/741/36 561/747/36
f 1998/748/36 2026/749/36 558/748/36
f 2010/750/36 2028/388/36 2024/750/36
f 2007/751/36 554/752/36 2018/751/36
f 2004/741/36 556/753/36 560/741/36
f 2002/752/36 2020/754/36 554/752/36
f 2005/755/36 552/756/36 2014/755/36
f 1997/757/36 2018/751/36 564/757/36
f 2008/754/36 558/748/36 2020/754/36
f 2003/758/36 561/747/36 565/758/36
f 2006/759/36 564/757/36 2016/759/36
f 2001/756/36 2016/759/36 552/756/36
f 841/760/3 2046/761/3 840/387/3
f 1999/753/36 2014/755/36 556/753/36
f 2034/762/37 721/623/37 712/762/37
f 2045/763/37 2058/764/37 2060/763/37
f 2033/622/37 2048/765/37 718/622/37
f 2064/766/3 2080/767/3 848/768/3
f 2035/769/37 2050/770/37 710/769/37
f 2040/770/37 716/771/37 2050/770/37
f 2037/772/37 712/762/37 709/772/37
f 2042/773/37 711/774/37 2054/773/37
f 2031/771/37 2052/775/37 716/771/37
f 2039/765/37 710/769/37 2048/765/37
f 2036/776/37 2054/773/37 720/776/37
f 2038/623/37 718/622/37 721/623/37
f 2041/775/37 720/776/37 2052/775/37
f 2044/764/37 2062/761/37 2058/764/37
f 2074/777/38 603/778/38 2084/777/38
f 2071/779/38 612/780/38 604/779/38
f 2076/781/38 609/782/38 2088/781/38
f 2065/778/38 2086/783/38 603/778/38
f 2073/784/38 606/785/38 2082/784/38
f 2070/786/38 2088/781/38 601/786/38
f 2072/463/38 602/461/38 611/463/38
f 2075/783/38 601/786/38 2086/783/38
f 2078/787/38 2096/767/38 2092/787/38
f 2066/782/38 2094/788/38 609/782/38
f 2068/780/38 611/463/38 612/780/38
f 2079/788/38 2092/787/38 2094/788/38
f 2067/461/38 2082/784/38 602/461/38
f 867/598/3 2106/789/3 858/462/3
f 2109/790/39 706/791/39 2120/790/39
f 2106/789/39 693/792/39 704/789/39
f 2104/791/39 2122/793/39 706/791/39
f 2107/794/40 696/795/40 2116/794/40
f 2099/796/39 2120/790/39 699/796/39
f 2110/793/40 702/797/40 2122/793/40
f 2105/798/39 695/799/39 700/798/39
f 2108/800/40 699/796/40 2118/800/40
f 2103/795/39 2118/800/39 696/795/39
f 879/368/3 2140/801/3 874/367/3
f 2101/792/39 2116/794/39 693/792/39
f 2113/802/39 2126/803/39 2128/802/39
f 2102/799/40 704/789/40 695/799/40
f 2100/797/39 2128/802/39 702/797/39
f 811/719/4 783/804/4 488/342/4
f 2134/805/41 2162/806/41 541/805/41
f 2143/807/41 544/808/41 2154/807/41
f 2140/801/41 547/809/41 538/801/41
f 2138/808/41 2156/810/41 544/808/41
f 2147/806/41 2160/363/41 2162/806/41
f 2141/811/41 543/812/41 2150/811/41
f 2135/813/41 2154/807/41 549/813/41
f 2144/810/41 541/805/41 2156/810/41
f 2139/814/41 550/815/41 540/814/41
f 2142/816/41 549/813/41 2152/816/41
f 2137/812/41 2152/816/41 543/812/41
f 2133/809/41 2150/811/41 547/809/41
f 2136/815/41 538/801/41 550/815/41
f 691/587/3 901/444/3 689/362/3
f 690/589/3 889/421/3 677/585/3
f 689/362/3 902/446/3 690/589/3
f 688/588/3 903/443/3 691/587/3
f 687/584/3 893/433/3 681/591/3
f 686/586/3 890/424/3 678/583/3
f 685/582/3 892/430/3 680/581/3
f 684/580/3 888/418/3 676/579/3
f 683/578/3 891/427/3 679/577/3
f 681/591/3 898/435/3 686/586/3
f 680/581/3 896/432/3 684/580/3
f 679/577/3 894/429/3 682/183/3
f 678/583/3 897/426/3 685/582/3
f 677/585/3 899/423/3 687/584/3
f 676/579/3 895/420/3 683/578/3
f 597/442/3 917/572/3 595/448/3
f 596/445/3 905/549/3 583/447/3
f 595/448/3 918/574/3 596/445/3
f 594/817/3 919/571/3 597/442/3
f 593/422/3 909/561/3 587/440/3
f 592/434/3 906/552/3 584/439/3
f 591/425/3 908/558/3 586/438/3
f 590/431/3 904/546/3 582/437/3
f 589/419/3 907/555/3 585/436/3
f 587/440/3 914/563/3 592/434/3
f 586/438/3 912/560/3 590/431/3
f 585/436/3 910/557/3 588/428/3
f 584/439/3 913/554/3 591/425/3
f 583/447/3 915/551/3 593/422/3
f 582/437/3 911/548/3 589/419/3
f 660/565/3 927/410/3 667/547/3
f 661/575/3 931/398/3 671/550/3
f 662/567/3 929/404/3 669/553/3
f 663/564/3 926/181/3 666/556/3
f 664/566/3 928/407/3 668/559/3
f 665/568/3 930/401/3 670/562/3
f 667/547/3 923/412/3 663/564/3
f 668/559/3 920/409/3 660/565/3
f 669/553/3 924/406/3 664/566/3
f 670/562/3 922/403/3 662/567/3
f 671/550/3 925/400/3 665/568/3
f 672/818/3 935/389/3 675/570/3
f 673/576/3 934/392/3 674/573/3
f 674/573/3 921/394/3 661/575/3
f 675/570/3 933/391/3 673/576/3
f 581/397/3 949/541/3 579/390/3
f 580/395/3 937/518/3 567/393/3
f 579/390/3 950/543/3 580/395/3
f 578/819/3 951/540/3 581/397/3
f 577/416/3 941/530/3 571/399/3
f 576/413/3 938/521/3 568/402/3
f 575/415/3 940/527/3 570/405/3
f 574/414/3 936/515/3 566/408/3
f 573/417/3 939/524/3 569/411/3
f 571/399/3 946/532/3 576/413/3
f 570/405/3 944/529/3 574/414/3
f 569/411/3 942/526/3 572/182/3
f 568/402/3 945/523/3 575/415/3
f 567/393/3 947/520/3 577/416/3
f 566/408/3 943/517/3 573/417/3
f 644/534/3 959/505/3 651/516/3
f 645/544/3 963/493/3 655/519/3
f 646/536/3 961/499/3 653/522/3
f 647/533/3 958/511/3 650/525/3
f 648/535/3 960/502/3 652/528/3
f 649/537/3 962/496/3 654/531/3
f 651/516/3 955/507/3 647/533/3
f 652/528/3 952/504/3 644/534/3
f 653/522/3 956/501/3 648/535/3
f 654/531/3 954/498/3 646/536/3
f 655/519/3 957/495/3 649/537/3
f 656/820/3 967/484/3 659/539/3
f 657/545/3 966/487/3 658/542/3
f 658/542/3 953/489/3 645/544/3
f 659/539/3 965/486/3 657/545/3
f 628/503/3 975/678/3 635/514/3
f 629/488/3 979/666/3 639/513/3
f 630/497/3 977/672/3 637/512/3
f 631/506/3 974/684/3 634/510/3
f 632/500/3 976/675/3 636/509/3
f 633/494/3 978/669/3 638/508/3
f 635/514/3 971/680/3 631/506/3
f 636/509/3 968/677/3 628/503/3
f 637/512/3 972/674/3 632/500/3
f 638/508/3 970/671/3 630/497/3
f 639/513/3 973/668/3 633/494/3
f 640/821/3 983/657/3 643/492/3
f 641/485/3 982/660/3 642/490/3
f 642/490/3 969/662/3 629/488/3
f 643/492/3 981/659/3 641/485/3
f 767/665/3 997/225/3 765/658/3
f 766/663/3 985/104/3 753/661/3
f 765/658/3 998/227/3 766/663/3
f 764/688/3 999/219/3 767/665/3
f 69/217/6 11/822/6 73/823/6
f 763/686/3 989/149/3 757/667/3
f 762/681/3 986/121/3 754/670/3
f 761/685/3 988/142/3 756/673/3
f 760/682/3 984/96/3 752/676/3
f 759/687/3 987/140/3 755/679/3
f 81/222/6 16/824/6 117/825/6
f 757/667/3 994/151/3 762/681/3
f 756/673/3 992/144/3 760/682/3
f 755/679/3 990/141/3 758/683/3
f 754/670/3 993/123/3 761/685/3
f 753/661/3 995/106/3 763/686/3
f 127/33/3 46/194/3 297/110/3
f 752/676/3 991/98/3 759/687/3
f 105/826/3 43/18/3 280/89/3
f 1500/827/4 1461/828/4 1462/827/4
f 1856/829/42 1409/830/42 1402/830/42
f 1413/831/3 1007/832/3 1412/833/3
f 1409/830/3 1410/834/3 1408/835/3
f 1411/829/3 1412/833/3 1410/834/3
f 1012/836/3 1005/837/3 1007/832/3
f 1010/838/3 1414/839/3 1011/840/3
f 1421/841/3 1008/842/3 1420/843/3
f 1003/844/3 1416/845/3 1002/846/3
f 1407/847/3 1013/848/3 1406/849/3
f 1004/850/3 1418/851/3 1009/852/3
f 1015/853/3 1011/840/3 1008/842/3
f 1014/854/3 1002/846/3 1013/848/3
f 1001/855/3 1009/852/3 1006/856/3
f 1417/857/3 1420/843/3 1416/845/3
f 1415/858/3 1408/835/3 1414/839/3
f 1369/859/3 1352/860/3 1385/861/3
f 1351/153/3 1333/861/3 1349/154/3
f 1709/862/43 1726/863/43 1734/862/43
f 1711/864/43 1730/865/43 1735/864/43
f 1321/866/43 1735/864/43 1728/866/43
f 1332/867/43 1732/868/43 1729/867/43
f 1327/869/43 1737/870/43 1727/869/43
f 1713/871/43 1728/866/43 1736/871/43
f 1319/865/43 1734/862/43 1730/865/43
f 1717/872/43 1741/873/43 1738/872/43
f 1719/874/43 1740/875/43 1739/874/43
f 1715/870/43 1731/876/43 1737/870/43
f 1320/863/43 1733/877/43 1726/863/43
f 1328/876/43 1736/871/43 1731/876/43
f 1721/875/43 1727/869/43 1740/875/43
f 1723/873/43 1739/874/43 1741/873/43
f 1495/878/3 1046/879/3 1044/880/3
f 1483/881/3 1045/882/3 1032/883/3
f 1496/884/3 1044/880/3 1045/882/3
f 1497/885/3 1043/886/3 1046/879/3
f 1487/887/3 1042/888/3 1036/889/3
f 1484/890/3 1041/891/3 1033/892/3
f 1486/893/3 1040/894/3 1035/895/3
f 1482/896/3 1039/897/3 1031/898/3
f 1485/899/3 1038/900/3 1034/901/3
f 1492/902/3 1036/889/3 1041/891/3
f 1490/903/3 1035/895/3 1039/897/3
f 1488/904/3 1034/901/3 1037/173/3
f 1491/905/3 1033/892/3 1040/894/3
f 1493/906/3 1032/883/3 1042/888/3
f 1489/907/3 1031/898/3 1038/900/3
f 1354/908/44 1805/909/44 1795/908/44
f 1365/910/44 1800/911/44 1797/910/44
f 1362/912/44 1803/913/44 1796/912/44
f 1779/913/44 1798/914/44 1803/913/44
f 1777/915/44 1794/916/44 1802/915/44
f 1363/917/44 1797/910/44 1801/917/44
f 1791/918/44 1807/919/44 1809/918/44
f 1789/920/44 1795/908/44 1808/920/44
f 1356/921/44 1804/922/44 1799/921/44
f 1367/916/44 1801/917/44 1794/916/44
f 1783/909/44 1799/921/44 1805/909/44
f 1787/919/44 1808/920/44 1807/919/44
f 1785/923/44 1809/918/44 1806/923/44
f 1360/914/44 1802/915/44 1798/914/44
f 1389/924/4 1352/860/4 1353/924/4
f 1369/859/4 1333/861/4 1350/859/4
f 1464/58/3 1462/827/3 1461/828/3
f 1655/925/45 1671/926/45 1673/925/45
f 1290/927/45 1661/928/45 1665/927/45
f 1641/929/45 1658/930/45 1666/929/45
f 1643/931/45 1662/932/45 1667/931/45
f 1292/933/45 1667/931/45 1660/933/45
f 1283/928/45 1664/934/45 1661/928/45
f 1286/935/45 1669/936/45 1659/935/45
f 1645/937/45 1660/933/45 1668/937/45
f 1294/932/45 1666/929/45 1662/932/45
f 1649/938/45 1673/925/45 1670/938/45
f 1651/926/45 1672/939/45 1671/926/45
f 1647/936/45 1663/940/45 1669/936/45
f 1291/930/45 1665/927/45 1658/930/45
f 1288/940/45 1668/937/45 1663/940/45
f 1457/941/3 1092/942/3 1090/943/3
f 1445/944/3 1091/945/3 1078/946/3
f 1458/947/3 1090/943/3 1091/945/3
f 1459/948/3 1089/949/3 1092/942/3
f 1449/950/3 1088/951/3 1082/952/3
f 1446/953/3 1087/954/3 1079/955/3
f 1448/956/3 1086/957/3 1081/958/3
f 1444/959/3 1085/960/3 1077/961/3
f 1447/962/3 1084/963/3 1080/964/3
f 1454/965/3 1082/952/3 1087/954/3
f 1452/966/3 1081/958/3 1085/960/3
f 1450/967/3 1080/964/3 1083/968/3
f 1453/969/3 1079/955/3 1086/957/3
f 1455/970/3 1078/946/3 1088/951/3
f 1451/971/3 1077/961/3 1084/963/3
f 1519/972/3 1501/193/3 1536/973/3
f 1527/974/3 1097/975/3 1104/976/3
f 1531/977/3 1098/978/3 1108/979/3
f 1529/980/3 1099/981/3 1106/982/3
f 1526/983/3 1100/984/3 1103/985/3
f 1528/986/3 1101/987/3 1105/988/3
f 1530/989/3 1102/990/3 1107/991/3
f 1523/992/3 1104/976/3 1100/984/3
f 1520/993/3 1105/988/3 1097/975/3
f 1524/994/3 1106/982/3 1101/987/3
f 1522/995/3 1107/991/3 1099/981/3
f 1525/996/3 1108/979/3 1102/990/3
f 1535/997/3 1109/998/3 1112/999/3
f 1534/1000/3 1110/1001/3 1111/1002/3
f 1521/1003/3 1111/1002/3 1098/978/3
f 1533/1004/3 1112/999/3 1110/1001/3
f 38/1005/4 1540/1006/4 57/45/4
f 50/39/3 93/241/3 36/59/3
f 1554/1007/3 1131/1008/3 1129/1009/3
f 1542/1010/3 1130/1011/3 1117/1012/3
f 1555/1013/3 1129/1009/3 1130/1011/3
f 1556/1014/3 1128/1015/3 1131/1008/3
f 28/22/4 179/21/4 53/21/4
f 1546/1016/3 1127/1017/3 1121/1018/3
f 9/1019/6 70/218/6 82/231/6
f 1543/1020/3 1126/1021/3 1118/1022/3
f 1545/1023/3 1125/1024/3 1120/1025/3
f 1541/1026/3 1124/1027/3 1116/1028/3
f 1544/1029/3 1123/1030/3 1119/1031/3
f 74/1032/6 96/1033/6 123/1034/6
f 1551/1035/3 1121/1018/3 1126/1021/3
f 1549/1036/3 1120/1025/3 1124/1027/3
f 1547/1037/3 1119/1031/3 1122/1038/3
f 157/126/10 143/26/10 156/126/10
f 1550/1039/3 1118/1022/3 1125/1024/3
f 1552/1040/3 1117/1012/3 1127/1017/3
f 1548/1041/3 1116/1028/3 1123/1030/3
f 59/28/3 71/35/3 25/1042/3
f 52/40/4 7/2/4 8/60/4
f 1460/1043/3 1425/58/3 1426/1044/3
f 1540/195/4 45/43/4 57/45/4
f 1538/1045/4 1501/193/4 1502/1045/4
f 1510/1046/3 1133/1047/3 1140/1048/3
f 1514/1049/3 1134/1050/3 1144/1051/3
f 1512/1052/3 1135/1053/3 1142/1054/3
f 1509/1055/3 1136/1056/3 1139/1057/3
f 1511/1058/3 1137/1059/3 1141/1060/3
f 1513/1061/3 1138/1062/3 1143/1063/3
f 1506/1064/3 1140/1048/3 1136/1056/3
f 1503/1065/3 1141/1060/3 1133/1047/3
f 1507/1066/3 1142/1054/3 1137/1059/3
f 1505/1067/3 1143/1063/3 1135/1053/3
f 1508/1068/3 1144/1051/3 1138/1062/3
f 1518/1069/3 1145/1070/3 1148/1071/3
f 1517/1072/3 1146/1073/3 1147/1074/3
f 1504/1075/3 1147/1074/3 1134/1050/3
f 1516/1076/3 1148/1071/3 1146/1073/3
f 1519/972/4 1481/973/4 1499/1077/4
f 1472/1078/3 1154/1079/3 1161/1080/3
f 1476/1081/3 1155/1082/3 1165/1083/3
f 1474/1084/3 1156/1085/3 1163/1086/3
f 1471/1087/3 1157/1088/3 1160/1089/3
f 1473/1090/3 1158/1091/3 1162/1092/3
f 1475/1093/3 1159/1094/3 1164/1095/3
f 1468/1096/3 1161/1080/3 1157/1088/3
f 1465/1097/3 1162/1092/3 1154/1079/3
f 1469/1098/3 1163/1086/3 1158/1091/3
f 1467/1099/3 1164/1095/3 1156/1085/3
f 1470/1100/3 1165/1083/3 1159/1094/3
f 1480/1101/3 1166/1102/3 1169/1103/3
f 1479/1104/3 1167/1105/3 1168/1106/3
f 1466/1107/3 1168/1106/3 1155/1082/3
f 1478/1108/3 1169/1103/3 1167/1105/3
f 1440/1109/3 1186/1110/3 1184/1111/3
f 1428/1112/3 1185/1113/3 1172/1114/3
f 1441/1115/3 1184/1111/3 1185/1113/3
f 1442/1116/3 1183/1117/3 1186/1110/3
f 1432/1118/3 1182/1119/3 1176/1120/3
f 1429/1121/3 1181/1122/3 1173/1123/3
f 1431/1124/3 1180/1125/3 1175/1126/3
f 1427/1127/3 1179/1128/3 1171/1129/3
f 1430/1130/3 1178/1131/3 1174/1132/3
f 1437/1133/3 1176/1120/3 1181/1122/3
f 1435/1134/3 1175/1126/3 1179/1128/3
f 1433/1135/3 1174/1132/3 1177/1136/3
f 1436/1137/3 1173/1123/3 1180/1125/3
f 1438/1138/3 1172/1114/3 1182/1119/3
f 1434/1139/3 1171/1129/3 1178/1131/3
f 1424/1140/3 1422/1043/3 1405/1044/3
f 1387/860/3 1388/1141/3 1386/1140/3
f 1817/1142/46 1833/1143/46 1839/1142/46
f 1372/1144/46 1835/1145/46 1828/1144/46
f 1383/1143/46 1838/1146/46 1833/1143/46
f 1823/1147/46 1829/1148/46 1842/1147/46
f 1825/1149/46 1841/1150/46 1843/1149/46
f 1374/1145/47 1831/1151/47 1835/1145/47
f 1811/1152/46 1828/1144/46 1836/1152/46
f 1813/1153/46 1832/1154/46 1837/1153/46
f 1371/1155/47 1837/1153/47 1830/1155/47
f 1377/1151/46 1834/1156/46 1831/1151/46
f 1373/1148/47 1839/1142/47 1829/1148/47
f 1815/1146/46 1830/1155/46 1838/1146/46
f 1375/1154/47 1836/1152/47 1832/1154/47
f 1819/1157/46 1843/1149/46 1840/1157/46
f 1423/1141/4 1386/1140/4 1388/1158/4
f 1460/1043/4 1405/1044/4 1422/1043/4
f 1743/1159/48 1760/1160/48 1768/1159/48
f 1348/1161/48 1763/1162/48 1767/1161/48
f 1753/1163/48 1774/1164/48 1773/1163/48
f 1751/1165/48 1775/1166/48 1772/1165/48
f 1339/1167/48 1770/1168/48 1765/1167/48
f 1343/1160/48 1767/1161/48 1760/1160/48
f 1749/1169/48 1765/1167/48 1771/1169/48
f 1334/1170/48 1768/1159/48 1764/1170/48
f 1747/1168/48 1762/1171/48 1770/1168/48
f 1337/1172/48 1771/1169/48 1761/1172/48
f 1345/1162/48 1766/174/48 1763/1162/48
f 1342/1171/48 1769/1173/48 1762/1171/48
f 1757/1166/48 1773/1163/48 1775/1166/48
f 1745/1173/48 1764/1170/48 1769/1173/48
f 1683/1174/49 1707/1175/49 1704/1174/49
f 1311/1176/49 1700/1177/49 1696/1176/49
f 1679/1178/49 1694/1179/49 1702/1178/49
f 1301/1180/49 1703/1181/49 1693/1180/49
f 1302/1182/49 1698/1183/49 1695/1182/49
f 1300/1179/50 1701/1184/50 1694/1179/50
f 1677/1184/49 1696/1176/49 1701/1184/49
f 1675/1177/49 1692/1185/49 1700/1177/49
f 1303/1186/49 1695/1182/49 1699/1186/49
f 1689/1175/50 1705/1187/50 1707/1175/50
f 1687/1188/49 1693/1180/49 1706/1188/49
f 1309/1189/50 1702/1178/50 1697/1189/50
f 1307/1185/49 1699/1186/49 1692/1185/49
f 1681/1181/49 1697/1189/49 1703/1181/49
f 1351/153/4 1314/154/4 1315/153/4
f 1274/1190/51 1633/1191/51 1626/1190/51
f 1270/1192/51 1630/1193/51 1627/1192/51
f 1267/1194/51 1635/1195/51 1625/1194/51
f 1611/1196/51 1626/1190/51 1634/1196/51
f 1273/1197/51 1632/1198/51 1628/1197/51
f 1615/1199/51 1639/1200/51 1636/1199/51
f 1617/1201/51 1638/1202/51 1637/1201/51
f 1613/1195/51 1629/1203/51 1635/1195/51
f 1269/1204/51 1631/1205/51 1624/1204/51
f 1268/1203/51 1634/1196/51 1629/1203/51
f 1619/1202/51 1625/1194/51 1638/1202/51
f 1621/1200/51 1637/1201/51 1639/1200/51
f 1271/1205/51 1627/1192/51 1631/1205/51
f 1607/1198/51 1624/1204/51 1632/1198/51
f 1279/1206/3 1277/1207/3 1261/196/3
f 78/1208/3 1128/1015/3 1553/1209/3
f 313/1210/52 1614/1211/52 1275/1210/52
f 316/1212/53 1266/1213/53 1272/1212/53
f 315/1214/52 1610/1215/52 1276/1214/52
f 314/1215/52 1263/1216/52 1610/1215/52
f 309/1217/52 1262/1218/52 1608/1217/52
f 304/1219/52 1272/1212/52 1606/1219/52
f 312/1220/52 1618/1221/52 1622/1220/52
f 1589/1222/52 1275/1210/52 1620/1222/52
f 302/1223/52 1612/1224/52 1265/1223/52
f 311/1218/52 1606/1219/52 1262/1218/52
f 303/1211/52 1265/1223/52 1614/1211/52
f 307/1221/52 1620/1222/52 1618/1221/52
f 308/1225/52 1622/1220/52 1616/1225/52
f 305/1216/52 1608/1217/52 1263/1216/52
f 1253/1226/54 1295/1227/54 1640/1226/54
f 1252/1228/54 1652/1229/54 1656/1228/54
f 1623/1230/54 1293/1231/54 1654/1230/54
f 1257/1232/54 1646/1233/54 1285/1232/54
f 1246/1234/54 1640/1226/54 1284/1234/54
f 1247/1235/54 1285/1232/54 1648/1235/54
f 1248/1229/54 1654/1230/54 1652/1229/54
f 1258/1236/54 1656/1228/54 1650/1236/54
f 1249/1237/54 1642/1238/54 1296/1237/54
f 1256/1233/54 1287/1239/54 1646/1233/54
f 1250/1231/54 1648/1235/54 1293/1231/54
f 1251/1227/54 1282/1240/54 1295/1227/54
f 1245/1239/54 1644/1241/54 1287/1239/54
f 1254/1241/54 1296/1237/54 1644/1241/54
f 1316/197/4 1280/152/4 1297/197/4
f 1094/1242/3 1095/1243/3 1093/1244/3
f 1073/1245/55 1678/1246/55 1306/1245/55
f 1071/1247/55 1308/1248/55 1312/1247/55
f 1075/1249/55 1682/1250/55 1299/1249/55
f 1072/1251/55 1306/1245/55 1680/1251/55
f 1068/1252/55 1676/1253/55 1310/1252/55
f 1074/1254/55 1690/1255/55 1684/1254/55
f 1062/1256/55 1688/1257/55 1686/1256/55
f 1076/1250/55 1305/1258/55 1682/1250/55
f 1064/1259/55 1674/1260/55 1304/1259/55
f 1070/1258/55 1680/1251/55 1305/1258/55
f 1067/1257/55 1299/1249/55 1688/1257/55
f 1069/1255/55 1686/1256/55 1690/1255/55
f 1066/1260/55 1312/1247/55 1674/1260/55
f 1065/1253/55 1304/1259/55 1676/1253/55
f 1243/1261/3 1259/1262/3 1227/1206/3
f 1242/1263/56 1714/1264/56 1325/1263/56
f 1237/1265/56 1708/1266/56 1322/1265/56
f 1232/1267/56 1325/1263/56 1716/1267/56
f 1236/1268/56 1722/1269/56 1720/1268/56
f 1235/1270/56 1724/1271/56 1718/1270/56
f 1241/1272/56 1710/1273/56 1331/1272/56
f 1231/1264/56 1330/1274/56 1714/1264/56
f 1230/1275/56 1716/1267/56 1326/1275/56
f 1233/1276/56 1323/1277/56 1324/1276/56
f 1239/1274/56 1712/1278/56 1330/1274/56
f 1238/1278/56 1331/1272/56 1712/1278/56
f 1240/1273/56 1322/1265/56 1710/1273/56
f 1234/1266/56 1324/1276/56 1708/1266/56
f 1228/1271/56 1720/1268/56 1724/1271/56
f 1030/1279/57 1346/1280/57 1341/1279/57
f 1027/1281/57 1750/1282/57 1336/1281/57
f 1025/1283/57 1338/1284/57 1748/1283/57
f 1022/1285/57 1744/1286/57 1344/1285/57
f 1017/1287/57 1758/1288/57 1752/1287/57
f 1029/1289/57 1756/1290/57 1754/1289/57
f 1018/1282/57 1335/1291/57 1750/1282/57
f 1023/1292/57 1742/1293/57 1340/1292/57
f 1020/1291/57 1748/1283/57 1335/1291/57
f 1026/1290/57 1336/1281/57 1756/1290/57
f 1021/1288/57 1754/1289/57 1758/1288/57
f 1028/1293/57 1341/1279/57 1742/1293/57
f 1019/1286/57 1340/1292/57 1744/1286/57
f 1024/1294/57 1344/1285/57 1746/1294/57
f 1313/1207/4 1261/196/4 1277/1207/4
f 2201/1295/58 2196/1295/58 58/195/58
f 1217/1296/59 1358/1297/59 1355/1296/59
f 1213/1298/60 1784/1299/60 1359/1298/60
f 1222/1300/60 1364/1301/60 1782/1300/60
f 1215/1302/60 1778/1303/60 1357/1302/60
f 1209/1304/60 1792/1305/60 1786/1306/60
f 1219/1307/59 1790/1308/59 1788/1307/59
f 1221/1299/59 1366/1309/59 1784/1299/59
f 1216/1310/60 1776/1311/60 1361/1310/60
f 1220/1309/60 1782/1300/60 1366/1309/60
f 1218/1308/60 1359/1298/60 1790/1308/60
f 1210/1305/60 1788/1307/60 1792/1305/60
f 1212/1311/60 1355/1296/60 1776/1311/60
f 1208/1303/60 1361/1310/60 1778/1303/60
f 1211/1312/60 1357/1302/60 1780/1312/60
f 1152/1313/4 1113/1314/4 1114/1313/4
f 1278/1262/4 1227/1206/4 1259/1262/4
f 1054/1315/61 1816/1316/61 1382/1315/61
f 1053/1317/61 1810/1318/61 1379/1317/61
f 1057/1319/61 1382/1315/61 1818/1319/61
f 1056/1320/61 1824/1321/61 1822/1320/61
f 1055/1322/61 1826/1323/61 1820/1324/61
f 1061/1325/61 1812/1326/61 1381/1325/61
f 1047/1316/61 1380/1327/61 1816/1316/61
f 1058/1328/61 1818/1319/61 1376/1328/61
f 1060/1329/61 1378/1330/61 1370/1329/61
f 1052/1327/61 1814/1331/61 1380/1327/61
f 1048/1331/61 1381/1325/61 1814/1331/61
f 1050/1326/61 1379/1317/61 1812/1326/61
f 1049/1318/61 1370/1329/61 1810/1318/61
f 1051/1323/61 1822/1320/61 1826/1323/61
f 1205/851/62 1009/852/62 1418/851/62
f 1204/832/62 1412/833/62 1007/832/62
f 1827/834/62 1408/835/62 1410/834/62
f 1200/840/62 1008/842/62 1011/840/62
f 1197/849/62 1418/851/62 1406/849/62
f 1203/839/62 1011/840/62 1414/839/62
f 1206/833/62 1410/834/62 1412/833/62
f 1199/837/62 1007/832/62 1005/837/62
f 1201/846/62 1013/848/62 1002/846/62
f 1195/842/62 1420/843/62 1008/842/62
f 1202/835/62 1414/839/62 1408/835/62
f 1194/852/62 1006/856/62 1009/852/62
f 1193/843/62 1416/845/62 1420/843/62
f 1198/845/62 1002/846/62 1416/845/62
f 289/331/4 1616/1225/4 1738/872/4
f 1226/1332/3 1224/1333/3 1223/1261/3
f 1184/1111/3 1858/836/3 1854/831/3
f 1172/1114/3 1856/829/3 1402/830/3
f 1185/1113/3 1854/831/3 1856/829/3
f 1186/1110/3 1853/1334/3 1858/836/3
f 1176/1120/3 1851/858/3 1392/838/3
f 1173/1123/3 1849/853/3 1390/841/3
f 1175/1126/3 1847/857/3 1401/844/3
f 1171/1129/3 1845/854/3 1395/847/3
f 1174/1132/3 1404/1335/3 1396/850/3
f 1181/1122/3 1392/838/3 1849/853/3
f 1179/1128/3 1401/844/3 1845/854/3
f 1177/1136/3 1396/850/3 1398/855/3
f 1180/1125/3 1390/841/3 1847/857/3
f 1182/1119/3 1402/830/3 1851/858/3
f 1178/1131/3 1395/847/3 1404/1335/3
f 1132/1244/3 1114/1313/3 1113/1314/3
f 1084/963/3 1427/1127/3 1434/1139/3
f 1088/951/3 1428/1112/3 1438/1138/3
f 1086/957/3 1429/1121/3 1436/1137/3
f 103/1336/6 7/2/6 70/218/6
f 1083/968/3 1430/1130/3 1433/1135/3
f 1085/960/3 1431/1124/3 1435/1134/3
f 1087/954/3 1432/1118/3 1437/1133/3
f 1080/964/3 1434/1139/3 1430/1130/3
f 1077/961/3 1435/1134/3 1427/1127/3
f 1081/958/3 1436/1137/3 1431/1124/3
f 1079/955/3 1437/1133/3 1429/1121/3
f 1082/952/3 1438/1138/3 1432/1118/3
f 1092/942/3 1439/1337/3 1442/1116/3
f 1091/945/3 1440/1109/3 1441/1115/3
f 1078/946/3 1441/1115/3 1428/1112/3
f 1090/943/3 1442/1116/3 1440/1109/3
f 1207/1338/3 1189/1332/3 1190/1339/3
f 1187/1340/4 1149/1341/4 1151/1340/4
f 1161/1080/3 1444/959/3 1451/971/3
f 1165/1083/3 1445/944/3 1455/970/3
f 1163/1086/3 1446/953/3 1453/969/3
f 1160/1089/3 1447/962/3 1450/967/3
f 1162/1092/3 1448/956/3 1452/966/3
f 1164/1095/3 1449/950/3 1454/965/3
f 1157/1088/3 1451/971/3 1447/962/3
f 1154/1079/3 1452/966/3 1444/959/3
f 1158/1091/3 1453/969/3 1448/956/3
f 1156/1085/3 1454/965/3 1446/953/3
f 1159/1094/3 1455/970/3 1449/950/3
f 1169/1103/3 1456/1342/3 1459/948/3
f 1168/1106/3 1457/941/3 1458/947/3
f 1155/1082/3 1458/947/3 1445/944/3
f 1167/1105/3 1459/948/3 1457/941/3
f 1044/880/3 1480/1101/3 1478/1108/3
f 1032/883/3 1479/1104/3 1466/1107/3
f 1045/882/3 1478/1108/3 1479/1104/3
f 1046/879/3 1477/1343/3 1480/1101/3
f 1036/889/3 1476/1081/3 1470/1100/3
f 1033/892/3 1475/1093/3 1467/1099/3
f 1035/895/3 1474/1084/3 1469/1098/3
f 1031/898/3 1473/1090/3 1465/1097/3
f 1034/901/3 1472/1078/3 1468/1096/3
f 1041/891/3 1470/1100/3 1475/1093/3
f 1039/897/3 1469/1098/3 1473/1090/3
f 1037/173/3 1468/1096/3 1471/1087/3
f 1040/894/3 1467/1099/3 1474/1084/3
f 1042/888/3 1466/1107/3 1476/1081/3
f 1038/900/3 1465/1097/3 1472/1078/3
f 1115/1243/4 1093/1244/4 1095/1243/4
f 1260/1333/4 1223/1261/4 1224/1333/4
f 1188/1341/3 1170/1338/3 1153/1339/3
f 1140/1048/3 1482/896/3 1489/907/3
f 1144/1051/3 1483/881/3 1493/906/3
f 1142/1054/3 1484/890/3 1491/905/3
f 1139/1057/3 1485/899/3 1488/904/3
f 1141/1060/3 1486/893/3 1490/903/3
f 1143/1063/3 1487/887/3 1492/902/3
f 1136/1056/3 1489/907/3 1485/899/3
f 1133/1047/3 1490/903/3 1482/896/3
f 1137/1059/3 1491/905/3 1486/893/3
f 1135/1053/3 1492/902/3 1484/890/3
f 1138/1062/3 1493/906/3 1487/887/3
f 1148/1071/3 1494/1344/3 1497/885/3
f 1147/1074/3 1495/878/3 1496/884/3
f 1134/1050/3 1496/884/3 1483/881/3
f 1146/1073/3 1497/885/3 1495/878/3
f 1110/1001/3 1518/1069/3 1516/1076/3
f 1098/978/3 1517/1072/3 1504/1075/3
f 1111/1002/3 1516/1076/3 1517/1072/3
f 1112/999/3 1515/1345/3 1518/1069/3
f 1102/990/3 1514/1049/3 1508/1068/3
f 1099/981/3 1513/1061/3 1505/1067/3
f 1101/987/3 1512/1052/3 1507/1066/3
f 1097/975/3 1511/1058/3 1503/1065/3
f 1100/984/3 1510/1046/3 1506/1064/3
f 1107/991/3 1508/1068/3 1513/1061/3
f 1105/988/3 1507/1066/3 1511/1058/3
f 1103/985/3 1506/1064/3 1509/1055/3
f 1106/982/3 1505/1067/3 1512/1052/3
f 1108/979/3 1504/1075/3 1514/1049/3
f 1104/976/3 1503/1065/3 1510/1046/3
f 1225/1346/4 1189/1332/4 1191/1347/4
f 1207/1338/4 1153/1339/4 1170/1338/4
f 1129/1009/3 1535/997/3 1533/1004/3
f 1117/1012/3 1534/1000/3 1521/1003/3
f 1130/1011/3 1533/1004/3 1534/1000/3
f 1131/1008/3 1532/1348/3 1535/997/3
f 1121/1018/3 1531/977/3 1525/996/3
f 1118/1022/3 1530/989/3 1522/995/3
f 1120/1025/3 1529/980/3 1524/994/3
f 1116/1028/3 1528/986/3 1520/993/3
f 1119/1031/3 1527/974/3 1523/992/3
f 1126/1021/3 1525/996/3 1530/989/3
f 1124/1027/3 1524/994/3 1528/986/3
f 1122/1038/3 1523/992/3 1526/983/3
f 1125/1024/3 1522/995/3 1529/980/3
f 1127/1017/3 1521/1003/3 1531/977/3
f 1123/1030/3 1520/993/3 1527/974/3
f 298/109/3 58/195/3 38/1005/3
f 1152/1313/3 1149/1341/3 1150/1314/3
f 51/42/6 142/54/6 3/54/6
f 169/1349/3 1541/1026/3 1548/1041/3
f 177/1350/3 1542/1010/3 1552/1040/3
f 173/1351/3 1543/1020/3 1550/1039/3
f 167/175/3 1544/1029/3 1547/1037/3
f 171/1352/3 1545/1023/3 1549/1036/3
f 175/1353/3 1546/1016/3 1551/1035/3
f 160/1354/3 1548/1041/3 1544/1029/3
f 129/1355/3 1549/1036/3 1541/1026/3
f 162/1356/3 1550/1039/3 1545/1023/3
f 137/1357/3 1551/1035/3 1543/1020/3
f 164/1358/3 1552/1040/3 1546/1016/3
f 68/1359/3 105/826/3 101/36/3
f 295/1360/3 1553/1209/3 1556/1014/3
f 293/1361/3 1554/1007/3 1555/1013/3
f 134/1362/3 1555/1013/3 1542/1010/3
f 291/1363/3 1556/1014/3 1554/1007/3
f 1583/237/3 1588/190/3 1584/191/3
f 1559/239/3 1586/333/3 1560/259/3
f 1585/238/3 1584/191/3 1586/333/3
f 1587/236/3 1582/353/3 1588/190/3
f 1567/242/3 1580/260/3 1568/253/3
f 1561/247/3 1578/254/3 1562/262/3
f 1565/246/3 1576/261/3 1566/107/3
f 1557/233/3 1574/108/3 1558/255/3
f 1563/235/3 1572/223/3 1564/224/3
f 1577/243/3 1568/253/3 1578/254/3
f 1573/232/3 1566/107/3 1574/108/3
f 1569/248/3 1564/224/3 1570/323/3
f 1575/250/3 1562/262/3 1576/261/3
f 1579/244/3 1560/259/3 1580/260/3
f 1571/234/3 1558/255/3 1572/223/3
f 304/1219/3 1590/233/3 1597/234/3
f 303/1211/3 1591/239/3 1601/244/3
f 314/1215/3 1592/247/3 1599/250/3
f 306/1213/3 1593/235/3 1596/248/3
f 309/1217/3 1594/246/3 1598/232/3
f 310/1224/3 1595/242/3 1600/243/3
f 316/1212/3 1597/234/3 1593/235/3
f 311/1218/3 1598/232/3 1590/233/3
f 305/1216/3 1599/250/3 1594/246/3
f 315/1214/3 1600/243/3 1592/247/3
f 302/1223/3 1601/244/3 1595/242/3
f 312/1220/3 1602/245/3 1605/236/3
f 1589/1222/3 1603/237/3 1604/238/3
f 313/1210/3 1604/238/3 1591/239/3
f 307/1221/3 1605/236/3 1603/237/3
f 310/1224/52 1276/1214/52 1612/1224/52
f 1271/1205/3 1262/1218/3 1606/1219/3
f 1613/1195/3 1275/1210/3 1614/1211/3
f 1609/1191/3 1276/1214/3 1610/1215/3
f 1264/1193/3 1272/1212/3 1266/1213/3
f 1607/1198/3 1263/1216/3 1608/1217/3
f 1611/1196/3 1265/1223/3 1612/1224/3
f 1270/1192/3 1606/1219/3 1272/1212/3
f 1269/1204/3 1608/1217/3 1262/1218/3
f 1273/1197/3 1610/1215/3 1263/1216/3
f 1274/1190/3 1612/1224/3 1276/1214/3
f 1268/1203/3 1614/1211/3 1265/1223/3
f 1621/1200/3 1616/1225/3 1622/1220/3
f 1619/1202/3 1618/1221/3 1620/1222/3
f 1267/1194/3 1620/1222/3 1275/1210/3
f 1617/1201/3 1622/1220/3 1618/1221/3
f 1609/1191/51 1628/1197/51 1633/1191/51
f 1248/1229/3 1639/1200/3 1637/1201/3
f 1250/1231/3 1638/1202/3 1625/1194/3
f 1623/1230/3 1637/1201/3 1638/1202/3
f 1252/1228/3 1636/1199/3 1639/1200/3
f 1257/1232/3 1635/1195/3 1629/1203/3
f 1245/1239/3 1634/1196/3 1626/1190/3
f 1249/1237/3 1633/1191/3 1628/1197/3
f 1246/1234/3 1632/1198/3 1624/1204/3
f 1251/1227/3 1631/1205/3 1627/1192/3
f 1256/1233/3 1629/1203/3 1634/1196/3
f 1255/1238/3 1628/1197/3 1632/1198/3
f 1244/1240/3 1627/1192/3 1630/1193/3
f 1254/1241/3 1626/1190/3 1633/1191/3
f 1247/1235/3 1625/1194/3 1635/1195/3
f 1253/1226/3 1624/1204/3 1631/1205/3
f 1255/1238/54 1284/1234/54 1642/1238/54
f 1290/927/3 1284/1234/3 1640/1226/3
f 1647/936/3 1293/1231/3 1648/1235/3
f 1643/931/3 1287/1239/3 1644/1241/3
f 1289/934/3 1295/1227/3 1282/1240/3
f 1641/929/3 1296/1237/3 1642/1238/3
f 1645/937/3 1285/1232/3 1646/1233/3
f 1283/928/3 1640/1226/3 1295/1227/3
f 1291/930/3 1642/1238/3 1284/1234/3
f 1294/932/3 1644/1241/3 1296/1237/3
f 1292/933/3 1646/1233/3 1287/1239/3
f 1288/940/3 1648/1235/3 1285/1232/3
f 1655/925/3 1650/1236/3 1656/1228/3
f 1653/939/3 1652/1229/3 1654/1230/3
f 1286/935/3 1654/1230/3 1293/1231/3
f 1651/926/3 1656/1228/3 1652/1229/3
f 1653/939/45 1659/935/45 1672/939/45
f 1062/1256/3 1673/925/3 1671/926/3
f 1075/1249/3 1672/939/3 1659/935/3
f 1067/1257/3 1671/926/3 1672/939/3
f 1069/1255/3 1670/938/3 1673/925/3
f 1070/1258/3 1669/936/3 1663/940/3
f 1073/1245/3 1668/937/3 1660/933/3
f 1068/1252/3 1667/931/3 1662/932/3
f 1064/1259/3 1666/929/3 1658/930/3
f 1071/1247/3 1665/927/3 1661/928/3
f 1072/1251/3 1663/940/3 1668/937/3
f 1065/1253/3 1662/932/3 1666/929/3
f 1657/1248/3 1661/928/3 1664/934/3
f 1063/1246/3 1660/933/3 1667/931/3
f 1076/1250/3 1659/935/3 1669/936/3
f 1066/1260/3 1658/930/3 1665/927/3
f 1063/1246/55 1310/1252/55 1678/1246/55
f 1685/1187/3 1690/1255/3 1686/1256/3
f 1301/1180/3 1688/1257/3 1299/1249/3
f 1687/1188/3 1686/1256/3 1688/1257/3
f 1689/1175/3 1684/1254/3 1690/1255/3
f 1309/1189/3 1682/1250/3 1305/1258/3
f 1300/1179/3 1680/1251/3 1306/1245/3
f 1311/1176/3 1678/1246/3 1310/1252/3
f 1307/1185/3 1676/1253/3 1304/1259/3
f 1302/1182/3 1674/1260/3 1312/1247/3
f 1679/1178/3 1305/1258/3 1680/1251/3
f 1675/1177/3 1310/1252/3 1676/1253/3
f 1298/1183/3 1312/1247/3 1308/1248/3
f 1677/1184/3 1306/1245/3 1678/1246/3
f 1681/1181/3 1299/1249/3 1682/1250/3
f 1303/1186/3 1304/1259/3 1674/1260/3
f 1685/1187/49 1706/1188/49 1705/1187/49
f 1234/1266/3 1692/1185/3 1699/1186/3
f 1232/1267/3 1693/1180/3 1703/1181/3
f 1238/1278/3 1694/1179/3 1701/1184/3
f 1229/1277/3 1695/1182/3 1698/1183/3
f 1240/1273/3 1696/1176/3 1700/1177/3
f 1231/1264/3 1697/1189/3 1702/1178/3
f 1233/1276/3 1699/1186/3 1695/1182/3
f 1237/1265/3 1700/1177/3 1692/1185/3
f 1241/1272/3 1701/1184/3 1696/1176/3
f 1239/1274/3 1702/1178/3 1694/1179/3
f 1242/1263/3 1703/1181/3 1697/1189/3
f 1228/1271/3 1704/1174/3 1707/1175/3
f 1691/1269/3 1705/1187/3 1706/1188/3
f 1230/1275/3 1706/1188/3 1693/1180/3
f 1236/1268/3 1707/1175/3 1705/1187/3
f 1691/1269/56 1326/1275/56 1722/1269/56
f 1329/877/3 1322/1265/3 1708/1266/3
f 1715/870/3 1326/1275/3 1716/1267/3
f 1711/864/3 1330/1274/3 1712/1278/3
f 1318/868/3 1324/1276/3 1323/1277/3
f 1709/862/3 1331/1272/3 1710/1273/3
f 1713/871/3 1325/1263/3 1714/1264/3
f 1332/867/3 1708/1266/3 1324/1276/3
f 1320/863/3 1710/1273/3 1322/1265/3
f 1319/865/3 1712/1278/3 1331/1272/3
f 1321/866/3 1714/1264/3 1330/1274/3
f 1328/876/3 1716/1267/3 1325/1263/3
f 1723/873/3 1718/1270/3 1724/1271/3
f 1721/875/3 1720/1268/3 1722/1269/3
f 1327/869/3 1722/1269/3 1326/1275/3
f 1719/874/3 1724/1271/3 1720/1268/3
f 1329/877/43 1729/867/43 1733/877/43
f 1029/1289/3 1741/873/3 1739/874/3
f 1027/1281/3 1740/875/3 1727/869/3
f 1026/1290/3 1739/874/3 1740/875/3
f 1021/1288/3 1738/872/3 1741/873/3
f 1020/1291/3 1737/870/3 1731/876/3
f 1016/1284/3 1736/871/3 1728/866/3
f 1022/1285/3 1735/864/3 1730/865/3
f 1023/1292/3 1734/862/3 1726/863/3
f 1030/1279/3 1733/877/3 1729/867/3
f 1025/1283/3 1731/876/3 1736/871/3
f 1019/1286/3 1730/865/3 1734/862/3
f 1725/1280/3 1729/867/3 1732/868/3
f 1024/1294/3 1728/866/3 1735/864/3
f 1018/1282/3 1727/869/3 1737/870/3
f 1028/1293/3 1726/863/3 1733/877/3
f 1016/1284/57 1746/1294/57 1338/1284/57
f 1753/1163/3 1758/1288/3 1754/1289/3
f 1337/1172/3 1756/1290/3 1336/1281/3
f 1755/1164/3 1754/1289/3 1756/1290/3
f 1757/1166/3 1752/1287/3 1758/1288/3
f 1339/1167/3 1750/1282/3 1335/1291/3
f 1342/1171/3 1748/1283/3 1338/1284/3
f 1334/1170/3 1746/1294/3 1344/1285/3
f 1343/1160/3 1744/1286/3 1340/1292/3
f 1345/1162/3 1742/1293/3 1341/1279/3
f 1747/1168/3 1335/1291/3 1748/1283/3
f 1743/1159/3 1344/1285/3 1744/1286/3
f 1347/174/3 1341/1279/3 1346/1280/3
f 1745/1173/3 1338/1284/3 1746/1294/3
f 1749/1169/3 1336/1281/3 1750/1282/3
f 1348/1161/3 1340/1292/3 1742/1293/3
f 1755/1164/48 1761/1172/48 1774/1164/48
f 1212/1311/3 1760/1160/3 1767/1161/3
f 1221/1299/3 1761/1172/3 1771/1169/3
f 1211/1312/3 1762/1171/3 1769/1173/3
f 1759/1297/3 1763/1162/3 1766/174/3
f 1208/1303/3 1764/1170/3 1768/1159/3
f 1222/1300/3 1765/1167/3 1770/1168/3
f 1217/1296/3 1767/1161/3 1763/1162/3
f 1216/1310/3 1768/1159/3 1760/1160/3
f 1215/1302/3 1769/1173/3 1764/1170/3
f 1214/1301/3 1770/1168/3 1762/1171/3
f 1220/1309/3 1771/1169/3 1765/1167/3
f 1210/1305/3 1772/1165/3 1775/1166/3
f 1218/1308/3 1773/1163/3 1774/1164/3
f 1213/1298/3 1774/1164/3 1761/1172/3
f 1219/1307/3 1775/1166/3 1773/1163/3
f 1214/1301/60 1780/1312/60 1364/1301/60
f 1787/919/3 1792/1305/3 1788/1307/3
f 1354/908/3 1790/1308/3 1359/1298/3
f 1789/920/3 1788/1307/3 1790/1308/3
f 1791/918/3 1786/1304/3 1792/1305/3
f 1356/921/3 1784/1299/3 1366/1309/3
f 1362/912/3 1782/1300/3 1364/1301/3
f 1360/914/3 1780/1312/3 1357/1302/3
f 1367/916/3 1778/1303/3 1361/1310/3
f 1365/910/3 1776/1311/3 1355/1296/3
f 1781/922/3 1366/1309/3 1782/1300/3
f 1777/915/3 1357/1302/3 1778/1303/3
f 1368/911/3 1355/1296/3 1358/1297/3
f 1779/913/3 1364/1301/3 1780/1312/3
f 1783/909/3 1359/1298/3 1784/1299/3
f 1363/917/3 1361/1310/3 1776/1311/3
f 1781/922/44 1796/912/44 1804/922/44
f 1049/1318/3 1794/916/3 1801/917/3
f 1057/1319/3 1795/908/3 1805/909/3
f 1048/1331/3 1796/912/3 1803/913/3
f 1059/1330/3 1797/910/3 1800/911/3
f 1050/1326/3 1798/914/3 1802/915/3
f 1047/1316/3 1799/921/3 1804/922/3
f 1060/1329/3 1801/917/3 1797/910/3
f 1053/1317/3 1802/915/3 1794/916/3
f 1061/1325/3 1803/913/3 1798/914/3
f 1052/1327/3 1804/922/3 1796/912/3
f 1054/1315/3 1805/909/3 1799/921/3
f 1051/1323/3 1806/923/3 1809/918/3
f 1793/1321/3 1807/919/3 1808/920/3
f 1058/1328/3 1808/920/3 1795/908/3
f 1056/1320/3 1809/918/3 1807/919/3
f 1793/1321/61 1376/1328/61 1824/1321/61
f 1374/1145/3 1379/1317/3 1810/1318/3
f 1817/1142/3 1376/1328/3 1818/1319/3
f 1813/1153/3 1380/1327/3 1814/1331/3
f 1384/1156/3 1370/1329/3 1378/1330/3
f 1811/1152/3 1381/1325/3 1812/1326/3
f 1815/1146/3 1382/1315/3 1816/1316/3
f 1377/1151/3 1810/1318/3 1370/1329/3
f 1372/1144/3 1812/1326/3 1379/1317/3
f 1375/1154/3 1814/1331/3 1381/1325/3
f 1371/1155/3 1816/1316/3 1380/1327/3
f 1383/1143/3 1818/1319/3 1382/1315/3
f 1825/1149/3 1820/1322/3 1826/1323/3
f 1823/1147/3 1822/1320/3 1824/1321/3
f 1373/1148/3 1824/1321/3 1376/1328/3
f 1821/1150/3 1826/1323/3 1822/1320/3
f 1821/1150/46 1842/1147/46 1841/1150/46
f 1206/833/3 1843/1149/3 1841/1150/3
f 1202/835/3 1842/1147/3 1829/1148/3
f 1827/834/3 1841/1150/3 1842/1147/3
f 1204/832/3 1840/1157/3 1843/1149/3
f 1200/840/3 1839/1142/3 1833/1143/3
f 1193/843/3 1838/1146/3 1830/1155/3
f 1201/846/3 1837/1153/3 1832/1154/3
f 1197/849/3 1836/1152/3 1828/1144/3
f 1194/852/3 1835/1145/3 1831/1151/3
f 1195/842/3 1833/1143/3 1838/1146/3
f 1192/848/3 1832/1154/3 1836/1152/3
f 1196/856/3 1831/1151/3 1834/1156/3
f 1198/845/3 1830/1155/3 1837/1153/3
f 1203/839/3 1829/1148/3 1839/1142/3
f 1205/851/3 1828/1144/3 1835/1145/3
f 1192/848/62 1406/849/62 1013/848/62
f 1395/847/42 1419/1335/42 1404/1335/42
f 1858/836/42 1413/831/42 1854/831/42
f 1402/830/42 1415/858/42 1851/858/42
f 1390/841/42 1417/857/42 1847/857/42
f 1396/850/42 1001/855/42 1398/855/42
f 1401/844/42 1014/854/42 1845/854/42
f 1392/838/42 1015/853/42 1849/853/42
f 1404/1335/42 1004/850/42 1396/850/42
f 1845/854/42 1407/847/42 1395/847/42
f 1847/857/42 1003/844/42 1401/844/42
f 1849/853/42 1421/841/42 1390/841/42
f 1851/858/42 1010/838/42 1392/838/42
f 1853/1334/42 1012/836/42 1858/836/42
f 1854/831/42 1411/829/42 1856/829/42
f 1419/1335/3 1406/849/3 1418/851/3
f 1852/1364/3 1876/694/3 1397/343/3
f 1857/337/3 1875/696/3 1855/341/3
f 1855/341/3 1862/695/3 1859/252/3
f 1397/343/3 1874/693/3 1857/337/3
f 1399/251/3 1866/690/3 1848/146/3
f 1403/145/3 1861/702/3 1393/258/3
f 1844/257/3 1865/700/3 1850/256/3
f 1400/148/3 1863/355/3 1394/147/3
f 1846/120/3 1864/697/3 1391/119/3
f 1848/146/3 1871/692/3 1403/145/3
f 1850/256/3 1869/698/3 1400/148/3
f 1391/119/3 1867/703/3 1860/118/3
f 1393/258/3 1870/701/3 1844/257/3
f 1859/252/3 1872/691/3 1399/251/3
f 1394/147/3 1868/357/3 1846/120/3
f 1869/698/31 325/700/31 1878/698/31
f 504/343/9 1852/1364/9 1397/343/9
f 322/695/3 1885/649/3 1884/691/3
f 321/702/3 1881/653/3 1880/701/3
f 327/697/3 319/652/3 324/703/3
f 325/700/3 1879/641/3 1878/698/3
f 323/690/3 1883/647/3 1882/692/3
f 331/357/3 320/644/3 327/697/3
f 1878/698/3 330/640/3 332/355/3
f 1880/701/3 318/650/3 325/700/3
f 1882/692/3 326/651/3 321/702/3
f 1884/691/3 329/648/3 323/690/3
f 1892/694/3 1889/643/3 1888/693/3
f 1890/696/3 328/645/3 322/695/3
f 1888/693/3 1891/642/3 1890/696/3
f 1886/1365/3 1893/646/3 1892/694/3
f 1920/1366/3 1927/472/3 1926/717/3
f 1876/694/31 1886/1365/31 1892/694/31
f 781/645/3 1906/706/3 780/649/3
f 770/651/3 1904/710/3 776/653/3
f 782/644/3 1901/708/3 772/652/3
f 777/650/3 1903/714/3 774/641/3
f 771/648/3 1905/705/3 779/647/3
f 775/356/3 1898/709/3 782/644/3
f 774/641/3 1897/713/3 773/640/3
f 776/653/3 1899/711/3 777/650/3
f 779/647/3 1895/704/3 770/651/3
f 780/649/3 1900/718/3 771/648/3
f 769/646/3 1908/716/3 768/643/3
f 778/642/3 1896/707/3 781/645/3
f 768/643/3 1909/715/3 778/642/3
f 1894/1367/3 1910/717/3 769/646/3
f 1903/714/32 748/711/32 1912/714/32
f 1893/646/29 1894/1367/29 769/646/29
f 1922/716/3 1925/474/3 1924/715/3
f 1924/715/3 744/473/3 751/707/3
f 1926/717/3 1923/471/3 1922/716/3
f 1918/706/3 740/466/3 743/718/3
f 1916/705/3 749/482/3 750/704/3
f 1914/710/3 738/480/3 748/711/3
f 1912/714/3 742/469/3 739/713/3
f 746/699/3 747/475/3 745/709/3
f 743/718/3 1917/470/3 1916/705/3
f 748/711/3 1913/476/3 1912/714/3
f 745/709/3 741/483/3 737/708/3
f 750/704/3 1915/481/3 1914/710/3
f 751/707/3 1919/467/3 1918/706/3
f 739/713/3 1911/468/3 746/699/3
f 1913/476/23 790/480/23 785/476/23
f 1910/717/32 1920/1366/32 1926/717/32
f 786/473/3 1940/729/3 784/467/3
f 797/482/3 1938/733/3 793/481/3
f 789/475/3 1935/732/3 1928/483/3
f 790/480/3 1937/722/3 785/476/3
f 796/466/3 1939/727/3 795/470/3
f 794/468/3 1932/725/3 789/475/3
f 785/476/3 1931/721/3 788/469/3
f 793/481/3 1933/730/3 790/480/3
f 795/470/3 1929/731/3 797/482/3
f 784/467/3 1934/728/3 796/466/3
f 787/472/3 1942/724/3 792/471/3
f 791/474/3 1930/726/3 786/473/3
f 792/471/3 1943/723/3 791/474/3
f 783/804/3 1944/479/3 787/472/3
f 1933/730/33 1948/733/33 622/730/33
f 1927/472/23 783/804/23 787/472/23
f 1956/724/3 1959/634/3 1958/723/3
f 1958/723/3 625/628/3 626/726/3
f 1960/479/3 1957/629/3 1956/724/3
f 1952/729/3 624/624/3 616/728/3
f 1950/727/3 620/639/3 618/731/3
f 1948/733/3 619/631/3 622/730/3
f 1946/722/3 621/633/3 615/721/3
f 623/712/3 617/627/3 627/725/3
f 616/728/3 1951/635/3 1950/727/3
f 622/730/3 1947/630/3 1946/722/3
f 627/725/3 613/626/3 614/732/3
f 618/731/3 1949/638/3 1948/733/3
f 626/726/3 1953/625/3 1952/729/3
f 615/721/3 1945/632/3 623/712/3
f 1949/638/28 808/639/28 809/638/28
f 1944/479/33 1954/477/33 1960/479/33
f 812/629/3 1977/738/3 805/634/3
f 805/634/3 1964/737/3 800/628/3
f 810/478/3 1976/736/3 812/629/3
f 803/625/3 1968/735/3 806/624/3
f 802/635/3 1963/744/3 808/639/3
f 809/638/3 1967/742/3 799/631/3
f 804/630/3 1965/636/3 801/633/3
f 807/632/3 1966/739/3 798/627/3
f 806/624/3 1973/734/3 802/635/3
f 799/631/3 1971/740/3 804/630/3
f 798/627/3 1969/745/3 1962/626/3
f 808/639/3 1972/743/3 809/638/3
f 800/628/3 1974/746/3 803/625/3
f 801/633/3 1970/637/3 807/632/3
f 1968/735/34 1986/746/34 728/735/34
f 1961/478/28 811/719/28 810/478/28
f 727/737/3 1987/380/3 1986/746/3
f 733/744/3 1983/385/3 1982/743/3
f 734/739/3 722/384/3 731/745/3
f 730/742/3 1981/381/3 1980/740/3
f 728/735/3 1985/377/3 1984/734/3
f 732/637/3 724/373/3 734/739/3
f 1980/740/3 735/379/3 729/636/3
f 1982/743/3 736/382/3 730/742/3
f 1984/734/3 723/383/3 733/744/3
f 1986/746/3 726/378/3 728/735/3
f 1994/720/3 1991/372/3 1990/736/3
f 1992/738/3 725/375/3 727/737/3
f 1990/736/3 1993/371/3 1992/738/3
f 1988/1368/3 1995/376/3 1994/720/3
f 735/379/20 824/381/20 818/379/20
f 1978/720/34 1988/1368/34 1994/720/34
f 826/375/3 2008/754/3 825/380/3
f 815/383/3 2006/759/3 827/385/3
f 822/373/3 2003/758/3 819/384/3
f 816/382/3 2005/755/3 824/381/3
f 814/378/3 2007/751/3 813/377/3
f 820/374/3 2000/747/3 822/373/3
f 824/381/3 1999/753/3 818/379/3
f 827/385/3 2001/756/3 816/382/3
f 813/377/3 1997/757/3 815/383/3
f 825/380/3 2002/752/3 814/378/3
f 823/376/3 2010/750/3 821/372/3
f 817/371/3 1998/748/3 826/375/3
f 821/372/3 2011/749/3 817/371/3
f 1996/1369/3 2012/388/3 823/376/3
f 2011/749/36 2024/750/36 2026/749/36
f 1995/376/20 1996/1369/20 823/376/20
f 2024/750/3 2027/621/3 2026/749/3
f 2026/749/3 553/613/3 558/748/3
f 2028/388/3 2025/620/3 2024/750/3
f 2020/754/3 551/617/3 554/752/3
f 2018/751/3 563/609/3 564/757/3
f 2016/759/3 557/616/3 552/756/3
f 2014/755/3 559/619/3 556/753/3
f 560/741/3 562/611/3 561/747/3
f 554/752/3 2019/614/3 2018/751/3
f 552/756/3 2015/615/3 2014/755/3
f 561/747/3 555/610/3 565/758/3
f 564/757/3 2017/608/3 2016/759/3
f 558/748/3 2021/612/3 2020/754/3
f 556/753/3 2013/618/3 560/741/3
f 557/616/27 828/608/27 832/616/27
f 2012/388/36 2022/386/36 2028/388/36
f 835/620/3 2045/763/3 833/621/3
f 833/621/3 2032/774/3 838/613/3
f 840/387/3 2044/764/3 835/620/3
f 839/612/3 2036/776/3 829/617/3
f 834/614/3 2031/771/3 831/609/3
f 828/608/3 2035/769/3 832/616/3
f 837/615/3 2033/622/3 842/619/3
f 830/618/3 2034/762/3 836/611/3
f 829/617/3 2041/775/3 834/614/3
f 832/616/3 2039/765/3 837/615/3
f 836/611/3 2037/772/3 2030/610/3
f 831/609/3 2040/770/3 828/608/3
f 838/613/3 2042/773/3 839/612/3
f 842/619/3 2038/623/3 830/618/3
f 2032/774/37 2060/763/37 711/774/37
f 2029/387/27 841/760/27 840/387/27
f 711/774/3 2055/453/3 2054/773/3
f 716/771/3 2051/460/3 2050/770/3
f 712/762/3 715/458/3 709/772/3
f 710/769/3 2049/454/3 2048/765/3
f 720/776/3 2053/449/3 2052/775/3
f 721/623/3 708/459/3 712/762/3
f 2048/765/3 717/452/3 718/622/3
f 2050/770/3 714/455/3 710/769/3
f 2052/775/3 707/456/3 716/771/3
f 2054/773/3 719/450/3 720/776/3
f 2062/761/3 2059/465/3 2058/764/3
f 2060/763/3 713/457/3 711/774/3
f 2058/764/3 2061/464/3 2060/763/3
f 2056/1370/3 2063/768/3 2062/761/3
f 2059/465/21 848/768/21 855/465/21
f 2046/761/37 2056/1370/37 2062/761/37
f 855/465/3 2079/788/3 857/464/3
f 857/464/3 2066/782/3 849/457/3
f 848/768/3 2078/787/3 855/465/3
f 846/453/3 2070/786/3 845/450/3
f 853/449/3 2065/778/3 844/456/3
f 843/460/3 2069/785/3 854/455/3
f 850/454/3 2067/461/3 856/452/3
f 852/451/3 2068/780/3 851/459/3
f 845/450/3 2075/783/3 853/449/3
f 854/455/3 2073/784/3 850/454/3
f 851/459/3 2071/779/3 847/458/3
f 844/456/3 2074/777/3 843/460/3
f 849/457/3 2076/781/3 846/453/3
f 856/452/3 2072/463/3 852/451/3
f 2069/785/38 2084/777/38 606/785/38
f 2063/768/21 2064/766/21 848/768/21
f 609/782/3 2089/599/3 2088/781/3
f 603/778/3 2085/605/3 2084/777/3
f 612/780/3 599/603/3 604/779/3
f 606/785/3 2083/600/3 2082/784/3
f 601/786/3 2087/596/3 2086/783/3
f 611/463/3 600/604/3 612/780/3
f 2082/784/3 607/598/3 602/461/3
f 2084/777/3 610/601/3 606/785/3
f 2086/783/3 608/602/3 603/778/3
f 2088/781/3 605/597/3 601/786/3
f 2096/767/3 2093/594/3 2092/787/3
f 2094/788/3 598/592/3 609/782/3
f 2092/787/3 2095/593/3 2094/788/3
f 2090/1371/3 2097/595/3 2096/767/3
f 600/604/26 858/462/26 859/604/26
f 2080/767/38 2090/1371/38 2096/767/38
f 862/592/3 2110/793/3 869/599/3
f 868/602/3 2108/800/3 863/605/3
f 859/604/3 2105/798/3 864/603/3
f 861/601/3 2107/794/3 865/600/3
f 871/597/3 2109/790/3 870/596/3
f 858/462/3 2102/799/3 859/604/3
f 865/600/3 2101/792/3 867/598/3
f 863/605/3 2103/795/3 861/601/3
f 870/596/3 2099/796/3 868/602/3
f 869/599/3 2104/791/3 871/597/3
f 860/595/3 2112/803/3 866/594/3
f 872/593/3 2100/797/3 862/592/3
f 866/594/3 2113/802/3 872/593/3
f 2098/1372/3 2114/607/3 860/595/3
f 2112/803/39 2130/607/39 2126/803/39
f 2097/595/26 2098/1372/26 860/595/26
f 2126/803/3 2129/364/3 2128/802/3
f 2128/802/3 703/290/3 702/797/3
f 2130/607/3 2127/365/3 2126/803/3
f 2122/793/3 694/366/3 706/791/3
f 2120/790/3 697/301/3 699/796/3
f 2118/800/3 701/360/3 696/795/3
f 2116/794/3 698/368/3 693/792/3
f 704/789/3 692/270/3 695/799/3
f 706/791/3 2121/302/3 2120/790/3
f 696/795/3 2117/359/3 2116/794/3
f 695/799/3 705/269/3 700/798/3
f 699/796/3 2119/370/3 2118/800/3
f 702/797/3 2123/289/3 2122/793/3
f 693/792/3 2115/367/3 704/789/3
f 2114/607/39 2124/606/39 2130/607/39
f 873/290/3 2144/810/3 882/289/3
f 881/301/3 2142/816/3 885/370/3
f 886/270/3 2139/814/3 2132/269/3
f 876/360/3 2141/811/3 880/359/3
f 887/366/3 2143/807/3 875/302/3
f 874/367/3 2136/815/3 886/270/3
f 880/359/3 2133/809/3 879/368/3
f 885/370/3 2137/812/3 876/360/3
f 875/302/3 2135/813/3 881/301/3
f 882/289/3 2138/808/3 887/366/3
f 877/1373/3 2148/361/3 878/369/3
f 883/365/3 2147/806/3 884/364/3
f 884/364/3 2134/805/3 873/290/3
f 878/369/3 2146/363/3 883/365/3
f 2146/363/41 2164/361/41 2160/363/41
f 2131/369/19 877/1373/19 878/369/19
f 2162/806/3 537/585/3 541/805/3
f 2160/363/3 2163/589/3 2162/806/3
f 2158/1374/3 2165/587/3 2164/361/3
f 2156/810/3 542/591/3 544/808/3
f 2154/807/3 548/583/3 549/813/3
f 2152/816/3 317/581/3 543/812/3
f 2150/811/3 546/579/3 547/809/3
f 538/801/3 539/577/3 550/815/3
f 544/808/3 2155/586/3 2154/807/3
f 543/812/3 2151/580/3 2150/811/3
f 550/815/3 545/183/3 540/814/3
f 549/813/3 2153/582/3 2152/816/3
f 541/805/3 2157/584/3 2156/810/3
f 547/809/3 2149/578/3 538/801/3
f 689/362/25 2165/587/25 691/587/25
f 2148/361/41 2158/1374/41 2164/361/41
f 1500/827/3 1481/973/3 1498/828/3
f 2167/1375/3 2169/1242/3 2166/1376/3
f 2172/1377/3 2170/1375/3 2173/1376/3
f 1096/1378/4 2169/1242/4 2168/1378/4
f 2174/1379/3 2177/1377/3 2175/1380/3
f 2167/1375/4 2173/1376/4 2170/1375/4
f 2179/1381/3 2181/1380/3 2180/1382/3
f 2171/1383/4 2177/1377/4 2176/1383/4
f 2183/1384/3 2184/1381/3 2185/1382/3
f 2174/1379/4 2181/1380/4 2178/1379/4
f 2188/1385/3 2186/1386/3 2189/1384/3
f 2179/1381/4 2185/1382/4 2184/1381/4
f 2182/1386/4 2189/1384/4 2186/1387/4
f 2191/1388/3 2193/1385/3 2190/1389/3
f 297/110/3 2200/230/3 2198/110/3
f 2195/230/3 2197/1389/3 2196/1295/3
f 2187/1390/4 2193/1385/4 2192/1390/4
f 2199/109/3 2200/230/3 2201/1295/3
f 2191/1388/4 2197/1389/4 2194/1391/4
f 300/1295/3 2199/109/3 2201/1295/3
f 2195/230/4 2201/1295/4 2200/230/4
f 506/275/63 505/61/63 2202/1392/63
f 2202/1392/3 66/1393/3 42/55/3
f 2205/157/3 2204/200/3 2203/48/3
f 2219/1394/3 2214/1395/3 2213/1396/3
f 2222/1397/3 2214/1395/3 2221/1398/3
f 2215/1399/3 289/331/3 111/1400/3
f 2216/65/3 288/342/3 2222/1397/3
f 2228/1401/64 2226/1402/64 2227/1403/64
f 2231/1404/65 2229/1405/65 2230/1406/65
f 2235/1407/65 2233/1408/65 2234/342/65
f 2230/1406/65 2236/1409/65 2235/1407/65
f 2239/1410/66 2237/1411/66 2238/1412/66
f 2242/1413/67 2239/1410/67 2241/1414/67
f 2225/1415/64 2244/1416/64 2226/1402/64
f 2228/1401/64 2245/1417/64 2246/1418/64
f 2242/1413/65 2232/1419/65 2231/1404/65
f 2245/1417/66 2250/1420/66 2246/1418/66
f 2249/1421/66 2237/1411/66 2250/1420/66
f 2248/1422/68 2252/1394/68 2247/1396/68
f 2251/1423/69 2254/1424/69 2252/1394/69
f 2254/1424/70 2223/1425/70 2224/1395/70
f 2255/1426/68 2247/1396/68 2256/1397/68
f 2224/1395/71 2257/1427/71 2258/1398/71
f 2258/1398/72 2244/1416/72 2243/331/72
f 2233/1408/73 2256/1397/73 2234/342/73
f 2257/1427/3 2226/1402/3 2244/1416/3
f 2223/1425/3 2227/1403/3 2226/1402/3
f 2214/1395/74 2258/1398/74 2221/1398/74
f 2220/1424/74 2224/1395/74 2214/1395/74
f 289/331/75 2225/1415/75 2210/1415/75
f 2210/1415/75 2228/1401/75 2211/1401/75
f 2211/1401/75 2246/1418/75 2208/1418/75
f 2253/1428/3 2245/1417/3 2227/1403/3
f 44/1404/76 2230/1406/76 2209/1406/76
f 2251/1423/3 2236/1409/3 2229/1405/3
f 2209/1406/76 2235/1407/76 56/1407/76
f 2212/1413/76 2231/1404/76 44/1404/76
f 288/342/77 2256/1397/77 2222/1397/77
f 56/1407/76 2234/342/76 288/342/76
f 2236/1409/3 2255/1426/3 2233/1408/3
f 2218/1411/4 2240/1429/4 2207/1429/4
f 2249/1421/3 2251/1423/3 2238/1412/3
f 2251/1423/3 2239/1410/3 2238/1412/3
f 2217/1420/4 2237/1411/4 2218/1411/4
f 2207/1429/76 2242/1413/76 2212/1413/76
f 2221/1398/78 2243/331/78 289/331/78
f 2208/1418/4 2250/1420/4 2217/1420/4
f 2213/1396/79 2252/1394/79 2219/1394/79
f 2222/1397/79 2247/1396/79 2213/1396/79
f 2219/1394/80 2254/1424/80 2220/1424/80
f 2218/1411/66 2259/1430/66 2260/1431/66
f 2264/56/81 2262/1432/81 2261/1433/81
f 466/349/76 448/350/76 2262/1432/76
f 2263/1434/82 2259/1430/82 2262/1432/82
f 336/273/4 2261/1433/4 334/276/4
f 2263/1434/75 467/320/75 458/319/75
f 17/1/1 8/60/1 7/2/1
f 85/4/2 2/46/2 1/5/2
f 10/7/1 25/7/1 67/8/1
f 63/9/2 12/71/2 11/10/2
f 75/12/2 14/73/2 16/13/2
f 6/15/2 20/87/2 18/16/2
f 41/18/3 20/654/3 6/15/3
f 28/22/3 100/155/3 102/37/3
f 281/20/3 283/88/3 55/21/3
f 28/22/3 102/37/3 281/20/3
f 24/23/1 32/23/1 78/24/1
f 15/23/1 24/23/1 76/24/1
f 6/15/4 5/17/4 47/25/4
f 4/26/1 22/26/1 89/27/1
f 22/26/1 30/26/1 91/27/1
f 59/28/4 25/1042/4 33/1042/4
f 59/28/4 33/1042/4 60/28/4
f 92/29/3 94/32/3 48/30/3
f 30/26/1 36/26/1 93/27/1
f 94/32/3 92/29/3 127/33/3
f 71/35/3 68/1359/3 101/36/3
f 48/30/3 94/32/3 97/38/3
f 179/21/4 180/18/4 41/18/4
f 41/18/3 40/19/3 52/40/3
f 39/41/6 154/41/6 149/42/6
f 45/43/3 80/689/3 83/44/3
f 21/46/7 144/46/7 140/46/7
f 51/42/6 96/1033/6 95/47/6
f 183/48/3 184/200/3 185/49/3
f 30/26/5 145/26/5 147/26/5
f 35/46/7 148/46/7 146/46/7
f 344/51/17 346/278/17 530/278/17
f 344/51/17 530/278/17 527/51/17
f 3/52/5 142/52/5 141/26/5
f 22/26/5 143/26/5 145/26/5
f 84/53/6 96/1033/6 51/42/6
f 2/46/7 140/46/7 139/5/7
f 29/46/7 146/46/7 144/46/7
f 50/39/3 158/39/3 153/30/3
f 42/55/3 68/1359/3 71/35/3
f 1463/57/4 1464/58/4 1425/58/4
f 36/59/3 147/59/3 158/39/3
f 53/21/3 52/40/3 8/60/3
f 505/61/4 61/61/4 34/62/4
f 4/26/5 141/26/5 143/26/5
f 1/63/6 139/63/6 154/41/6
f 2215/1399/3 111/1400/3 83/44/3
f 83/44/3 80/689/3 110/64/3
f 2216/65/3 2215/1399/3 83/44/3
f 10/7/1 64/8/1 62/66/1
f 104/68/2 63/9/2 65/11/2
f 64/8/1 67/8/1 100/70/1
f 63/9/2 66/9/2 27/71/2
f 97/38/3 94/32/3 121/34/3
f 77/12/2 79/12/2 31/73/2
f 72/24/1 76/24/1 108/74/1
f 76/24/1 78/24/1 109/74/1
f 113/75/2 75/12/2 73/14/2
f 75/12/2 77/12/2 23/73/2
f 15/23/1 72/24/1 74/77/1
f 40/19/4 47/25/4 49/79/4
f 239/80/4 238/81/4 233/81/4
f 90/4/2 92/4/2 35/46/2
f 91/27/1 93/27/1 120/82/1
f 89/27/1 91/27/1 119/83/1
f 88/4/2 90/4/2 29/46/2
f 85/4/2 88/4/2 21/46/2
f 86/27/1 89/27/1 118/83/1
f 4/26/1 86/27/1 84/84/1
f 124/85/2 85/4/2 87/6/2
f 100/70/1 28/1/1 17/1/1
f 99/69/2 18/16/2 20/87/2
f 283/88/3 281/20/3 280/89/3
f 64/8/1 98/70/1 103/91/1
f 104/68/2 105/68/2 66/9/2
f 108/74/1 25/7/1 10/7/1
f 114/75/2 115/75/2 79/12/2
f 113/75/2 114/75/2 77/12/2
f 72/24/1 106/74/1 112/92/1
f 126/85/2 127/85/2 92/4/2
f 125/85/2 126/85/2 90/4/2
f 124/85/2 125/85/2 88/4/2
f 86/27/1 116/83/1 123/93/1
f 243/94/4 241/95/4 128/95/4
f 984/96/3 130/187/3 170/97/3
f 132/99/3 166/205/3 133/100/3
f 20/87/2 26/87/2 105/68/2
f 17/1/1 19/3/1 103/91/1
f 276/102/4 274/1435/4 270/103/4
f 109/74/1 33/7/1 25/7/1
f 985/104/3 135/228/3 178/105/3
f 469/107/8 476/108/8 1574/108/8
f 23/73/2 125/85/2 124/85/2
f 15/23/1 13/78/1 123/93/1
f 298/109/3 297/110/3 2198/110/3
f 31/73/2 126/85/2 125/85/2
f 37/73/2 127/85/2 126/85/2
f 182/50/3 181/49/3 180/18/3
f 119/83/1 32/23/1 24/23/1
f 118/83/1 24/23/1 15/23/1
f 201/111/4 199/112/4 136/112/4
f 222/113/4 229/113/4 227/114/4
f 252/116/4 259/116/4 257/117/4
f 1391/119/9 1860/118/9 444/118/9
f 444/118/9 443/119/9 493/119/9
f 493/119/9 496/120/9 1846/120/9
f 986/121/3 138/189/3 174/122/3
f 146/124/10 152/125/10 151/125/10
f 144/124/10 151/125/10 150/125/10
f 148/124/10 153/125/10 152/125/10
f 151/125/10 156/126/10 155/126/10
f 152/125/10 157/126/10 156/126/10
f 155/126/10 149/590/10 154/127/10
f 242/128/4 247/128/4 246/129/4
f 158/126/10 147/26/10 145/26/10
f 156/126/10 143/26/10 141/26/10
f 199/112/3 201/111/3 200/130/3
f 228/132/3 226/207/3 227/115/3
f 244/133/4 251/133/4 249/134/4
f 258/135/3 256/206/3 257/117/3
f 513/136/12 516/277/12 348/277/12
f 513/136/12 348/277/12 347/136/12
f 61/61/11 505/61/11 511/137/11
f 515/139/12 520/138/12 404/138/12
f 404/138/12 412/138/12 411/139/12
f 987/140/3 161/186/3 168/137/3
f 988/142/3 163/188/3 172/143/3
f 499/145/9 495/146/9 1848/146/9
f 10/7/1 9/67/1 112/92/1
f 27/71/2 34/71/2 115/75/2
f 27/71/2 115/75/2 114/75/2
f 107/76/2 11/10/2 12/71/2
f 12/71/2 27/71/2 114/75/2
f 113/75/2 107/76/2 12/71/2
f 490/147/9 497/148/9 1400/148/9
f 989/149/3 165/192/3 176/150/3
f 1317/152/3 1316/197/3 1315/153/3
f 71/35/3 102/37/3 100/155/3
f 190/157/4 189/158/4 2206/158/4
f 188/159/3 187/202/3 189/158/3
f 136/112/3 196/203/3 197/160/3
f 65/1436/6 69/217/6 47/25/6
f 47/25/6 5/17/6 18/161/6
f 99/162/6 65/1436/6 47/25/6
f 212/163/4 217/163/4 216/164/4
f 214/165/4 221/165/4 219/166/4
f 222/113/3 223/115/3 224/167/3
f 128/95/3 238/81/3 239/80/3
f 244/133/3 245/134/3 246/129/3
f 250/169/4 255/169/4 254/170/4
f 252/116/3 253/117/3 254/170/3
f 261/171/4 268/171/4 266/172/4
f 510/175/4 167/175/4 1547/1037/4
f 510/175/4 1547/1037/4 1122/1038/4
f 434/1437/4 536/323/4 510/175/4
f 1569/248/4 1570/323/4 442/1437/4
f 442/1437/4 434/1437/4 510/175/4
f 510/175/4 1122/1038/4 1526/983/4
f 510/175/4 1526/983/4 1103/985/4
f 1569/248/4 442/1437/4 510/175/4
f 306/1213/4 1596/248/4 1569/248/4
f 1264/1193/4 1266/1213/4 306/1213/4
f 1244/1240/4 1630/1193/4 1264/1193/4
f 1289/934/4 1282/1240/4 1244/1240/4
f 1657/1248/4 1664/934/4 1289/934/4
f 1298/1183/4 1308/1248/4 1657/1248/4
f 1229/1277/4 1698/1183/4 1298/1183/4
f 1318/868/4 1323/1277/4 1229/1277/4
f 1725/1280/4 1732/868/4 1318/868/4
f 1347/174/4 1346/1280/4 1725/1280/4
f 1759/1297/4 1766/174/4 1347/174/4
f 1368/911/4 1358/1297/4 1759/1297/4
f 1059/1330/4 1800/911/4 1368/911/4
f 1384/1156/4 1378/1330/4 1059/1330/4
f 1196/856/4 1834/1156/4 1384/1156/4
f 1001/855/4 1006/856/4 1196/856/4
f 1177/1136/4 1398/855/4 1001/855/4
f 1433/1135/4 1177/1136/4 1001/855/4
f 1433/1135/4 1001/855/4 1196/856/4
f 1083/968/4 1433/1135/4 1196/856/4
f 1384/1156/83 1059/1330/83 1368/911/83
f 1083/968/4 1196/856/4 1384/1156/4
f 1450/967/4 1083/968/4 1384/1156/4
f 1368/911/4 1759/1297/4 1347/174/4
f 1450/967/4 1384/1156/4 1368/911/4
f 1160/1089/4 1450/967/4 1368/911/4
f 1347/174/84 1725/1280/84 1318/868/84
f 1160/1089/4 1368/911/4 1347/174/4
f 1471/1087/4 1160/1089/4 1347/174/4
f 1347/174/3 1318/868/3 1229/1277/3
f 1229/1277/85 1298/1183/85 1657/1248/85
f 1657/1248/86 1289/934/86 1244/1240/86
f 1244/1240/7 1264/1193/7 306/1213/7
f 306/1213/4 1569/248/4 510/175/4
f 510/175/4 1103/985/4 1509/1055/4
f 510/175/4 1509/1055/4 1139/1057/4
f 1244/1240/4 306/1213/4 510/175/4
f 1347/174/4 1229/1277/4 1657/1248/4
f 1657/1248/4 1244/1240/4 510/175/4
f 510/175/4 1139/1057/4 1488/904/4
f 1037/173/4 1471/1087/4 1347/174/4
f 510/175/4 1488/904/4 1037/173/4
f 1347/174/4 1657/1248/4 510/175/4
f 371/176/12 372/177/12 518/177/12
f 521/178/12 515/139/12 411/139/12
f 411/139/12 419/139/12 420/178/12
f 519/180/12 514/179/12 379/179/12
f 379/179/12 387/179/12 388/180/12
f 545/183/4 682/183/4 894/429/4
f 545/183/4 894/429/4 588/428/4
f 2139/814/4 540/814/4 545/183/4
f 705/269/4 2132/269/4 2139/814/4
f 2105/798/4 700/798/4 705/269/4
f 599/603/4 864/603/4 2105/798/4
f 2071/779/4 604/779/4 599/603/4
f 715/458/4 847/458/4 2071/779/4
f 2037/772/4 709/772/4 715/458/4
f 555/610/4 2030/610/4 2037/772/4
f 2003/758/4 565/758/4 555/610/4
f 722/384/4 819/384/4 2003/758/4
f 1969/745/4 731/745/4 722/384/4
f 613/626/4 1962/626/4 1969/745/4
f 1935/732/4 614/732/4 613/626/4
f 741/483/4 1928/483/4 1935/732/4
f 1901/708/4 737/708/4 741/483/4
f 319/652/4 772/652/4 1901/708/4
f 1867/703/4 324/703/4 319/652/4
f 444/118/4 1860/118/4 1867/703/4
f 511/137/4 522/118/4 436/264/4
f 436/264/4 444/118/4 1867/703/4
f 436/264/4 1867/703/4 319/652/4
f 168/137/4 511/137/4 436/264/4
f 990/141/4 168/137/4 436/264/4
f 436/264/4 319/652/4 1901/708/4
f 741/483/4 1935/732/4 613/626/4
f 436/264/4 1901/708/4 741/483/4
f 758/683/4 990/141/4 436/264/4
f 974/684/4 758/683/4 436/264/4
f 436/264/4 741/483/4 613/626/4
f 613/626/87 1969/745/87 722/384/87
f 2003/758/88 555/610/88 2037/772/88
f 613/626/4 722/384/4 2003/758/4
f 974/684/4 436/264/4 613/626/4
f 634/510/4 974/684/4 613/626/4
f 634/510/4 613/626/4 2003/758/4
f 958/511/4 634/510/4 2003/758/4
f 2037/772/84 715/458/84 2071/779/84
f 958/511/4 2003/758/4 2037/772/4
f 650/525/4 958/511/4 2037/772/4
f 2071/779/89 599/603/89 2105/798/89
f 650/525/4 2037/772/4 2071/779/4
f 942/526/4 650/525/4 2071/779/4
f 2105/798/90 705/269/90 2139/814/90
f 942/526/4 2071/779/4 2105/798/4
f 572/182/4 942/526/4 2105/798/4
f 2105/798/4 2139/814/4 545/183/4
f 545/183/4 588/428/4 910/557/4
f 545/183/4 910/557/4 666/556/4
f 572/182/4 2105/798/4 545/183/4
f 545/183/4 666/556/4 926/181/4
f 476/108/3 469/107/3 468/184/3
f 991/98/3 170/97/3 161/186/3
f 992/144/3 172/143/3 130/187/3
f 993/123/3 174/122/3 163/188/3
f 994/151/3 176/150/3 138/189/3
f 489/190/8 486/191/8 1584/191/8
f 995/106/3 178/105/3 165/192/3
f 1537/193/3 1538/1045/3 1539/194/3
f 1281/196/3 1313/1207/3 1297/197/3
f 213/198/4 211/199/4 206/199/4
f 153/125/10 158/126/10 157/126/10
f 183/48/4 2203/48/4 2204/200/4
f 182/50/4 186/50/4 185/201/4
f 188/159/4 194/159/4 192/202/4
f 197/160/4 196/203/4 191/203/4
f 193/160/3 191/203/3 192/202/3
f 206/199/3 209/205/3 208/99/3
f 200/130/4 205/130/4 204/204/4
f 202/101/3 203/100/3 204/131/3
f 131/101/4 133/100/4 203/100/4
f 132/99/4 208/99/4 209/205/4
f 261/171/3 262/172/3 263/206/3
f 214/165/3 215/166/3 216/164/3
f 211/199/3 213/198/3 212/163/3
f 220/168/4 225/168/4 224/167/4
f 218/167/3 219/166/3 221/165/3
f 232/132/4 231/207/4 226/207/4
f 236/208/4 234/209/4 159/209/4
f 159/209/3 231/207/3 232/132/3
f 235/80/3 233/81/3 234/209/3
f 241/95/3 243/94/3 242/128/3
f 249/134/3 251/133/3 250/169/3
f 260/135/4 263/206/4 256/206/4
f 282/90/13 43/18/13 180/18/13
f 180/18/13 181/49/13 185/49/13
f 185/49/13 184/200/13 2204/200/13
f 2204/200/13 2206/158/13 189/158/13
f 189/158/13 187/202/13 192/202/13
f 192/202/13 191/203/13 196/203/13
f 196/203/13 136/112/13 199/112/13
f 199/112/13 198/131/13 204/131/13
f 204/131/13 203/100/13 133/100/13
f 133/100/13 166/205/13 209/205/13
f 209/205/13 206/199/13 211/199/13
f 211/199/13 210/164/13 216/164/13
f 216/164/13 215/166/13 219/166/13
f 219/166/13 218/167/13 224/167/13
f 224/167/13 223/115/13 227/115/13
f 227/115/13 226/207/13 231/207/13
f 231/207/13 159/209/13 234/209/13
f 234/209/13 233/81/13 238/81/13
f 238/81/13 128/95/13 241/95/13
f 241/95/13 240/129/13 246/129/13
f 246/129/13 245/134/13 249/134/13
f 249/134/13 248/170/13 254/170/13
f 254/170/13 253/117/13 257/117/13
f 257/117/13 256/206/13 263/206/13
f 263/206/13 262/172/13 266/172/13
f 266/172/13 265/213/13 271/213/13
f 271/213/13 270/103/13 274/103/13
f 274/103/13 273/215/13 278/215/13
f 278/215/13 264/216/13 285/216/13
f 285/216/13 284/90/13 282/90/13
f 282/90/91 180/18/91 185/49/91
f 185/49/92 2204/200/92 189/158/92
f 189/158/93 192/202/93 196/203/93
f 196/203/94 199/112/94 204/131/94
f 133/100/94 209/205/94 211/199/94
f 196/203/95 204/131/95 133/100/95
f 185/49/13 189/158/13 196/203/13
f 285/216/13 282/90/13 185/49/13
f 274/103/96 278/215/96 285/216/96
f 266/172/97 271/213/97 274/103/97
f 257/117/98 263/206/98 266/172/98
f 249/134/99 254/170/99 257/117/99
f 246/129/10 249/134/10 257/117/10
f 257/117/100 266/172/100 274/103/100
f 274/103/96 285/216/96 185/49/96
f 185/49/101 196/203/101 133/100/101
f 133/100/102 211/199/102 216/164/102
f 219/166/103 224/167/103 227/115/103
f 133/100/104 216/164/104 219/166/104
f 257/117/13 274/103/13 185/49/13
f 246/129/105 257/117/105 185/49/105
f 185/49/96 133/100/96 219/166/96
f 227/115/106 231/207/106 234/209/106
f 185/49/107 219/166/107 227/115/107
f 241/95/108 246/129/108 185/49/108
f 234/209/5 238/81/5 241/95/5
f 185/49/13 227/115/13 234/209/13
f 284/90/3 285/216/3 287/210/3
f 101/36/3 280/89/3 281/20/3
f 270/103/3 271/213/3 272/211/3
f 179/21/58 55/21/58 283/88/58
f 283/88/58 286/88/58 287/210/58
f 287/210/58 277/210/58 279/214/58
f 279/214/58 275/214/58 276/102/58
f 276/102/58 269/102/58 272/211/58
f 272/211/58 267/211/58 268/1438/58
f 268/1438/58 261/171/58 260/135/58
f 260/135/58 258/135/58 259/116/58
f 259/116/58 252/116/58 255/169/58
f 255/169/58 250/169/58 251/133/58
f 251/133/58 244/133/58 247/128/58
f 247/128/58 242/128/58 243/94/58
f 243/94/58 237/94/58 239/80/58
f 239/80/58 235/80/58 236/208/58
f 236/208/58 230/208/58 232/132/58
f 232/132/58 228/132/58 229/113/58
f 229/113/58 222/113/58 225/168/58
f 225/168/58 220/168/58 221/212/58
f 221/212/58 214/165/58 217/163/58
f 217/163/58 212/163/58 213/198/58
f 213/198/58 207/198/58 208/99/58
f 208/99/58 132/99/58 131/1439/58
f 131/1439/58 202/101/58 205/130/58
f 205/130/58 200/130/58 201/111/58
f 201/111/58 195/111/58 197/160/58
f 197/160/58 193/160/58 194/159/58
f 194/159/58 188/159/58 190/157/58
f 190/157/58 2205/157/58 2203/48/58
f 2203/48/58 183/48/58 186/50/58
f 186/50/58 182/50/58 179/21/58
f 287/210/109 279/214/109 276/102/109
f 276/102/110 272/211/110 268/1438/110
f 276/102/111 268/1438/111 260/135/111
f 283/88/58 287/210/58 276/102/58
f 186/50/112 179/21/112 283/88/112
f 190/157/113 2203/48/113 186/50/113
f 197/160/114 194/159/114 190/157/114
f 131/1439/115 205/130/115 201/111/115
f 201/111/116 197/160/116 190/157/116
f 190/157/117 186/50/117 283/88/117
f 283/88/14 276/102/14 260/135/14
f 259/116/118 255/169/118 251/133/118
f 283/88/119 260/135/119 259/116/119
f 201/111/120 190/157/120 283/88/120
f 213/198/121 208/99/121 131/1439/121
f 131/1439/122 201/111/122 283/88/122
f 283/88/123 259/116/123 251/133/123
f 247/128/10 243/94/10 239/80/10
f 283/88/124 251/133/124 247/128/124
f 213/198/125 131/1439/125 283/88/125
f 217/163/122 213/198/122 283/88/122
f 283/88/14 247/128/14 239/80/14
f 239/80/17 236/208/17 232/132/17
f 229/113/126 225/168/126 221/212/126
f 283/88/127 239/80/127 232/132/127
f 232/132/128 229/113/128 221/212/128
f 221/212/125 217/163/125 283/88/125
f 267/211/4 272/211/4 271/213/4
f 279/214/4 278/215/4 273/215/4
f 276/102/3 275/214/3 273/215/3
f 287/210/4 285/216/4 264/216/4
f 264/216/3 278/215/3 279/214/3
f 267/211/3 265/213/3 266/172/3
f 49/79/6 47/25/6 69/217/6
f 282/90/4 284/90/4 286/88/4
f 121/34/3 297/110/3 298/109/3
f 81/222/6 82/231/6 70/218/6
f 475/223/8 464/224/8 1564/224/8
f 997/225/3 292/229/3 294/226/3
f 998/227/3 294/226/3 135/228/3
f 999/219/3 296/221/3 292/229/3
f 124/85/2 117/86/2 16/13/2
f 120/82/1 38/23/1 32/23/1
f 46/194/13 1539/194/13 1538/1045/13
f 1502/1045/13 1519/972/13 1499/972/13
f 46/194/96 1538/1045/96 1502/1045/96
f 46/194/13 1502/1045/13 1499/972/13
f 1499/972/13 1500/827/13 1462/827/13
f 1462/827/13 1463/57/13 1443/57/13
f 1443/57/13 1460/1043/13 1422/1043/13
f 1422/1043/13 1423/1141/13 1388/1141/13
f 1388/1141/13 1389/924/13 1353/924/13
f 1353/924/13 1369/859/13 1350/859/13
f 1350/859/13 1351/153/13 1315/153/13
f 1315/153/13 1316/197/13 1297/197/13
f 1297/197/13 1313/1207/13 1277/1207/13
f 1277/1207/13 1278/1262/13 1259/1262/13
f 1259/1262/13 1260/1333/13 1224/1333/13
f 1224/1333/13 1225/1346/13 1191/1346/13
f 1191/1346/13 1207/1338/13 1170/1338/13
f 1170/1338/13 1187/1340/13 1151/1340/13
f 1151/1340/13 1152/1313/13 1114/1313/13
f 1114/1313/13 1115/1243/13 1095/1243/13
f 1095/1243/13 1096/1378/13 2168/1378/13
f 2168/1378/13 2167/1375/13 2170/1375/13
f 2170/1375/13 2171/1383/13 2176/1383/13
f 2176/1383/13 2174/1379/13 2178/1379/13
f 2178/1379/13 2179/1381/13 2184/1381/13
f 2184/1381/13 2182/1386/13 2186/1386/13
f 2186/1386/13 2187/1390/13 2192/1390/13
f 2192/1390/13 2191/1388/13 2194/1388/13
f 46/194/13 1499/972/13 1462/827/13
f 1443/57/6 1422/1043/6 1388/1141/6
f 46/194/13 1462/827/13 1443/57/13
f 46/194/13 1443/57/13 1388/1141/13
f 1388/1141/129 1353/924/129 1350/859/129
f 1350/859/130 1315/153/130 1297/197/130
f 1297/197/4 1277/1207/4 1259/1262/4
f 1297/197/131 1259/1262/131 1224/1333/131
f 1388/1141/3 1350/859/3 1297/197/3
f 2184/1381/3 2186/1386/3 2192/1390/3
f 2176/1383/132 2178/1379/132 2184/1381/132
f 2168/1378/7 2170/1375/7 2176/1383/7
f 1114/1313/3 1095/1243/3 2168/1378/3
f 1191/1346/5 1170/1338/5 1151/1340/5
f 1114/1313/3 2168/1378/3 2176/1383/3
f 1191/1346/133 1151/1340/133 1114/1313/133
f 1297/197/134 1224/1333/134 1191/1346/134
f 46/194/13 1388/1141/13 1297/197/13
f 46/194/13 1297/197/13 1191/1346/13
f 1191/1346/7 1114/1313/7 2176/1383/7
f 2184/1381/135 2192/1390/135 2194/1388/135
f 46/194/13 1191/1346/13 2176/1383/13
f 46/194/13 2176/1383/13 2184/1381/13
f 46/194/13 2184/1381/13 2194/1388/13
f 46/194/136 2194/1388/136 2195/230/136
f 2200/230/3 299/230/3 46/194/3
f 95/47/6 96/1033/6 82/231/6
f 1573/232/15 1557/233/15 1590/233/15
f 1571/234/15 1563/235/15 1593/235/15
f 1587/236/15 1583/237/15 1603/237/15
f 1585/238/15 1559/239/15 1591/239/15
f 97/38/3 122/72/3 120/240/3
f 1567/242/15 1577/243/15 1600/243/15
f 1557/233/15 1571/234/15 1597/234/15
f 1579/244/15 1567/242/15 1595/242/15
f 1583/237/15 1585/238/15 1604/238/15
f 1581/245/15 1587/236/15 1605/236/15
f 1565/246/15 1573/232/15 1598/232/15
f 1577/243/15 1561/247/15 1592/247/15
f 1559/239/15 1579/244/15 1601/244/15
f 1563/235/15 1569/248/15 1596/248/15
f 510/175/16 507/28/16 60/28/16
f 87/249/6 1/63/6 39/41/6
f 1561/247/15 1575/250/15 1599/250/15
f 1575/250/15 1565/246/15 1594/246/15
f 500/251/9 491/252/9 1859/252/9
f 474/253/8 478/254/8 1578/254/8
f 476/108/8 449/255/8 1558/255/8
f 494/256/9 498/257/9 1844/257/9
f 492/258/9 499/145/9 1403/145/9
f 454/259/8 479/260/8 1580/260/8
f 477/261/8 469/107/8 1566/107/8
f 478/254/8 459/262/8 1562/262/8
f 522/118/12 512/263/12 427/263/12
f 427/263/12 435/263/12 436/264/12
f 517/265/12 513/136/12 355/136/12
f 517/265/12 355/136/12 356/265/12
f 495/146/9 500/251/9 1399/251/9
f 525/267/17 360/267/17 362/268/17
f 705/269/18 692/270/18 886/270/18
f 479/260/8 474/253/8 1568/253/8
f 335/271/3 338/278/3 337/272/3
f 333/274/3 340/277/3 339/275/3
f 354/268/17 353/51/17 527/51/17
f 354/268/17 527/51/17 531/268/17
f 516/277/12 506/275/12 339/275/12
f 516/277/12 339/275/12 340/277/12
f 338/278/17 335/271/17 523/271/17
f 338/278/17 523/271/17 530/278/17
f 342/279/3 347/136/3 348/277/3
f 301/271/4 335/271/4 336/273/4
f 346/278/3 344/51/3 343/280/3
f 352/281/3 356/265/3 355/136/3
f 337/272/4 338/278/4 346/278/4
f 353/51/3 354/268/3 350/282/3
f 340/277/4 333/274/4 341/274/4
f 358/283/3 363/176/3 364/265/3
f 347/136/4 342/279/4 351/279/4
f 362/268/3 360/267/3 359/284/3
f 343/280/4 344/51/4 353/51/4
f 508/286/12 519/180/12 388/180/12
f 388/180/12 396/180/12 395/285/12
f 368/287/3 372/177/3 371/176/3
f 350/282/4 354/268/4 362/268/4
f 369/267/3 370/292/3 366/288/3
f 356/265/4 352/281/4 357/281/4
f 2123/289/19 703/290/19 873/290/19
f 374/291/3 379/179/3 380/177/3
f 369/267/4 365/284/4 359/284/4
f 369/267/4 359/284/4 360/267/4
f 378/292/3 376/296/3 375/293/3
f 363/176/4 358/283/4 367/283/4
f 363/176/4 367/283/4 371/294/4
f 514/179/12 518/177/12 372/177/12
f 372/177/12 380/177/12 379/179/12
f 384/295/3 388/180/3 387/179/3
f 372/177/4 368/287/4 373/287/4
f 385/296/3 386/299/3 382/297/3
f 366/288/4 370/292/4 378/292/4
f 390/298/3 395/286/3 396/180/3
f 375/293/4 376/296/4 385/296/4
f 394/299/3 392/304/3 391/300/3
f 379/179/4 374/291/4 383/291/4
f 697/301/18 2121/302/18 875/302/18
f 400/303/3 404/138/3 403/286/3
f 388/180/4 384/295/4 389/295/4
f 401/304/3 402/307/3 398/305/3
f 382/297/4 386/299/4 394/299/4
f 520/138/12 508/286/12 395/286/12
f 395/286/12 403/286/12 404/138/12
f 406/306/3 411/139/3 412/138/3
f 391/300/4 392/304/4 401/304/4
f 410/307/3 408/310/3 407/308/3
f 395/286/4 390/298/4 399/298/4
f 416/309/3 420/178/3 419/139/3
f 398/305/4 402/307/4 410/307/4
f 417/310/3 418/313/3 414/311/3
f 404/138/4 400/303/4 405/303/4
f 422/312/3 427/263/3 428/178/3
f 411/139/4 406/306/4 415/306/4
f 426/313/3 424/316/3 423/314/3
f 407/308/4 408/310/4 417/310/4
f 512/263/12 521/178/12 420/178/12
f 420/178/12 428/178/12 427/263/12
f 432/315/3 436/118/3 435/263/3
f 420/178/4 416/309/4 421/309/4
f 433/316/3 434/323/3 430/317/3
f 414/311/4 418/313/4 426/313/4
f 477/261/3 459/262/3 458/319/3
f 438/321/3 443/119/3 444/118/3
f 423/314/4 424/316/4 433/316/4
f 442/323/3 440/224/3 439/324/3
f 427/263/4 422/312/4 431/312/4
f 1570/323/8 1564/224/8 464/224/8
f 464/224/8 440/224/8 442/323/8
f 479/260/3 454/259/3 453/325/3
f 430/317/4 434/323/4 442/323/4
f 475/223/3 449/255/3 445/327/3
f 436/118/4 432/315/4 437/315/4
f 478/254/3 474/253/3 473/329/3
f 464/224/3 475/223/3 462/328/3
f 449/255/3 476/108/3 446/185/3
f 469/107/3 477/261/3 467/320/3
f 459/262/3 478/254/3 457/330/3
f 474/253/3 479/260/3 472/326/3
f 489/190/3 480/353/3 481/331/3
f 487/333/3 486/191/3 485/334/3
f 454/259/3 487/333/3 452/335/3
f 486/191/3 489/190/3 484/332/3
f 482/336/3 504/343/3 502/337/3
f 450/339/3 503/341/3 491/252/3
f 483/338/3 502/337/3 503/341/3
f 488/342/3 501/1364/3 504/343/3
f 470/344/3 500/251/3 495/146/3
f 455/346/3 499/145/3 492/258/3
f 465/348/3 498/257/3 494/256/3
f 448/350/3 497/148/3 490/147/3
f 460/352/3 496/120/3 493/119/3
f 471/345/3 495/146/3 499/145/3
f 466/349/3 494/256/3 497/148/3
f 456/347/3 492/258/3 498/257/3
f 451/340/3 491/252/3 500/251/3
f 447/351/3 490/147/3 496/120/3
f 502/337/9 504/343/9 1397/343/9
f 487/333/8 454/259/8 1560/259/8
f 497/148/9 494/256/9 1850/256/9
f 486/191/8 487/333/8 1586/333/8
f 491/252/9 503/341/9 1855/341/9
f 480/353/8 489/190/8 1588/190/8
f 503/341/9 502/337/9 1857/337/9
f 449/255/8 475/223/8 1572/223/8
f 459/262/8 477/261/8 1576/261/8
f 332/355/3 330/640/3 1877/356/3
f 496/120/9 490/147/9 1394/147/9
f 498/257/9 492/258/9 1393/258/9
f 443/119/4 438/321/4 461/321/4
f 439/324/4 440/224/4 464/224/4
f 513/136/3 517/265/3 509/176/3
f 513/136/3 509/176/3 518/177/3
f 505/61/3 506/275/3 516/277/3
f 513/136/3 518/177/3 514/179/3
f 505/61/3 516/277/3 513/136/3
f 522/118/3 511/137/3 505/61/3
f 512/263/3 522/118/3 505/61/3
f 505/61/3 513/136/3 514/179/3
f 519/180/3 508/286/3 520/138/3
f 505/61/3 514/179/3 519/180/3
f 521/178/3 512/263/3 505/61/3
f 519/180/6 520/138/6 515/139/6
f 515/139/3 521/178/3 505/61/3
f 523/271/3 507/28/3 510/175/3
f 510/175/3 536/323/3 526/316/3
f 510/175/3 526/316/3 535/313/3
f 530/278/3 523/271/3 510/175/3
f 525/267/3 531/268/3 527/51/3
f 527/51/3 530/278/3 510/175/3
f 510/175/3 535/313/3 529/310/3
f 534/307/3 524/304/3 533/299/3
f 510/175/3 529/310/3 534/307/3
f 525/267/3 527/51/3 510/175/3
f 532/292/3 525/267/3 510/175/3
f 510/175/3 534/307/3 533/299/3
f 528/296/3 532/292/3 510/175/3
f 301/271/10 59/28/10 507/28/10
f 301/271/10 507/28/10 523/271/10
f 532/292/17 528/296/17 376/296/17
f 376/296/17 378/292/17 370/292/17
f 2117/359/19 701/360/19 876/360/19
f 536/323/17 434/323/17 433/316/17
f 424/316/17 526/316/17 536/323/17
f 370/292/17 369/267/17 525/267/17
f 535/313/17 526/316/17 424/316/17
f 424/316/17 426/313/17 418/313/17
f 364/265/12 363/176/12 509/176/12
f 524/304/17 534/307/17 402/307/17
f 402/307/17 401/304/17 392/304/17
f 528/296/17 533/299/17 386/299/17
f 386/299/17 385/296/17 376/296/17
f 533/299/17 524/304/17 392/304/17
f 392/304/17 394/299/17 386/299/17
f 534/307/17 529/310/17 408/310/17
f 408/310/17 410/307/17 402/307/17
f 529/310/17 535/313/17 418/313/17
f 418/313/17 417/310/17 408/310/17
f 2164/361/3 2165/587/3 2161/362/3
f 2129/364/18 2127/365/18 883/365/18
f 694/366/18 2123/289/18 882/289/18
f 2115/367/18 698/368/18 879/368/18
f 2121/302/18 694/366/18 887/366/18
f 703/290/18 2129/364/18 884/364/18
f 2127/365/18 2131/369/18 878/369/18
f 692/270/19 2115/367/19 874/367/19
f 698/368/18 2117/359/18 880/359/18
f 701/360/18 2119/370/18 885/370/18
f 2119/370/19 697/301/19 881/301/19
f 1993/371/20 1991/372/20 821/372/20
f 724/373/20 1979/374/20 820/374/20
f 725/375/20 1993/371/20 817/371/20
f 1991/372/20 1995/376/20 823/376/20
f 1985/377/20 726/378/20 814/378/20
f 1979/374/20 735/379/20 818/379/20
f 726/378/20 1987/380/20 825/380/20
f 1981/381/20 736/382/20 816/382/20
f 723/383/20 1985/377/20 813/377/20
f 1987/380/20 725/375/20 826/375/20
f 722/384/20 724/373/20 822/373/20
f 1983/385/20 723/383/20 815/383/20
f 2022/386/3 2023/760/3 2029/387/3
f 736/382/20 1983/385/20 827/385/20
f 935/389/3 581/397/3 579/390/3
f 934/392/3 580/395/3 567/393/3
f 933/391/3 579/390/3 580/395/3
f 932/396/3 578/819/3 581/397/3
f 931/398/3 577/416/3 571/399/3
f 930/401/3 576/413/3 568/402/3
f 929/404/3 575/415/3 570/405/3
f 928/407/3 574/414/3 566/408/3
f 927/410/3 573/417/3 569/411/3
f 925/400/3 571/399/3 576/413/3
f 924/406/3 570/405/3 574/414/3
f 923/412/3 569/411/3 572/182/3
f 922/403/3 568/402/3 575/415/3
f 921/394/3 567/393/3 577/416/3
f 920/409/3 566/408/3 573/417/3
f 888/418/3 582/437/3 589/419/3
f 889/421/3 583/447/3 593/422/3
f 890/424/3 584/439/3 591/425/3
f 891/427/3 585/436/3 588/428/3
f 892/430/3 586/438/3 590/431/3
f 893/433/3 587/440/3 592/434/3
f 895/420/3 589/419/3 585/436/3
f 896/432/3 590/431/3 582/437/3
f 897/426/3 591/425/3 586/438/3
f 898/435/3 592/434/3 584/439/3
f 899/423/3 593/422/3 587/440/3
f 900/441/3 594/817/3 597/442/3
f 901/444/3 595/448/3 596/445/3
f 902/446/3 596/445/3 583/447/3
f 903/443/3 597/442/3 595/448/3
f 2053/449/21 719/450/21 845/450/21
f 2047/451/21 717/452/21 856/452/21
f 719/450/22 2055/453/22 846/453/22
f 2049/454/21 714/455/21 854/455/21
f 707/456/21 2053/449/21 853/449/21
f 2055/453/21 713/457/21 849/457/21
f 715/458/22 708/459/22 851/459/22
f 2051/460/21 707/456/21 844/456/21
f 714/455/21 2051/460/21 843/460/21
f 602/461/3 607/598/3 2081/462/3
f 717/452/21 2049/454/21 850/454/21
f 2061/464/22 2059/465/22 855/465/22
f 708/459/21 2047/451/21 852/451/21
f 713/457/21 2061/464/21 857/464/21
f 740/466/23 1919/467/23 784/467/23
f 1911/468/23 742/469/23 788/469/23
f 1917/470/23 740/466/23 796/466/23
f 1923/471/23 1927/472/23 787/472/23
f 744/473/23 1925/474/23 791/474/23
f 747/475/23 1911/468/23 794/468/23
f 1925/474/23 1923/471/23 792/471/23
f 742/469/23 1913/476/23 785/476/23
f 1954/477/3 1955/719/3 1961/478/3
f 738/480/23 1915/481/23 793/481/23
f 1915/481/23 749/482/23 797/482/23
f 741/483/23 747/475/23 789/475/23
f 1919/467/23 744/473/23 786/473/23
f 749/482/23 1917/470/23 795/470/23
f 967/484/3 643/492/3 641/485/3
f 966/487/3 642/490/3 629/488/3
f 965/486/3 641/485/3 642/490/3
f 964/491/3 640/821/3 643/492/3
f 963/493/3 639/513/3 633/494/3
f 962/496/3 638/508/3 630/497/3
f 961/499/3 637/512/3 632/500/3
f 960/502/3 636/509/3 628/503/3
f 959/505/3 635/514/3 631/506/3
f 957/495/3 633/494/3 638/508/3
f 956/501/3 632/500/3 636/509/3
f 955/507/3 631/506/3 634/510/3
f 954/498/3 630/497/3 637/512/3
f 953/489/3 629/488/3 639/513/3
f 952/504/3 628/503/3 635/514/3
f 936/515/3 644/534/3 651/516/3
f 937/518/3 645/544/3 655/519/3
f 938/521/3 646/536/3 653/522/3
f 939/524/3 647/533/3 650/525/3
f 940/527/3 648/535/3 652/528/3
f 941/530/3 649/537/3 654/531/3
f 943/517/3 651/516/3 647/533/3
f 944/529/3 652/528/3 644/534/3
f 945/523/3 653/522/3 648/535/3
f 946/532/3 654/531/3 646/536/3
f 947/520/3 655/519/3 649/537/3
f 948/538/3 656/820/3 659/539/3
f 949/541/3 657/545/3 658/542/3
f 950/543/3 658/542/3 645/544/3
f 951/540/3 659/539/3 657/545/3
f 904/546/3 660/565/3 667/547/3
f 905/549/3 661/575/3 671/550/3
f 906/552/3 662/567/3 669/553/3
f 907/555/3 663/564/3 666/556/3
f 908/558/3 664/566/3 668/559/3
f 909/561/3 665/568/3 670/562/3
f 911/548/3 667/547/3 663/564/3
f 912/560/3 668/559/3 660/565/3
f 913/554/3 669/553/3 664/566/3
f 914/563/3 670/562/3 662/567/3
f 915/551/3 671/550/3 665/568/3
f 916/569/3 672/818/3 675/570/3
f 917/572/3 673/576/3 674/573/3
f 918/574/3 674/573/3 661/575/3
f 919/571/3 675/570/3 673/576/3
f 679/577/24 539/577/24 2149/578/24
f 676/579/25 546/579/25 2151/580/25
f 680/581/25 317/581/25 2153/582/25
f 685/582/24 2153/582/24 548/583/24
f 682/183/25 545/183/25 539/577/25
f 687/584/25 2157/584/25 537/585/25
f 678/583/25 548/583/25 2155/586/25
f 684/580/25 2151/580/25 317/581/25
f 691/587/24 2165/587/24 2159/588/24
f 690/589/25 2163/589/25 2161/362/25
f 141/26/10 142/52/10 149/590/10
f 681/591/25 542/591/25 2157/584/25
f 683/578/25 2149/578/25 546/579/25
f 686/586/25 2155/586/25 542/591/25
f 677/585/25 537/585/25 2163/589/25
f 598/592/26 2095/593/26 872/593/26
f 2093/594/26 2097/595/26 860/595/26
f 2087/596/26 605/597/26 871/597/26
f 2081/462/26 607/598/26 867/598/26
f 605/597/26 2089/599/26 869/599/26
f 2083/600/26 610/601/26 861/601/26
f 608/602/26 2087/596/26 870/596/26
f 2089/599/26 598/592/26 862/592/26
f 599/603/26 600/604/26 859/604/26
f 2085/605/26 608/602/26 868/602/26
f 610/601/26 2085/605/26 863/605/26
f 2124/606/3 2125/1373/3 2131/369/3
f 607/598/26 2083/600/26 865/600/26
f 2095/593/26 2093/594/26 866/594/26
f 2017/608/27 563/609/27 831/609/27
f 555/610/27 562/611/27 836/611/27
f 2021/612/27 553/613/27 838/613/27
f 563/609/27 2019/614/27 834/614/27
f 2015/615/27 557/616/27 832/616/27
f 551/617/27 2021/612/27 839/612/27
f 2013/618/27 559/619/27 842/619/27
f 2019/614/27 551/617/27 829/617/27
f 2025/620/27 2029/387/27 840/387/27
f 553/613/27 2027/621/27 833/621/27
f 562/611/27 2013/618/27 830/618/27
f 2027/621/27 2025/620/27 835/620/27
f 559/619/27 2015/615/27 837/615/27
f 718/622/3 717/452/3 2047/451/3
f 624/624/28 1953/625/28 803/625/28
f 613/626/28 617/627/28 798/627/28
f 1953/625/28 625/628/28 800/628/28
f 1957/629/28 1961/478/28 810/478/28
f 1947/630/28 619/631/28 799/631/28
f 1945/632/28 621/633/28 801/633/28
f 625/628/28 1959/634/28 805/634/28
f 1951/635/28 624/624/28 806/624/28
f 617/627/28 1945/632/28 807/632/28
f 1959/634/28 1957/629/28 812/629/28
f 621/633/28 1947/630/28 804/630/28
f 729/636/3 735/379/3 1979/374/3
f 619/631/28 1949/638/28 809/638/28
f 620/639/28 1951/635/28 802/635/28
f 330/640/29 1879/641/29 774/641/29
f 1891/642/29 1889/643/29 768/643/29
f 320/644/29 1877/356/29 775/356/29
f 328/645/29 1891/642/29 778/642/29
f 1889/643/29 1893/646/29 769/646/29
f 1883/647/29 329/648/29 771/648/29
f 1877/356/29 330/640/29 773/640/29
f 329/648/29 1885/649/29 780/649/29
f 1879/641/29 318/650/29 777/650/29
f 326/651/29 1883/647/29 779/647/29
f 1885/649/29 328/645/29 781/645/29
f 319/652/30 320/644/30 782/644/30
f 1881/653/29 326/651/29 770/651/29
f 318/650/29 1881/653/29 776/653/29
f 20/654/4 41/18/4 180/18/4
f 180/18/4 43/18/4 26/654/4
f 31/655/4 45/43/4 1539/43/4
f 1539/43/4 46/194/4 37/655/4
f 48/30/3 153/30/3 148/31/3
f 150/125/10 154/127/10 139/656/10
f 983/657/3 767/665/3 765/658/3
f 982/660/3 766/663/3 753/661/3
f 981/659/3 765/658/3 766/663/3
f 980/664/3 764/688/3 767/665/3
f 979/666/3 763/686/3 757/667/3
f 978/669/3 762/681/3 754/670/3
f 977/672/3 761/685/3 756/673/3
f 976/675/3 760/682/3 752/676/3
f 975/678/3 759/687/3 755/679/3
f 973/668/3 757/667/3 762/681/3
f 972/674/3 756/673/3 760/682/3
f 971/680/3 755/679/3 758/683/3
f 970/671/3 754/670/3 761/685/3
f 969/662/3 753/661/3 763/686/3
f 968/677/3 752/676/3 759/687/3
f 45/43/3 31/655/3 79/1440/3
f 79/1440/3 115/1441/3 34/62/3
f 34/62/3 61/61/3 168/137/3
f 161/186/3 170/97/3 130/187/3
f 34/62/3 168/137/3 161/186/3
f 45/43/3 79/1440/3 34/62/3
f 80/689/3 45/43/3 34/62/3
f 34/62/3 161/186/3 130/187/3
f 34/62/3 130/187/3 172/143/3
f 688/588/3 288/342/3 110/64/3
f 900/441/3 688/588/3 110/64/3
f 34/62/3 172/143/3 163/188/3
f 163/188/3 174/122/3 138/189/3
f 163/188/3 138/189/3 176/150/3
f 900/441/3 110/64/3 80/689/3
f 594/817/3 900/441/3 80/689/3
f 34/62/3 163/188/3 176/150/3
f 34/62/3 176/150/3 165/192/3
f 916/569/3 594/817/3 80/689/3
f 672/818/3 916/569/3 80/689/3
f 34/62/3 165/192/3 178/105/3
f 135/228/3 294/226/3 292/229/3
f 34/62/3 178/105/3 135/228/3
f 932/396/3 672/818/3 80/689/3
f 578/819/3 932/396/3 80/689/3
f 34/62/3 135/228/3 292/229/3
f 34/62/3 292/229/3 296/221/3
f 948/538/3 578/819/3 80/689/3
f 656/820/3 948/538/3 80/689/3
f 34/62/3 296/221/3 996/220/3
f 80/689/3 34/62/3 996/220/3
f 964/491/3 656/820/3 80/689/3
f 640/821/3 964/491/3 80/689/3
f 80/689/3 996/220/3 764/688/3
f 980/664/3 640/821/3 80/689/3
f 1866/690/31 1872/691/31 1884/691/31
f 1868/357/31 1863/355/31 332/355/31
f 1871/692/31 1866/690/31 323/690/31
f 1874/693/31 1876/694/31 1892/694/31
f 1862/695/31 1875/696/31 1890/696/31
f 1864/697/31 1868/357/31 331/357/31
f 1875/696/31 1874/693/31 1888/693/31
f 1863/355/31 1869/698/31 1878/698/31
f 773/640/3 1897/713/3 1902/699/3
f 1865/700/31 1870/701/31 1880/701/31
f 1870/701/31 1861/702/31 321/702/31
f 1867/703/31 1864/697/31 327/697/31
f 1872/691/31 1862/695/31 322/695/31
f 1861/702/31 1871/692/31 1882/692/31
f 1895/704/32 1905/705/32 1916/705/32
f 1906/706/32 1896/707/32 751/707/32
f 1901/708/32 1898/709/32 745/709/32
f 1904/710/32 1895/704/32 750/704/32
f 1899/711/32 1904/710/32 1914/710/32
f 788/469/3 1931/721/3 1936/712/3
f 1897/713/32 1903/714/32 1912/714/32
f 1909/715/32 1908/716/32 1922/716/32
f 1898/709/32 1902/699/32 746/699/32
f 1896/707/32 1909/715/32 1924/715/32
f 1908/716/32 1910/717/32 1926/717/32
f 1905/705/32 1900/718/32 743/718/32
f 1902/699/32 1897/713/32 739/713/32
f 1900/718/32 1906/706/32 1918/706/32
f 811/719/3 1975/1368/3 1978/720/3
f 1931/721/33 1937/722/33 1946/722/33
f 1943/723/33 1942/724/33 1956/724/33
f 1932/725/33 1936/712/33 623/712/33
f 1930/726/33 1943/723/33 1958/723/33
f 1942/724/33 1944/479/33 1960/479/33
f 1939/727/33 1934/728/33 616/728/33
f 1936/712/33 1931/721/33 615/721/33
f 1934/728/33 1940/729/33 1952/729/33
f 1937/722/33 1933/730/33 622/730/33
f 1929/731/33 1939/727/33 1950/727/33
f 1940/729/33 1930/726/33 626/726/33
f 1935/732/33 1932/725/33 627/725/33
f 1938/733/33 1929/731/33 618/731/33
f 1970/637/34 1965/636/34 729/636/34
f 1973/734/35 1968/735/35 728/735/35
f 1976/736/35 1978/720/35 1994/720/35
f 1964/737/34 1977/738/34 1992/738/34
f 1966/739/34 1970/637/34 732/637/34
f 1977/738/34 1976/736/34 1990/736/34
f 1965/636/34 1971/740/34 1980/740/34
f 818/379/3 1999/753/3 2004/741/3
f 1967/742/34 1972/743/34 1982/743/34
f 1972/743/35 1963/744/35 733/744/35
f 1969/745/34 1966/739/34 734/739/34
f 1974/746/34 1964/737/34 727/737/34
f 1963/744/34 1973/734/34 1984/734/34
f 1971/740/34 1967/742/34 730/742/34
f 2000/747/36 2004/741/36 560/741/36
f 1998/748/36 2011/749/36 2026/749/36
f 2010/750/36 2012/388/36 2028/388/36
f 2007/751/36 2002/752/36 554/752/36
f 2004/741/36 1999/753/36 556/753/36
f 2002/752/36 2008/754/36 2020/754/36
f 2005/755/36 2001/756/36 552/756/36
f 1997/757/36 2007/751/36 2018/751/36
f 2008/754/36 1998/748/36 558/748/36
f 2003/758/36 2000/747/36 561/747/36
f 2006/759/36 1997/757/36 564/757/36
f 2001/756/36 2006/759/36 2016/759/36
f 841/760/3 2043/1370/3 2046/761/3
f 1999/753/36 2005/755/36 2014/755/36
f 2034/762/37 2038/623/37 721/623/37
f 2045/763/37 2044/764/37 2058/764/37
f 2033/622/37 2039/765/37 2048/765/37
f 2064/766/3 2077/1371/3 2080/767/3
f 2035/769/37 2040/770/37 2050/770/37
f 2040/770/37 2031/771/37 716/771/37
f 2037/772/37 2034/762/37 712/762/37
f 2042/773/37 2032/774/37 711/774/37
f 2031/771/37 2041/775/37 2052/775/37
f 2039/765/37 2035/769/37 710/769/37
f 2036/776/37 2042/773/37 2054/773/37
f 2038/623/37 2033/622/37 718/622/37
f 2041/775/37 2036/776/37 720/776/37
f 2044/764/37 2046/761/37 2062/761/37
f 2074/777/38 2065/778/38 603/778/38
f 2071/779/38 2068/780/38 612/780/38
f 2076/781/38 2066/782/38 609/782/38
f 2065/778/38 2075/783/38 2086/783/38
f 2073/784/38 2069/785/38 606/785/38
f 2070/786/38 2076/781/38 2088/781/38
f 2072/463/38 2067/461/38 602/461/38
f 2075/783/38 2070/786/38 601/786/38
f 2078/787/38 2080/767/38 2096/767/38
f 2066/782/38 2079/788/38 2094/788/38
f 2068/780/38 2072/463/38 611/463/38
f 2079/788/38 2078/787/38 2092/787/38
f 2067/461/38 2073/784/38 2082/784/38
f 867/598/3 2101/792/3 2106/789/3
f 2109/790/39 2104/791/39 706/791/39
f 2106/789/39 2101/792/39 693/792/39
f 2104/791/39 2110/793/39 2122/793/39
f 2107/794/40 2103/795/40 696/795/40
f 2099/796/39 2109/790/39 2120/790/39
f 2110/793/40 2100/797/40 702/797/40
f 2105/798/39 2102/799/39 695/799/39
f 2108/800/40 2099/796/40 699/796/40
f 2103/795/39 2108/800/39 2118/800/39
f 879/368/3 2133/809/3 2140/801/3
f 2101/792/39 2107/794/39 2116/794/39
f 2113/802/39 2112/803/39 2126/803/39
f 2102/799/40 2106/789/40 704/789/40
f 2100/797/39 2113/802/39 2128/802/39
f 2098/1442/4 2091/1372/4 2090/1371/4
f 2090/1371/4 2077/1371/4 2064/766/4
f 2064/766/4 2057/766/4 2056/1370/4
f 2056/1370/4 2043/1370/4 841/760/4
f 841/760/4 2023/760/4 2022/386/4
f 2022/386/4 2009/386/4 1996/1369/4
f 1996/1369/4 1989/1369/4 1988/1368/4
f 1988/1368/4 1975/1368/4 811/719/4
f 811/719/4 1955/719/4 1954/477/4
f 1954/477/4 1941/477/4 783/804/4
f 783/804/4 1921/804/4 1920/1366/4
f 1920/1366/4 1907/1366/4 1894/1367/4
f 1894/1367/4 1887/1367/4 1886/1365/4
f 1886/1365/4 1873/1365/4 1852/1364/4
f 1852/1364/4 501/1364/4 488/342/4
f 488/342/4 288/342/4 688/588/4
f 688/588/4 2159/588/4 2158/1374/4
f 2158/1374/4 2145/1374/4 877/1373/4
f 877/1373/4 2125/1373/4 2124/606/4
f 2124/606/4 2111/606/4 2098/1442/4
f 2090/1371/137 2064/766/137 2056/1370/137
f 2124/606/138 2098/1442/138 2090/1371/138
f 2124/606/139 2090/1371/139 2056/1370/139
f 2056/1370/4 841/760/4 2022/386/4
f 2022/386/4 1996/1369/4 1988/1368/4
f 811/719/4 1954/477/4 783/804/4
f 2056/1370/4 2022/386/4 1988/1368/4
f 2124/606/4 2056/1370/4 1988/1368/4
f 877/1373/140 2124/606/140 1988/1368/140
f 488/342/4 688/588/4 2158/1374/4
f 1886/1365/4 1852/1364/4 488/342/4
f 783/804/4 1920/1366/4 1894/1367/4
f 1894/1367/4 1886/1365/4 488/342/4
f 488/342/4 2158/1374/4 877/1373/4
f 488/342/4 877/1373/4 1988/1368/4
f 783/804/4 1894/1367/4 488/342/4
f 488/342/4 1988/1368/4 811/719/4
f 2134/805/41 2147/806/41 2162/806/41
f 2143/807/41 2138/808/41 544/808/41
f 2140/801/41 2133/809/41 547/809/41
f 2138/808/41 2144/810/41 2156/810/41
f 2147/806/41 2146/363/41 2160/363/41
f 2141/811/41 2137/812/41 543/812/41
f 2135/813/41 2143/807/41 2154/807/41
f 2144/810/41 2134/805/41 541/805/41
f 2139/814/41 2136/815/41 550/815/41
f 2142/816/41 2135/813/41 549/813/41
f 2137/812/41 2142/816/41 2152/816/41
f 2133/809/41 2141/811/41 2150/811/41
f 2136/815/41 2140/801/41 538/801/41
f 691/587/3 903/443/3 901/444/3
f 690/589/3 902/446/3 889/421/3
f 689/362/3 901/444/3 902/446/3
f 688/588/3 900/441/3 903/443/3
f 687/584/3 899/423/3 893/433/3
f 686/586/3 898/435/3 890/424/3
f 685/582/3 897/426/3 892/430/3
f 684/580/3 896/432/3 888/418/3
f 683/578/3 895/420/3 891/427/3
f 681/591/3 893/433/3 898/435/3
f 680/581/3 892/430/3 896/432/3
f 679/577/3 891/427/3 894/429/3
f 678/583/3 890/424/3 897/426/3
f 677/585/3 889/421/3 899/423/3
f 676/579/3 888/418/3 895/420/3
f 597/442/3 919/571/3 917/572/3
f 596/445/3 918/574/3 905/549/3
f 595/448/3 917/572/3 918/574/3
f 594/817/3 916/569/3 919/571/3
f 593/422/3 915/551/3 909/561/3
f 592/434/3 914/563/3 906/552/3
f 591/425/3 913/554/3 908/558/3
f 590/431/3 912/560/3 904/546/3
f 589/419/3 911/548/3 907/555/3
f 587/440/3 909/561/3 914/563/3
f 586/438/3 908/558/3 912/560/3
f 585/436/3 907/555/3 910/557/3
f 584/439/3 906/552/3 913/554/3
f 583/447/3 905/549/3 915/551/3
f 582/437/3 904/546/3 911/548/3
f 660/565/3 920/409/3 927/410/3
f 661/575/3 921/394/3 931/398/3
f 662/567/3 922/403/3 929/404/3
f 663/564/3 923/412/3 926/181/3
f 664/566/3 924/406/3 928/407/3
f 665/568/3 925/400/3 930/401/3
f 667/547/3 927/410/3 923/412/3
f 668/559/3 928/407/3 920/409/3
f 669/553/3 929/404/3 924/406/3
f 670/562/3 930/401/3 922/403/3
f 671/550/3 931/398/3 925/400/3
f 672/818/3 932/396/3 935/389/3
f 673/576/3 933/391/3 934/392/3
f 674/573/3 934/392/3 921/394/3
f 675/570/3 935/389/3 933/391/3
f 581/397/3 951/540/3 949/541/3
f 580/395/3 950/543/3 937/518/3
f 579/390/3 949/541/3 950/543/3
f 578/819/3 948/538/3 951/540/3
f 577/416/3 947/520/3 941/530/3
f 576/413/3 946/532/3 938/521/3
f 575/415/3 945/523/3 940/527/3
f 574/414/3 944/529/3 936/515/3
f 573/417/3 943/517/3 939/524/3
f 571/399/3 941/530/3 946/532/3
f 570/405/3 940/527/3 944/529/3
f 569/411/3 939/524/3 942/526/3
f 568/402/3 938/521/3 945/523/3
f 567/393/3 937/518/3 947/520/3
f 566/408/3 936/515/3 943/517/3
f 644/534/3 952/504/3 959/505/3
f 645/544/3 953/489/3 963/493/3
f 646/536/3 954/498/3 961/499/3
f 647/533/3 955/507/3 958/511/3
f 648/535/3 956/501/3 960/502/3
f 649/537/3 957/495/3 962/496/3
f 651/516/3 959/505/3 955/507/3
f 652/528/3 960/502/3 952/504/3
f 653/522/3 961/499/3 956/501/3
f 654/531/3 962/496/3 954/498/3
f 655/519/3 963/493/3 957/495/3
f 656/820/3 964/491/3 967/484/3
f 657/545/3 965/486/3 966/487/3
f 658/542/3 966/487/3 953/489/3
f 659/539/3 967/484/3 965/486/3
f 628/503/3 968/677/3 975/678/3
f 629/488/3 969/662/3 979/666/3
f 630/497/3 970/671/3 977/672/3
f 631/506/3 971/680/3 974/684/3
f 632/500/3 972/674/3 976/675/3
f 633/494/3 973/668/3 978/669/3
f 635/514/3 975/678/3 971/680/3
f 636/509/3 976/675/3 968/677/3
f 637/512/3 977/672/3 972/674/3
f 638/508/3 978/669/3 970/671/3
f 639/513/3 979/666/3 973/668/3
f 640/821/3 980/664/3 983/657/3
f 641/485/3 981/659/3 982/660/3
f 642/490/3 982/660/3 969/662/3
f 643/492/3 983/657/3 981/659/3
f 767/665/3 999/219/3 997/225/3
f 766/663/3 998/227/3 985/104/3
f 765/658/3 997/225/3 998/227/3
f 764/688/3 996/220/3 999/219/3
f 73/823/6 81/222/6 69/217/6
f 69/217/6 65/1436/6 11/822/6
f 11/822/3 107/1443/3 73/823/3
f 763/686/3 995/106/3 989/149/3
f 762/681/3 994/151/3 986/121/3
f 761/685/3 993/123/3 988/142/3
f 760/682/3 992/144/3 984/96/3
f 759/687/3 991/98/3 987/140/3
f 87/249/6 95/47/6 81/222/6
f 81/222/6 73/823/6 16/824/6
f 117/825/6 87/249/6 81/222/6
f 757/667/3 989/149/3 994/151/3
f 756/673/3 988/142/3 992/144/3
f 755/679/3 987/140/3 990/141/3
f 754/670/3 986/121/3 993/123/3
f 753/661/3 985/104/3 995/106/3
f 297/110/3 121/34/3 127/33/3
f 127/33/3 37/655/3 46/194/3
f 46/194/3 299/230/3 297/110/3
f 752/676/3 984/96/3 991/98/3
f 280/89/3 101/36/3 105/826/3
f 105/826/3 26/654/3 43/18/3
f 43/18/3 282/90/3 280/89/3
f 1500/827/4 1498/828/4 1461/828/4
f 1856/829/42 1411/829/42 1409/830/42
f 1413/831/3 1012/836/3 1007/832/3
f 1409/830/3 1411/829/3 1410/834/3
f 1411/829/3 1413/831/3 1412/833/3
f 1012/836/3 1000/1334/3 1005/837/3
f 1010/838/3 1415/858/3 1414/839/3
f 1421/841/3 1015/853/3 1008/842/3
f 1003/844/3 1417/857/3 1416/845/3
f 1407/847/3 1014/854/3 1013/848/3
f 1004/850/3 1419/1335/3 1418/851/3
f 1015/853/3 1010/838/3 1011/840/3
f 1014/854/3 1003/844/3 1002/846/3
f 1001/855/3 1004/850/3 1009/852/3
f 1417/857/3 1421/841/3 1420/843/3
f 1415/858/3 1409/830/3 1408/835/3
f 1369/859/3 1353/924/3 1352/860/3
f 1351/153/3 1350/859/3 1333/861/3
f 1709/862/43 1320/863/43 1726/863/43
f 1711/864/43 1319/865/43 1730/865/43
f 1321/866/43 1711/864/43 1735/864/43
f 1332/867/43 1318/868/43 1732/868/43
f 1327/869/43 1715/870/43 1737/870/43
f 1713/871/43 1321/866/43 1728/866/43
f 1319/865/43 1709/862/43 1734/862/43
f 1717/872/43 1723/873/43 1741/873/43
f 1719/874/43 1721/875/43 1740/875/43
f 1715/870/43 1328/876/43 1731/876/43
f 1320/863/43 1329/877/43 1733/877/43
f 1328/876/43 1713/871/43 1736/871/43
f 1721/875/43 1327/869/43 1727/869/43
f 1723/873/43 1719/874/43 1739/874/43
f 1495/878/3 1497/885/3 1046/879/3
f 1483/881/3 1496/884/3 1045/882/3
f 1496/884/3 1495/878/3 1044/880/3
f 1497/885/3 1494/1344/3 1043/886/3
f 1487/887/3 1493/906/3 1042/888/3
f 1484/890/3 1492/902/3 1041/891/3
f 1486/893/3 1491/905/3 1040/894/3
f 1482/896/3 1490/903/3 1039/897/3
f 1485/899/3 1489/907/3 1038/900/3
f 1492/902/3 1487/887/3 1036/889/3
f 1490/903/3 1486/893/3 1035/895/3
f 1488/904/3 1485/899/3 1034/901/3
f 1491/905/3 1484/890/3 1033/892/3
f 1493/906/3 1483/881/3 1032/883/3
f 1489/907/3 1482/896/3 1031/898/3
f 1354/908/44 1783/909/44 1805/909/44
f 1365/910/44 1368/911/44 1800/911/44
f 1362/912/44 1779/913/44 1803/913/44
f 1779/913/44 1360/914/44 1798/914/44
f 1777/915/44 1367/916/44 1794/916/44
f 1363/917/44 1365/910/44 1797/910/44
f 1791/918/44 1787/919/44 1807/919/44
f 1789/920/44 1354/908/44 1795/908/44
f 1356/921/44 1781/922/44 1804/922/44
f 1367/916/44 1363/917/44 1801/917/44
f 1783/909/44 1356/921/44 1799/921/44
f 1787/919/44 1789/920/44 1808/920/44
f 1785/923/44 1791/918/44 1809/918/44
f 1360/914/44 1777/915/44 1802/915/44
f 1389/924/4 1387/860/4 1352/860/4
f 1369/859/4 1385/861/4 1333/861/4
f 1464/58/3 1463/57/3 1462/827/3
f 1655/925/45 1651/926/45 1671/926/45
f 1290/927/45 1283/928/45 1661/928/45
f 1641/929/45 1291/930/45 1658/930/45
f 1643/931/45 1294/932/45 1662/932/45
f 1292/933/45 1643/931/45 1667/931/45
f 1283/928/45 1289/934/45 1664/934/45
f 1286/935/45 1647/936/45 1669/936/45
f 1645/937/45 1292/933/45 1660/933/45
f 1294/932/45 1641/929/45 1666/929/45
f 1649/938/45 1655/925/45 1673/925/45
f 1651/926/45 1653/939/45 1672/939/45
f 1647/936/45 1288/940/45 1663/940/45
f 1291/930/45 1290/927/45 1665/927/45
f 1288/940/45 1645/937/45 1668/937/45
f 1457/941/3 1459/948/3 1092/942/3
f 1445/944/3 1458/947/3 1091/945/3
f 1458/947/3 1457/941/3 1090/943/3
f 1459/948/3 1456/1342/3 1089/949/3
f 1449/950/3 1455/970/3 1088/951/3
f 1446/953/3 1454/965/3 1087/954/3
f 1448/956/3 1453/969/3 1086/957/3
f 1444/959/3 1452/966/3 1085/960/3
f 1447/962/3 1451/971/3 1084/963/3
f 1454/965/3 1449/950/3 1082/952/3
f 1452/966/3 1448/956/3 1081/958/3
f 1450/967/3 1447/962/3 1080/964/3
f 1453/969/3 1446/953/3 1079/955/3
f 1455/970/3 1445/944/3 1078/946/3
f 1451/971/3 1444/959/3 1077/961/3
f 1519/972/3 1502/1045/3 1501/193/3
f 1527/974/3 1520/993/3 1097/975/3
f 1531/977/3 1521/1003/3 1098/978/3
f 1529/980/3 1522/995/3 1099/981/3
f 1526/983/3 1523/992/3 1100/984/3
f 1528/986/3 1524/994/3 1101/987/3
f 1530/989/3 1525/996/3 1102/990/3
f 1523/992/3 1527/974/3 1104/976/3
f 1520/993/3 1528/986/3 1105/988/3
f 1524/994/3 1529/980/3 1106/982/3
f 1522/995/3 1530/989/3 1107/991/3
f 1525/996/3 1531/977/3 1108/979/3
f 1535/997/3 1532/1348/3 1109/998/3
f 1534/1000/3 1533/1004/3 1110/1001/3
f 1521/1003/3 1534/1000/3 1111/1002/3
f 1533/1004/3 1535/997/3 1112/999/3
f 57/45/4 32/1005/4 38/1005/4
f 38/1005/4 58/195/4 1540/1006/4
f 50/39/3 97/38/3 93/241/3
f 1554/1007/3 1556/1014/3 1131/1008/3
f 1542/1010/3 1555/1013/3 1130/1011/3
f 1555/1013/3 1554/1007/3 1129/1009/3
f 1556/1014/3 1553/1209/3 1128/1015/3
f 53/21/4 17/22/4 28/22/4
f 28/22/4 55/21/4 179/21/4
f 1546/1016/3 1552/1040/3 1127/1017/3
f 82/231/6 74/1032/6 112/1444/6
f 9/1019/6 62/1445/6 70/218/6
f 82/231/6 112/1444/6 9/1019/6
f 1543/1020/3 1551/1035/3 1126/1021/3
f 1545/1023/3 1550/1039/3 1125/1024/3
f 1541/1026/3 1549/1036/3 1124/1027/3
f 1544/1029/3 1548/1041/3 1123/1030/3
f 123/1034/3 13/1446/3 74/1032/3
f 74/1032/6 82/231/6 96/1033/6
f 96/1033/6 84/53/6 123/1034/6
f 1551/1035/3 1546/1016/3 1121/1018/3
f 1549/1036/3 1545/1023/3 1120/1025/3
f 1547/1037/3 1544/1029/3 1119/1031/3
f 157/126/10 145/26/10 143/26/10
f 1550/1039/3 1543/1020/3 1118/1022/3
f 1552/1040/3 1542/1010/3 1117/1012/3
f 1548/1041/3 1541/1026/3 1116/1028/3
f 301/271/3 54/56/3 71/35/3
f 71/35/3 67/156/3 25/1042/3
f 59/28/3 301/271/3 71/35/3
f 52/40/4 49/79/4 7/2/4
f 1460/1043/3 1443/57/3 1425/58/3
f 1540/195/4 1539/43/4 45/43/4
f 1538/1045/4 1537/193/4 1501/193/4
f 1510/1046/3 1503/1065/3 1133/1047/3
f 1514/1049/3 1504/1075/3 1134/1050/3
f 1512/1052/3 1505/1067/3 1135/1053/3
f 1509/1055/3 1506/1064/3 1136/1056/3
f 1511/1058/3 1507/1066/3 1137/1059/3
f 1513/1061/3 1508/1068/3 1138/1062/3
f 1506/1064/3 1510/1046/3 1140/1048/3
f 1503/1065/3 1511/1058/3 1141/1060/3
f 1507/1066/3 1512/1052/3 1142/1054/3
f 1505/1067/3 1513/1061/3 1143/1063/3
f 1508/1068/3 1514/1049/3 1144/1051/3
f 1518/1069/3 1515/1345/3 1145/1070/3
f 1517/1072/3 1516/1076/3 1146/1073/3
f 1504/1075/3 1517/1072/3 1147/1074/3
f 1516/1076/3 1518/1069/3 1148/1071/3
f 1519/972/4 1536/973/4 1481/973/4
f 1472/1078/3 1465/1097/3 1154/1079/3
f 1476/1081/3 1466/1107/3 1155/1082/3
f 1474/1084/3 1467/1099/3 1156/1085/3
f 1471/1087/3 1468/1096/3 1157/1088/3
f 1473/1090/3 1469/1098/3 1158/1091/3
f 1475/1093/3 1470/1100/3 1159/1094/3
f 1468/1096/3 1472/1078/3 1161/1080/3
f 1465/1097/3 1473/1090/3 1162/1092/3
f 1469/1098/3 1474/1084/3 1163/1086/3
f 1467/1099/3 1475/1093/3 1164/1095/3
f 1470/1100/3 1476/1081/3 1165/1083/3
f 1480/1101/3 1477/1343/3 1166/1102/3
f 1479/1104/3 1478/1108/3 1167/1105/3
f 1466/1107/3 1479/1104/3 1168/1106/3
f 1478/1108/3 1480/1101/3 1169/1103/3
f 1440/1109/3 1442/1116/3 1186/1110/3
f 1428/1112/3 1441/1115/3 1185/1113/3
f 1441/1115/3 1440/1109/3 1184/1111/3
f 1442/1116/3 1439/1337/3 1183/1117/3
f 1432/1118/3 1438/1138/3 1182/1119/3
f 1429/1121/3 1437/1133/3 1181/1122/3
f 1431/1124/3 1436/1137/3 1180/1125/3
f 1427/1127/3 1435/1134/3 1179/1128/3
f 1430/1130/3 1434/1139/3 1178/1131/3
f 1437/1133/3 1432/1118/3 1176/1120/3
f 1435/1134/3 1431/1124/3 1175/1126/3
f 1433/1135/3 1430/1130/3 1174/1132/3
f 1436/1137/3 1429/1121/3 1173/1123/3
f 1438/1138/3 1428/1112/3 1172/1114/3
f 1434/1139/3 1427/1127/3 1171/1129/3
f 1424/1140/3 1423/1141/3 1422/1043/3
f 1387/860/3 1389/924/3 1388/1141/3
f 1817/1142/46 1383/1143/46 1833/1143/46
f 1372/1144/46 1374/1145/46 1835/1145/46
f 1383/1143/46 1815/1146/46 1838/1146/46
f 1823/1147/46 1373/1148/46 1829/1148/46
f 1825/1149/46 1821/1150/46 1841/1150/46
f 1374/1145/47 1377/1151/47 1831/1151/47
f 1811/1152/46 1372/1144/46 1828/1144/46
f 1813/1153/46 1375/1154/46 1832/1154/46
f 1371/1155/47 1813/1153/47 1837/1153/47
f 1377/1151/46 1384/1156/46 1834/1156/46
f 1373/1148/47 1817/1142/47 1839/1142/47
f 1815/1146/46 1371/1155/46 1830/1155/46
f 1375/1154/47 1811/1152/47 1836/1152/47
f 1819/1157/46 1825/1149/46 1843/1149/46
f 1423/1141/4 1424/1140/4 1386/1140/4
f 1460/1043/4 1426/1044/4 1405/1044/4
f 1743/1159/48 1343/1160/48 1760/1160/48
f 1348/1161/48 1345/1162/48 1763/1162/48
f 1753/1163/48 1755/1164/48 1774/1164/48
f 1751/1165/48 1757/1166/48 1775/1166/48
f 1339/1167/48 1747/1168/48 1770/1168/48
f 1343/1160/48 1348/1161/48 1767/1161/48
f 1749/1169/48 1339/1167/48 1765/1167/48
f 1334/1170/48 1743/1159/48 1768/1159/48
f 1747/1168/48 1342/1171/48 1762/1171/48
f 1337/1172/48 1749/1169/48 1771/1169/48
f 1345/1162/48 1347/174/48 1766/174/48
f 1342/1171/48 1745/1173/48 1769/1173/48
f 1757/1166/48 1753/1163/48 1773/1163/48
f 1745/1173/48 1334/1170/48 1764/1170/48
f 1683/1174/49 1689/1175/49 1707/1175/49
f 1311/1176/49 1675/1177/49 1700/1177/49
f 1679/1178/49 1300/1179/49 1694/1179/49
f 1301/1180/49 1681/1181/49 1703/1181/49
f 1302/1182/49 1298/1183/49 1698/1183/49
f 1300/1179/50 1677/1184/50 1701/1184/50
f 1677/1184/49 1311/1176/49 1696/1176/49
f 1675/1177/49 1307/1185/49 1692/1185/49
f 1303/1186/49 1302/1182/49 1695/1182/49
f 1689/1175/50 1685/1187/50 1705/1187/50
f 1687/1188/49 1301/1180/49 1693/1180/49
f 1309/1189/50 1679/1178/50 1702/1178/50
f 1307/1185/49 1303/1186/49 1699/1186/49
f 1681/1181/49 1309/1189/49 1697/1189/49
f 1351/153/4 1349/154/4 1314/154/4
f 1274/1190/51 1609/1191/51 1633/1191/51
f 1270/1192/51 1264/1193/51 1630/1193/51
f 1267/1194/51 1613/1195/51 1635/1195/51
f 1611/1196/51 1274/1190/51 1626/1190/51
f 1273/1197/51 1607/1198/51 1632/1198/51
f 1615/1199/51 1621/1200/51 1639/1200/51
f 1617/1201/51 1619/1202/51 1638/1202/51
f 1613/1195/51 1268/1203/51 1629/1203/51
f 1269/1204/51 1271/1205/51 1631/1205/51
f 1268/1203/51 1611/1196/51 1634/1196/51
f 1619/1202/51 1267/1194/51 1625/1194/51
f 1621/1200/51 1617/1201/51 1637/1201/51
f 1271/1205/51 1270/1192/51 1627/1192/51
f 1607/1198/51 1269/1204/51 1624/1204/51
f 1279/1206/3 1278/1262/3 1277/1207/3
f 33/1042/3 109/1447/3 78/1208/3
f 78/1208/3 32/1005/3 57/45/3
f 78/1208/3 57/45/3 83/44/3
f 60/28/3 33/1042/3 78/1208/3
f 167/175/3 60/28/3 78/1208/3
f 78/1208/3 83/44/3 111/1400/3
f 111/1400/3 289/331/3 1853/1334/3
f 111/1400/3 1853/1334/3 1183/1117/3
f 160/1354/3 167/175/3 78/1208/3
f 129/1355/3 169/1349/3 160/1354/3
f 171/1352/3 129/1355/3 160/1354/3
f 78/1208/3 111/1400/3 1183/1117/3
f 78/1208/3 1183/1117/3 1439/1337/3
f 171/1352/3 160/1354/3 78/1208/3
f 137/1357/3 173/1351/3 162/1356/3
f 162/1356/3 171/1352/3 78/1208/3
f 78/1208/3 1439/1337/3 1089/949/3
f 78/1208/3 1089/949/3 1456/1342/3
f 137/1357/3 162/1356/3 78/1208/3
f 175/1353/3 137/1357/3 78/1208/3
f 78/1208/3 1456/1342/3 1166/1102/3
f 78/1208/3 1166/1102/3 1477/1343/3
f 164/1358/3 175/1353/3 78/1208/3
f 177/1350/3 164/1358/3 78/1208/3
f 78/1208/3 1477/1343/3 1043/886/3
f 78/1208/3 1043/886/3 1494/1344/3
f 134/1362/3 177/1350/3 78/1208/3
f 291/1363/3 293/1361/3 134/1362/3
f 295/1360/6 291/1363/6 134/1362/6
f 78/1208/3 1494/1344/3 1145/1070/3
f 78/1208/3 1145/1070/3 1515/1345/3
f 295/1360/3 134/1362/3 78/1208/3
f 290/1448/3 295/1360/3 78/1208/3
f 78/1208/3 1515/1345/3 1109/998/3
f 78/1208/3 1109/998/3 1532/1348/3
f 1553/1209/3 290/1448/3 78/1208/3
f 78/1208/3 1532/1348/3 1128/1015/3
f 313/1210/52 303/1211/52 1614/1211/52
f 316/1212/53 306/1213/53 1266/1213/53
f 315/1214/52 314/1215/52 1610/1215/52
f 314/1215/52 305/1216/52 1263/1216/52
f 309/1217/52 311/1218/52 1262/1218/52
f 304/1219/52 316/1212/52 1272/1212/52
f 312/1220/52 307/1221/52 1618/1221/52
f 1589/1222/52 313/1210/52 1275/1210/52
f 302/1223/52 310/1224/52 1612/1224/52
f 311/1218/52 304/1219/52 1606/1219/52
f 303/1211/52 302/1223/52 1265/1223/52
f 307/1221/52 1589/1222/52 1620/1222/52
f 308/1225/52 312/1220/52 1622/1220/52
f 305/1216/52 309/1217/52 1608/1217/52
f 1253/1226/54 1251/1227/54 1295/1227/54
f 1252/1228/54 1248/1229/54 1652/1229/54
f 1623/1230/54 1250/1231/54 1293/1231/54
f 1257/1232/54 1256/1233/54 1646/1233/54
f 1246/1234/54 1253/1226/54 1640/1226/54
f 1247/1235/54 1257/1232/54 1285/1232/54
f 1248/1229/54 1623/1230/54 1654/1230/54
f 1258/1236/54 1252/1228/54 1656/1228/54
f 1249/1237/54 1255/1238/54 1642/1238/54
f 1256/1233/54 1245/1239/54 1287/1239/54
f 1250/1231/54 1247/1235/54 1648/1235/54
f 1251/1227/54 1244/1240/54 1282/1240/54
f 1245/1239/54 1254/1241/54 1644/1241/54
f 1254/1241/54 1249/1237/54 1296/1237/54
f 1316/197/4 1317/152/4 1280/152/4
f 1094/1242/3 1096/1378/3 1095/1243/3
f 1073/1245/55 1063/1246/55 1678/1246/55
f 1071/1247/55 1657/1248/55 1308/1248/55
f 1075/1249/55 1076/1250/55 1682/1250/55
f 1072/1251/55 1073/1245/55 1306/1245/55
f 1068/1252/55 1065/1253/55 1676/1253/55
f 1074/1254/55 1069/1255/55 1690/1255/55
f 1062/1256/55 1067/1257/55 1688/1257/55
f 1076/1250/55 1070/1258/55 1305/1258/55
f 1064/1259/55 1066/1260/55 1674/1260/55
f 1070/1258/55 1072/1251/55 1680/1251/55
f 1067/1257/55 1075/1249/55 1299/1249/55
f 1069/1255/55 1062/1256/55 1686/1256/55
f 1066/1260/55 1071/1247/55 1312/1247/55
f 1065/1253/55 1064/1259/55 1304/1259/55
f 1243/1261/3 1260/1333/3 1259/1262/3
f 1242/1263/56 1231/1264/56 1714/1264/56
f 1237/1265/56 1234/1266/56 1708/1266/56
f 1232/1267/56 1242/1263/56 1325/1263/56
f 1236/1268/56 1691/1269/56 1722/1269/56
f 1235/1270/56 1228/1271/56 1724/1271/56
f 1241/1272/56 1240/1273/56 1710/1273/56
f 1231/1264/56 1239/1274/56 1330/1274/56
f 1230/1275/56 1232/1267/56 1716/1267/56
f 1233/1276/56 1229/1277/56 1323/1277/56
f 1239/1274/56 1238/1278/56 1712/1278/56
f 1238/1278/56 1241/1272/56 1331/1272/56
f 1240/1273/56 1237/1265/56 1322/1265/56
f 1234/1266/56 1233/1276/56 1324/1276/56
f 1228/1271/56 1236/1268/56 1720/1268/56
f 1030/1279/57 1725/1280/57 1346/1280/57
f 1027/1281/57 1018/1282/57 1750/1282/57
f 1025/1283/57 1016/1284/57 1338/1284/57
f 1022/1285/57 1019/1286/57 1744/1286/57
f 1017/1287/57 1021/1288/57 1758/1288/57
f 1029/1289/57 1026/1290/57 1756/1290/57
f 1018/1282/57 1020/1291/57 1335/1291/57
f 1023/1292/57 1028/1293/57 1742/1293/57
f 1020/1291/57 1025/1283/57 1748/1283/57
f 1026/1290/57 1027/1281/57 1336/1281/57
f 1021/1288/57 1029/1289/57 1754/1289/57
f 1028/1293/57 1030/1279/57 1341/1279/57
f 1019/1286/57 1023/1292/57 1340/1292/57
f 1024/1294/57 1022/1285/57 1344/1285/57
f 1313/1207/4 1281/196/4 1261/196/4
f 2197/1389/58 2190/1389/58 2193/1385/58
f 2193/1385/58 2188/1385/58 2189/1384/58
f 2189/1384/58 2183/1384/58 2185/1449/58
f 2185/1449/58 2180/1382/58 2181/1380/58
f 2181/1380/58 2175/1380/58 2177/1377/58
f 2177/1377/58 2172/1377/58 2173/1376/58
f 2173/1376/58 2166/1376/58 2169/1242/58
f 2169/1242/58 1094/1242/58 1093/1244/58
f 1093/1244/58 1132/1244/58 1113/1314/58
f 1113/1314/58 1150/1314/58 1149/1341/58
f 1149/1341/58 1188/1341/58 1153/1339/58
f 1153/1339/58 1190/1339/58 1189/1332/58
f 1189/1332/58 1226/1332/58 1223/1261/58
f 1223/1261/58 1243/1261/58 1227/1206/58
f 1227/1206/58 1279/1206/58 1261/196/58
f 1261/196/58 1281/196/58 1280/152/58
f 1280/152/58 1317/152/58 1314/154/58
f 1314/154/58 1349/154/58 1333/861/58
f 1333/861/58 1385/861/58 1352/860/58
f 1352/860/58 1387/860/58 1386/1140/58
f 1386/1140/58 1424/1140/58 1405/1044/58
f 1405/1044/58 1426/1044/58 1425/58/58
f 1425/58/58 1464/58/58 1461/828/58
f 1461/828/58 1498/828/58 1481/1450/58
f 1481/1450/58 1536/973/58 1501/193/58
f 1501/193/58 1537/193/58 1540/195/58
f 2197/1389/141 2193/1385/141 2189/1384/141
f 2189/1384/142 2185/1449/142 2181/1380/142
f 2177/1377/5 2173/1376/5 2169/1242/5
f 2177/1377/143 2169/1242/143 1093/1244/143
f 1093/1244/144 1113/1314/144 1149/1341/144
f 1149/1341/7 1153/1339/7 1189/1332/7
f 1223/1261/10 1227/1206/10 1261/196/10
f 1149/1341/145 1189/1332/145 1223/1261/145
f 2177/1377/146 1093/1244/146 1149/1341/146
f 2181/1380/5 2177/1377/5 1149/1341/5
f 1149/1341/147 1223/1261/147 1261/196/147
f 1261/196/148 1280/152/148 1314/154/148
f 1314/154/3 1333/861/3 1352/860/3
f 1352/860/149 1386/1140/149 1405/1044/149
f 1405/1044/150 1425/58/150 1461/828/150
f 1461/828/144 1481/1450/144 1501/193/144
f 1501/193/58 1540/195/58 58/195/58
f 1461/828/58 1501/193/58 58/195/58
f 1405/1044/58 1461/828/58 58/195/58
f 1352/860/58 1405/1044/58 58/195/58
f 1261/196/130 1314/154/130 1352/860/130
f 2181/1380/150 1149/1341/150 1261/196/150
f 1261/196/58 1352/860/58 58/195/58
f 2181/1380/58 1261/196/58 58/195/58
f 2189/1384/58 2181/1380/58 58/195/58
f 2197/1389/58 2189/1384/58 58/195/58
f 2196/1295/151 2197/1389/151 58/195/151
f 58/195/3 300/1295/3 2201/1295/3
f 1217/1296/59 1759/1297/59 1358/1297/59
f 1213/1298/60 1221/1299/60 1784/1299/60
f 1222/1300/60 1214/1301/60 1364/1301/60
f 1215/1302/60 1208/1303/60 1778/1303/60
f 1209/1304/60 1210/1305/60 1792/1305/60
f 1219/1307/59 1218/1308/59 1790/1308/59
f 1221/1299/59 1220/1309/59 1366/1309/59
f 1216/1310/60 1212/1311/60 1776/1311/60
f 1220/1309/60 1222/1300/60 1782/1300/60
f 1218/1308/60 1213/1298/60 1359/1298/60
f 1210/1305/60 1219/1307/60 1788/1307/60
f 1212/1311/60 1217/1296/60 1355/1296/60
f 1208/1303/60 1216/1310/60 1361/1310/60
f 1211/1312/60 1215/1302/60 1357/1302/60
f 1152/1313/4 1150/1314/4 1113/1314/4
f 1278/1262/4 1279/1206/4 1227/1206/4
f 1054/1315/61 1047/1316/61 1816/1316/61
f 1053/1317/61 1049/1318/61 1810/1318/61
f 1057/1319/61 1054/1315/61 1382/1315/61
f 1056/1320/61 1793/1321/61 1824/1321/61
f 1055/1322/61 1051/1323/61 1826/1323/61
f 1061/1325/61 1050/1326/61 1812/1326/61
f 1047/1316/61 1052/1327/61 1380/1327/61
f 1058/1328/61 1057/1319/61 1818/1319/61
f 1060/1329/61 1059/1330/61 1378/1330/61
f 1052/1327/61 1048/1331/61 1814/1331/61
f 1048/1331/61 1061/1325/61 1381/1325/61
f 1050/1326/61 1053/1317/61 1379/1317/61
f 1049/1318/61 1060/1329/61 1370/1329/61
f 1051/1323/61 1056/1320/61 1822/1320/61
f 1205/851/152 1194/852/152 1009/852/152
f 1204/832/62 1206/833/62 1412/833/62
f 1827/834/62 1202/835/62 1408/835/62
f 1200/840/62 1195/842/62 1008/842/62
f 1197/849/62 1205/851/62 1418/851/62
f 1203/839/62 1200/840/62 1011/840/62
f 1206/833/62 1827/834/62 1410/834/62
f 1199/837/152 1204/832/152 1007/832/152
f 1201/846/152 1192/848/152 1013/848/152
f 1195/842/62 1193/843/62 1420/843/62
f 1202/835/152 1203/839/152 1414/839/152
f 1194/852/62 1196/856/62 1006/856/62
f 1193/843/152 1198/845/152 1416/845/152
f 1198/845/62 1201/846/62 1002/846/62
f 1000/1334/4 1853/1334/4 289/331/4
f 289/331/4 481/331/4 480/353/4
f 1582/353/4 1581/245/4 1602/245/4
f 289/331/4 480/353/4 1582/353/4
f 1005/837/4 1000/1334/4 289/331/4
f 1840/1157/4 1199/837/4 1005/837/4
f 1820/1322/4 1819/1157/4 1840/1157/4
f 1806/923/4 1055/1322/4 1820/1322/4
f 1786/1304/4 1785/923/4 1806/923/4
f 1772/1165/4 1209/1304/4 1786/1304/4
f 1752/1287/4 1751/1165/4 1772/1165/4
f 1738/872/4 1017/1287/4 1752/1287/4
f 1718/1270/4 1717/872/4 1738/872/4
f 1704/1174/4 1235/1270/4 1718/1270/4
f 1684/1254/4 1683/1174/4 1704/1174/4
f 1670/938/4 1074/1254/4 1684/1254/4
f 1650/1236/4 1649/938/4 1670/938/4
f 1636/1199/4 1258/1236/4 1650/1236/4
f 1616/1225/4 1615/1199/4 1636/1199/4
f 1602/245/4 308/1225/4 1616/1225/4
f 289/331/4 1582/353/4 1602/245/4
f 1840/1157/4 1005/837/4 289/331/4
f 1806/923/90 1820/1322/90 1840/1157/90
f 1806/923/4 1840/1157/4 289/331/4
f 289/331/4 1602/245/4 1616/1225/4
f 1616/1225/4 1636/1199/4 1650/1236/4
f 1650/1236/4 1670/938/4 1684/1254/4
f 1704/1174/87 1718/1270/87 1738/872/87
f 1616/1225/4 1650/1236/4 1684/1254/4
f 1684/1254/5 1704/1174/5 1738/872/5
f 1738/872/4 1752/1287/4 1772/1165/4
f 1786/1304/4 1806/923/4 289/331/4
f 1738/872/137 1772/1165/137 1786/1304/137
f 1616/1225/4 1684/1254/4 1738/872/4
f 1738/872/4 1786/1304/4 289/331/4
f 1226/1332/3 1225/1346/3 1224/1333/3
f 1184/1111/3 1186/1110/3 1858/836/3
f 1172/1114/3 1185/1113/3 1856/829/3
f 1185/1113/3 1184/1111/3 1854/831/3
f 1186/1110/3 1183/1117/3 1853/1334/3
f 1176/1120/3 1182/1119/3 1851/858/3
f 1173/1123/3 1181/1122/3 1849/853/3
f 1175/1126/3 1180/1125/3 1847/857/3
f 1171/1129/3 1179/1128/3 1845/854/3
f 1174/1132/3 1178/1131/3 1404/1335/3
f 1181/1122/3 1176/1120/3 1392/838/3
f 1179/1128/3 1175/1126/3 1401/844/3
f 1177/1136/3 1174/1132/3 1396/850/3
f 1180/1125/3 1173/1123/3 1390/841/3
f 1182/1119/3 1172/1114/3 1402/830/3
f 1178/1131/3 1171/1129/3 1395/847/3
f 1132/1244/3 1115/1243/3 1114/1313/3
f 1084/963/3 1077/961/3 1427/1127/3
f 1088/951/3 1078/946/3 1428/1112/3
f 1086/957/3 1079/955/3 1429/1121/3
f 70/218/6 62/1445/6 103/1336/6
f 103/1336/6 19/1451/6 7/2/6
f 7/2/6 49/79/6 70/218/6
f 1083/968/3 1080/964/3 1430/1130/3
f 1085/960/3 1081/958/3 1431/1124/3
f 1087/954/3 1082/952/3 1432/1118/3
f 1080/964/3 1084/963/3 1434/1139/3
f 1077/961/3 1085/960/3 1435/1134/3
f 1081/958/3 1086/957/3 1436/1137/3
f 1079/955/3 1087/954/3 1437/1133/3
f 1082/952/3 1088/951/3 1438/1138/3
f 1092/942/3 1089/949/3 1439/1337/3
f 1091/945/3 1090/943/3 1440/1109/3
f 1078/946/3 1091/945/3 1441/1115/3
f 1090/943/3 1092/942/3 1442/1116/3
f 1207/1338/3 1191/1346/3 1189/1332/3
f 1187/1340/4 1188/1341/4 1149/1341/4
f 1161/1080/3 1154/1079/3 1444/959/3
f 1165/1083/3 1155/1082/3 1445/944/3
f 1163/1086/3 1156/1085/3 1446/953/3
f 1160/1089/3 1157/1088/3 1447/962/3
f 1162/1092/3 1158/1091/3 1448/956/3
f 1164/1095/3 1159/1094/3 1449/950/3
f 1157/1088/3 1161/1080/3 1451/971/3
f 1154/1079/3 1162/1092/3 1452/966/3
f 1158/1091/3 1163/1086/3 1453/969/3
f 1156/1085/3 1164/1095/3 1454/965/3
f 1159/1094/3 1165/1083/3 1455/970/3
f 1169/1103/3 1166/1102/3 1456/1342/3
f 1168/1106/3 1167/1105/3 1457/941/3
f 1155/1082/3 1168/1106/3 1458/947/3
f 1167/1105/3 1169/1103/3 1459/948/3
f 1044/880/3 1046/879/3 1480/1101/3
f 1032/883/3 1045/882/3 1479/1104/3
f 1045/882/3 1044/880/3 1478/1108/3
f 1046/879/3 1043/886/3 1477/1343/3
f 1036/889/3 1042/888/3 1476/1081/3
f 1033/892/3 1041/891/3 1475/1093/3
f 1035/895/3 1040/894/3 1474/1084/3
f 1031/898/3 1039/897/3 1473/1090/3
f 1034/901/3 1038/900/3 1472/1078/3
f 1041/891/3 1036/889/3 1470/1100/3
f 1039/897/3 1035/895/3 1469/1098/3
f 1037/173/3 1034/901/3 1468/1096/3
f 1040/894/3 1033/892/3 1467/1099/3
f 1042/888/3 1032/883/3 1466/1107/3
f 1038/900/3 1031/898/3 1465/1097/3
f 1115/1243/4 1132/1244/4 1093/1244/4
f 1260/1333/4 1243/1261/4 1223/1261/4
f 1188/1341/3 1187/1340/3 1170/1338/3
f 1140/1048/3 1133/1047/3 1482/896/3
f 1144/1051/3 1134/1050/3 1483/881/3
f 1142/1054/3 1135/1053/3 1484/890/3
f 1139/1057/3 1136/1056/3 1485/899/3
f 1141/1060/3 1137/1059/3 1486/893/3
f 1143/1063/3 1138/1062/3 1487/887/3
f 1136/1056/3 1140/1048/3 1489/907/3
f 1133/1047/3 1141/1060/3 1490/903/3
f 1137/1059/3 1142/1054/3 1491/905/3
f 1135/1053/3 1143/1063/3 1492/902/3
f 1138/1062/3 1144/1051/3 1493/906/3
f 1148/1071/3 1145/1070/3 1494/1344/3
f 1147/1074/3 1146/1073/3 1495/878/3
f 1134/1050/3 1147/1074/3 1496/884/3
f 1146/1073/3 1148/1071/3 1497/885/3
f 1110/1001/3 1112/999/3 1518/1069/3
f 1098/978/3 1111/1002/3 1517/1072/3
f 1111/1002/3 1110/1001/3 1516/1076/3
f 1112/999/3 1109/998/3 1515/1345/3
f 1102/990/3 1108/979/3 1514/1049/3
f 1099/981/3 1107/991/3 1513/1061/3
f 1101/987/3 1106/982/3 1512/1052/3
f 1097/975/3 1105/988/3 1511/1058/3
f 1100/984/3 1104/976/3 1510/1046/3
f 1107/991/3 1102/990/3 1508/1068/3
f 1105/988/3 1101/987/3 1507/1066/3
f 1103/985/3 1100/984/3 1506/1064/3
f 1106/982/3 1099/981/3 1505/1067/3
f 1108/979/3 1098/978/3 1504/1075/3
f 1104/976/3 1097/975/3 1503/1065/3
f 1225/1346/4 1226/1332/4 1189/1332/4
f 1207/1338/4 1190/1339/4 1153/1339/4
f 1129/1009/3 1131/1008/3 1535/997/3
f 1117/1012/3 1130/1011/3 1534/1000/3
f 1130/1011/3 1129/1009/3 1533/1004/3
f 1131/1008/3 1128/1015/3 1532/1348/3
f 1121/1018/3 1127/1017/3 1531/977/3
f 1118/1022/3 1126/1021/3 1530/989/3
f 1120/1025/3 1125/1024/3 1529/980/3
f 1116/1028/3 1124/1027/3 1528/986/3
f 1119/1031/3 1123/1030/3 1527/974/3
f 1126/1021/3 1121/1018/3 1525/996/3
f 1124/1027/3 1120/1025/3 1524/994/3
f 1122/1038/3 1119/1031/3 1523/992/3
f 1125/1024/3 1118/1022/3 1522/995/3
f 1127/1017/3 1117/1012/3 1521/1003/3
f 1123/1030/3 1116/1028/3 1520/993/3
f 38/1005/3 120/240/3 122/72/3
f 298/109/3 300/1295/3 58/195/3
f 38/1005/3 122/72/3 298/109/3
f 1152/1313/3 1151/1340/3 1149/1341/3
f 51/42/6 149/42/6 142/54/6
f 169/1349/3 129/1355/3 1541/1026/3
f 177/1350/3 134/1362/3 1542/1010/3
f 173/1351/3 137/1357/3 1543/1020/3
f 167/175/3 160/1354/3 1544/1029/3
f 171/1352/3 162/1356/3 1545/1023/3
f 175/1353/3 164/1358/3 1546/1016/3
f 160/1354/3 169/1349/3 1548/1041/3
f 129/1355/3 171/1352/3 1549/1036/3
f 162/1356/3 173/1351/3 1550/1039/3
f 137/1357/3 175/1353/3 1551/1035/3
f 164/1358/3 177/1350/3 1552/1040/3
f 68/1359/3 66/1393/3 105/826/3
f 295/1360/3 290/1448/3 1553/1209/3
f 293/1361/3 291/1363/3 1554/1007/3
f 134/1362/3 293/1361/3 1555/1013/3
f 291/1363/3 295/1360/3 1556/1014/3
f 1583/237/3 1587/236/3 1588/190/3
f 1559/239/3 1585/238/3 1586/333/3
f 1585/238/3 1583/237/3 1584/191/3
f 1587/236/3 1581/245/3 1582/353/3
f 1567/242/3 1579/244/3 1580/260/3
f 1561/247/3 1577/243/3 1578/254/3
f 1565/246/3 1575/250/3 1576/261/3
f 1557/233/3 1573/232/3 1574/108/3
f 1563/235/3 1571/234/3 1572/223/3
f 1577/243/3 1567/242/3 1568/253/3
f 1573/232/3 1565/246/3 1566/107/3
f 1569/248/3 1563/235/3 1564/224/3
f 1575/250/3 1561/247/3 1562/262/3
f 1579/244/3 1559/239/3 1560/259/3
f 1571/234/3 1557/233/3 1558/255/3
f 304/1219/3 311/1218/3 1590/233/3
f 303/1211/3 313/1210/3 1591/239/3
f 314/1215/3 315/1214/3 1592/247/3
f 306/1213/3 316/1212/3 1593/235/3
f 309/1217/3 305/1216/3 1594/246/3
f 310/1224/3 302/1223/3 1595/242/3
f 316/1212/3 304/1219/3 1597/234/3
f 311/1218/3 309/1217/3 1598/232/3
f 305/1216/3 314/1215/3 1599/250/3
f 315/1214/3 310/1224/3 1600/243/3
f 302/1223/3 303/1211/3 1601/244/3
f 312/1220/3 308/1225/3 1602/245/3
f 1589/1222/3 307/1221/3 1603/237/3
f 313/1210/3 1589/1222/3 1604/238/3
f 307/1221/3 312/1220/3 1605/236/3
f 310/1224/52 315/1214/52 1276/1214/52
f 1271/1205/3 1269/1204/3 1262/1218/3
f 1613/1195/3 1267/1194/3 1275/1210/3
f 1609/1191/3 1274/1190/3 1276/1214/3
f 1264/1193/3 1270/1192/3 1272/1212/3
f 1607/1198/3 1273/1197/3 1263/1216/3
f 1611/1196/3 1268/1203/3 1265/1223/3
f 1270/1192/3 1271/1205/3 1606/1219/3
f 1269/1204/3 1607/1198/3 1608/1217/3
f 1273/1197/3 1609/1191/3 1610/1215/3
f 1274/1190/3 1611/1196/3 1612/1224/3
f 1268/1203/3 1613/1195/3 1614/1211/3
f 1621/1200/3 1615/1199/3 1616/1225/3
f 1619/1202/3 1617/1201/3 1618/1221/3
f 1267/1194/3 1619/1202/3 1620/1222/3
f 1617/1201/3 1621/1200/3 1622/1220/3
f 1609/1191/51 1273/1197/51 1628/1197/51
f 1248/1229/3 1252/1228/3 1639/1200/3
f 1250/1231/3 1623/1230/3 1638/1202/3
f 1623/1230/3 1248/1229/3 1637/1201/3
f 1252/1228/3 1258/1236/3 1636/1199/3
f 1257/1232/3 1247/1235/3 1635/1195/3
f 1245/1239/3 1256/1233/3 1634/1196/3
f 1249/1237/3 1254/1241/3 1633/1191/3
f 1246/1234/3 1255/1238/3 1632/1198/3
f 1251/1227/3 1253/1226/3 1631/1205/3
f 1256/1233/3 1257/1232/3 1629/1203/3
f 1255/1238/3 1249/1237/3 1628/1197/3
f 1244/1240/3 1251/1227/3 1627/1192/3
f 1254/1241/3 1245/1239/3 1626/1190/3
f 1247/1235/3 1250/1231/3 1625/1194/3
f 1253/1226/3 1246/1234/3 1624/1204/3
f 1255/1238/54 1246/1234/54 1284/1234/54
f 1290/927/3 1291/930/3 1284/1234/3
f 1647/936/3 1286/935/3 1293/1231/3
f 1643/931/3 1292/933/3 1287/1239/3
f 1289/934/3 1283/928/3 1295/1227/3
f 1641/929/3 1294/932/3 1296/1237/3
f 1645/937/3 1288/940/3 1285/1232/3
f 1283/928/3 1290/927/3 1640/1226/3
f 1291/930/3 1641/929/3 1642/1238/3
f 1294/932/3 1643/931/3 1644/1241/3
f 1292/933/3 1645/937/3 1646/1233/3
f 1288/940/3 1647/936/3 1648/1235/3
f 1655/925/3 1649/938/3 1650/1236/3
f 1653/939/3 1651/926/3 1652/1229/3
f 1286/935/3 1653/939/3 1654/1230/3
f 1651/926/3 1655/925/3 1656/1228/3
f 1653/939/45 1286/935/45 1659/935/45
f 1062/1256/3 1069/1255/3 1673/925/3
f 1075/1249/3 1067/1257/3 1672/939/3
f 1067/1257/3 1062/1256/3 1671/926/3
f 1069/1255/3 1074/1254/3 1670/938/3
f 1070/1258/3 1076/1250/3 1669/936/3
f 1073/1245/3 1072/1251/3 1668/937/3
f 1068/1252/3 1063/1246/3 1667/931/3
f 1064/1259/3 1065/1253/3 1666/929/3
f 1071/1247/3 1066/1260/3 1665/927/3
f 1072/1251/3 1070/1258/3 1663/940/3
f 1065/1253/3 1068/1252/3 1662/932/3
f 1657/1248/3 1071/1247/3 1661/928/3
f 1063/1246/3 1073/1245/3 1660/933/3
f 1076/1250/3 1075/1249/3 1659/935/3
f 1066/1260/3 1064/1259/3 1658/930/3
f 1063/1246/55 1068/1252/55 1310/1252/55
f 1685/1187/3 1689/1175/3 1690/1255/3
f 1301/1180/3 1687/1188/3 1688/1257/3
f 1687/1188/3 1685/1187/3 1686/1256/3
f 1689/1175/3 1683/1174/3 1684/1254/3
f 1309/1189/3 1681/1181/3 1682/1250/3
f 1300/1179/3 1679/1178/3 1680/1251/3
f 1311/1176/3 1677/1184/3 1678/1246/3
f 1307/1185/3 1675/1177/3 1676/1253/3
f 1302/1182/3 1303/1186/3 1674/1260/3
f 1679/1178/3 1309/1189/3 1305/1258/3
f 1675/1177/3 1311/1176/3 1310/1252/3
f 1298/1183/3 1302/1182/3 1312/1247/3
f 1677/1184/3 1300/1179/3 1306/1245/3
f 1681/1181/3 1301/1180/3 1299/1249/3
f 1303/1186/3 1307/1185/3 1304/1259/3
f 1685/1187/49 1687/1188/49 1706/1188/49
f 1234/1266/3 1237/1265/3 1692/1185/3
f 1232/1267/3 1230/1275/3 1693/1180/3
f 1238/1278/3 1239/1274/3 1694/1179/3
f 1229/1277/3 1233/1276/3 1695/1182/3
f 1240/1273/3 1241/1272/3 1696/1176/3
f 1231/1264/3 1242/1263/3 1697/1189/3
f 1233/1276/3 1234/1266/3 1699/1186/3
f 1237/1265/3 1240/1273/3 1700/1177/3
f 1241/1272/3 1238/1278/3 1701/1184/3
f 1239/1274/3 1231/1264/3 1702/1178/3
f 1242/1263/3 1232/1267/3 1703/1181/3
f 1228/1271/3 1235/1270/3 1704/1174/3
f 1691/1269/3 1236/1268/3 1705/1187/3
f 1230/1275/3 1691/1269/3 1706/1188/3
f 1236/1268/3 1228/1271/3 1707/1175/3
f 1691/1269/56 1230/1275/56 1326/1275/56
f 1329/877/3 1320/863/3 1322/1265/3
f 1715/870/3 1327/869/3 1326/1275/3
f 1711/864/3 1321/866/3 1330/1274/3
f 1318/868/3 1332/867/3 1324/1276/3
f 1709/862/3 1319/865/3 1331/1272/3
f 1713/871/3 1328/876/3 1325/1263/3
f 1332/867/3 1329/877/3 1708/1266/3
f 1320/863/3 1709/862/3 1710/1273/3
f 1319/865/3 1711/864/3 1712/1278/3
f 1321/866/3 1713/871/3 1714/1264/3
f 1328/876/3 1715/870/3 1716/1267/3
f 1723/873/3 1717/872/3 1718/1270/3
f 1721/875/3 1719/874/3 1720/1268/3
f 1327/869/3 1721/875/3 1722/1269/3
f 1719/874/3 1723/873/3 1724/1271/3
f 1329/877/43 1332/867/43 1729/867/43
f 1029/1289/3 1021/1288/3 1741/873/3
f 1027/1281/3 1026/1290/3 1740/875/3
f 1026/1290/3 1029/1289/3 1739/874/3
f 1021/1288/3 1017/1287/3 1738/872/3
f 1020/1291/3 1018/1282/3 1737/870/3
f 1016/1284/3 1025/1283/3 1736/871/3
f 1022/1285/3 1024/1294/3 1735/864/3
f 1023/1292/3 1019/1286/3 1734/862/3
f 1030/1279/3 1028/1293/3 1733/877/3
f 1025/1283/3 1020/1291/3 1731/876/3
f 1019/1286/3 1022/1285/3 1730/865/3
f 1725/1280/3 1030/1279/3 1729/867/3
f 1024/1294/3 1016/1284/3 1728/866/3
f 1018/1282/3 1027/1281/3 1727/869/3
f 1028/1293/3 1023/1292/3 1726/863/3
f 1016/1284/57 1024/1294/57 1746/1294/57
f 1753/1163/3 1757/1166/3 1758/1288/3
f 1337/1172/3 1755/1164/3 1756/1290/3
f 1755/1164/3 1753/1163/3 1754/1289/3
f 1757/1166/3 1751/1165/3 1752/1287/3
f 1339/1167/3 1749/1169/3 1750/1282/3
f 1342/1171/3 1747/1168/3 1748/1283/3
f 1334/1170/3 1745/1173/3 1746/1294/3
f 1343/1160/3 1743/1159/3 1744/1286/3
f 1345/1162/3 1348/1161/3 1742/1293/3
f 1747/1168/3 1339/1167/3 1335/1291/3
f 1743/1159/3 1334/1170/3 1344/1285/3
f 1347/174/3 1345/1162/3 1341/1279/3
f 1745/1173/3 1342/1171/3 1338/1284/3
f 1749/1169/3 1337/1172/3 1336/1281/3
f 1348/1161/3 1343/1160/3 1340/1292/3
f 1755/1164/48 1337/1172/48 1761/1172/48
f 1212/1311/3 1216/1310/3 1760/1160/3
f 1221/1299/3 1213/1298/3 1761/1172/3
f 1211/1312/3 1214/1301/3 1762/1171/3
f 1759/1297/3 1217/1296/3 1763/1162/3
f 1208/1303/3 1215/1302/3 1764/1170/3
f 1222/1300/3 1220/1309/3 1765/1167/3
f 1217/1296/3 1212/1311/3 1767/1161/3
f 1216/1310/3 1208/1303/3 1768/1159/3
f 1215/1302/3 1211/1312/3 1769/1173/3
f 1214/1301/3 1222/1300/3 1770/1168/3
f 1220/1309/3 1221/1299/3 1771/1169/3
f 1210/1305/3 1209/1304/3 1772/1165/3
f 1218/1308/3 1219/1307/3 1773/1163/3
f 1213/1298/3 1218/1308/3 1774/1164/3
f 1219/1307/3 1210/1305/3 1775/1166/3
f 1214/1301/60 1211/1312/60 1780/1312/60
f 1787/919/3 1791/918/3 1792/1305/3
f 1354/908/3 1789/920/3 1790/1308/3
f 1789/920/3 1787/919/3 1788/1307/3
f 1791/918/3 1785/923/3 1786/1304/3
f 1356/921/3 1783/909/3 1784/1299/3
f 1362/912/3 1781/922/3 1782/1300/3
f 1360/914/3 1779/913/3 1780/1312/3
f 1367/916/3 1777/915/3 1778/1303/3
f 1365/910/3 1363/917/3 1776/1311/3
f 1781/922/3 1356/921/3 1366/1309/3
f 1777/915/3 1360/914/3 1357/1302/3
f 1368/911/3 1365/910/3 1355/1296/3
f 1779/913/3 1362/912/3 1364/1301/3
f 1783/909/3 1354/908/3 1359/1298/3
f 1363/917/3 1367/916/3 1361/1310/3
f 1781/922/44 1362/912/44 1796/912/44
f 1049/1318/3 1053/1317/3 1794/916/3
f 1057/1319/3 1058/1328/3 1795/908/3
f 1048/1331/3 1052/1327/3 1796/912/3
f 1059/1330/3 1060/1329/3 1797/910/3
f 1050/1326/3 1061/1325/3 1798/914/3
f 1047/1316/3 1054/1315/3 1799/921/3
f 1060/1329/3 1049/1318/3 1801/917/3
f 1053/1317/3 1050/1326/3 1802/915/3
f 1061/1325/3 1048/1331/3 1803/913/3
f 1052/1327/3 1047/1316/3 1804/922/3
f 1054/1315/3 1057/1319/3 1805/909/3
f 1051/1323/3 1055/1322/3 1806/923/3
f 1793/1321/3 1056/1320/3 1807/919/3
f 1058/1328/3 1793/1321/3 1808/920/3
f 1056/1320/3 1051/1323/3 1809/918/3
f 1793/1321/61 1058/1328/61 1376/1328/61
f 1374/1145/3 1372/1144/3 1379/1317/3
f 1817/1142/3 1373/1148/3 1376/1328/3
f 1813/1153/3 1371/1155/3 1380/1327/3
f 1384/1156/3 1377/1151/3 1370/1329/3
f 1811/1152/3 1375/1154/3 1381/1325/3
f 1815/1146/3 1383/1143/3 1382/1315/3
f 1377/1151/3 1374/1145/3 1810/1318/3
f 1372/1144/3 1811/1152/3 1812/1326/3
f 1375/1154/3 1813/1153/3 1814/1331/3
f 1371/1155/3 1815/1146/3 1816/1316/3
f 1383/1143/3 1817/1142/3 1818/1319/3
f 1825/1149/3 1819/1157/3 1820/1322/3
f 1823/1147/3 1821/1150/3 1822/1320/3
f 1373/1148/3 1823/1147/3 1824/1321/3
f 1821/1150/3 1825/1149/3 1826/1323/3
f 1821/1150/46 1823/1147/46 1842/1147/46
f 1206/833/3 1204/832/3 1843/1149/3
f 1202/835/3 1827/834/3 1842/1147/3
f 1827/834/3 1206/833/3 1841/1150/3
f 1204/832/3 1199/837/3 1840/1157/3
f 1200/840/3 1203/839/3 1839/1142/3
f 1193/843/3 1195/842/3 1838/1146/3
f 1201/846/3 1198/845/3 1837/1153/3
f 1197/849/3 1192/848/3 1836/1152/3
f 1194/852/3 1205/851/3 1835/1145/3
f 1195/842/3 1200/840/3 1833/1143/3
f 1192/848/3 1201/846/3 1832/1154/3
f 1196/856/3 1194/852/3 1831/1151/3
f 1198/845/3 1193/843/3 1830/1155/3
f 1203/839/3 1202/835/3 1829/1148/3
f 1205/851/3 1197/849/3 1828/1144/3
f 1192/848/62 1197/849/62 1406/849/62
f 1395/847/42 1407/847/42 1419/1335/42
f 1858/836/42 1012/836/42 1413/831/42
f 1402/830/42 1409/830/42 1415/858/42
f 1390/841/42 1421/841/42 1417/857/42
f 1396/850/42 1004/850/42 1001/855/42
f 1401/844/42 1003/844/42 1014/854/42
f 1392/838/42 1010/838/42 1015/853/42
f 1404/1335/42 1419/1335/42 1004/850/42
f 1845/854/42 1014/854/42 1407/847/42
f 1847/857/42 1417/857/42 1003/844/42
f 1849/853/42 1015/853/42 1421/841/42
f 1851/858/42 1415/858/42 1010/838/42
f 1853/1334/42 1000/1334/42 1012/836/42
f 1854/831/42 1413/831/42 1411/829/42
f 1419/1335/3 1407/847/3 1406/849/3
f 1852/1364/3 1873/1365/3 1876/694/3
f 1857/337/3 1874/693/3 1875/696/3
f 1855/341/3 1875/696/3 1862/695/3
f 1397/343/3 1876/694/3 1874/693/3
f 1399/251/3 1872/691/3 1866/690/3
f 1403/145/3 1871/692/3 1861/702/3
f 1844/257/3 1870/701/3 1865/700/3
f 1400/148/3 1869/698/3 1863/355/3
f 1846/120/3 1868/357/3 1864/697/3
f 1848/146/3 1866/690/3 1871/692/3
f 1850/256/3 1865/700/3 1869/698/3
f 1391/119/3 1864/697/3 1867/703/3
f 1393/258/3 1861/702/3 1870/701/3
f 1859/252/3 1862/695/3 1872/691/3
f 1394/147/3 1863/355/3 1868/357/3
f 1869/698/31 1865/700/31 325/700/31
f 504/343/9 501/1364/9 1852/1364/9
f 322/695/3 328/645/3 1885/649/3
f 321/702/3 326/651/3 1881/653/3
f 327/697/3 320/644/3 319/652/3
f 325/700/3 318/650/3 1879/641/3
f 323/690/3 329/648/3 1883/647/3
f 331/357/3 1877/356/3 320/644/3
f 1878/698/3 1879/641/3 330/640/3
f 1880/701/3 1881/653/3 318/650/3
f 1882/692/3 1883/647/3 326/651/3
f 1884/691/3 1885/649/3 329/648/3
f 1892/694/3 1893/646/3 1889/643/3
f 1890/696/3 1891/642/3 328/645/3
f 1888/693/3 1889/643/3 1891/642/3
f 1886/1365/3 1887/1367/3 1893/646/3
f 1920/1366/3 1921/804/3 1927/472/3
f 1876/694/31 1873/1365/31 1886/1365/31
f 781/645/3 1896/707/3 1906/706/3
f 770/651/3 1895/704/3 1904/710/3
f 782/644/3 1898/709/3 1901/708/3
f 777/650/3 1899/711/3 1903/714/3
f 771/648/3 1900/718/3 1905/705/3
f 775/356/3 1902/699/3 1898/709/3
f 774/641/3 1903/714/3 1897/713/3
f 776/653/3 1904/710/3 1899/711/3
f 779/647/3 1905/705/3 1895/704/3
f 780/649/3 1906/706/3 1900/718/3
f 769/646/3 1910/717/3 1908/716/3
f 778/642/3 1909/715/3 1896/707/3
f 768/643/3 1908/716/3 1909/715/3
f 1894/1367/3 1907/1366/3 1910/717/3
f 1903/714/32 1899/711/32 748/711/32
f 1893/646/29 1887/1367/29 1894/1367/29
f 1922/716/3 1923/471/3 1925/474/3
f 1924/715/3 1925/474/3 744/473/3
f 1926/717/3 1927/472/3 1923/471/3
f 1918/706/3 1919/467/3 740/466/3
f 1916/705/3 1917/470/3 749/482/3
f 1914/710/3 1915/481/3 738/480/3
f 1912/714/3 1913/476/3 742/469/3
f 746/699/3 1911/468/3 747/475/3
f 743/718/3 740/466/3 1917/470/3
f 748/711/3 738/480/3 1913/476/3
f 745/709/3 747/475/3 741/483/3
f 750/704/3 749/482/3 1915/481/3
f 751/707/3 744/473/3 1919/467/3
f 739/713/3 742/469/3 1911/468/3
f 1913/476/23 738/480/23 790/480/23
f 1910/717/32 1907/1366/32 1920/1366/32
f 786/473/3 1930/726/3 1940/729/3
f 797/482/3 1929/731/3 1938/733/3
f 789/475/3 1932/725/3 1935/732/3
f 790/480/3 1933/730/3 1937/722/3
f 796/466/3 1934/728/3 1939/727/3
f 794/468/3 1936/712/3 1932/725/3
f 785/476/3 1937/722/3 1931/721/3
f 793/481/3 1938/733/3 1933/730/3
f 795/470/3 1939/727/3 1929/731/3
f 784/467/3 1940/729/3 1934/728/3
f 787/472/3 1944/479/3 1942/724/3
f 791/474/3 1943/723/3 1930/726/3
f 792/471/3 1942/724/3 1943/723/3
f 783/804/3 1941/477/3 1944/479/3
f 1933/730/33 1938/733/33 1948/733/33
f 1927/472/23 1921/804/23 783/804/23
f 1956/724/3 1957/629/3 1959/634/3
f 1958/723/3 1959/634/3 625/628/3
f 1960/479/3 1961/478/3 1957/629/3
f 1952/729/3 1953/625/3 624/624/3
f 1950/727/3 1951/635/3 620/639/3
f 1948/733/3 1949/638/3 619/631/3
f 1946/722/3 1947/630/3 621/633/3
f 623/712/3 1945/632/3 617/627/3
f 616/728/3 624/624/3 1951/635/3
f 622/730/3 619/631/3 1947/630/3
f 627/725/3 617/627/3 613/626/3
f 618/731/3 620/639/3 1949/638/3
f 626/726/3 625/628/3 1953/625/3
f 615/721/3 621/633/3 1945/632/3
f 1949/638/28 620/639/28 808/639/28
f 1944/479/33 1941/477/33 1954/477/33
f 812/629/3 1976/736/3 1977/738/3
f 805/634/3 1977/738/3 1964/737/3
f 810/478/3 1978/720/3 1976/736/3
f 803/625/3 1974/746/3 1968/735/3
f 802/635/3 1973/734/3 1963/744/3
f 809/638/3 1972/743/3 1967/742/3
f 804/630/3 1971/740/3 1965/636/3
f 807/632/3 1970/637/3 1966/739/3
f 806/624/3 1968/735/3 1973/734/3
f 799/631/3 1967/742/3 1971/740/3
f 798/627/3 1966/739/3 1969/745/3
f 808/639/3 1963/744/3 1972/743/3
f 800/628/3 1964/737/3 1974/746/3
f 801/633/3 1965/636/3 1970/637/3
f 1968/735/34 1974/746/34 1986/746/34
f 1961/478/28 1955/719/28 811/719/28
f 727/737/3 725/375/3 1987/380/3
f 733/744/3 723/383/3 1983/385/3
f 734/739/3 724/373/3 722/384/3
f 730/742/3 736/382/3 1981/381/3
f 728/735/3 726/378/3 1985/377/3
f 732/637/3 1979/374/3 724/373/3
f 1980/740/3 1981/381/3 735/379/3
f 1982/743/3 1983/385/3 736/382/3
f 1984/734/3 1985/377/3 723/383/3
f 1986/746/3 1987/380/3 726/378/3
f 1994/720/3 1995/376/3 1991/372/3
f 1992/738/3 1993/371/3 725/375/3
f 1990/736/3 1991/372/3 1993/371/3
f 1988/1368/3 1989/1369/3 1995/376/3
f 735/379/20 1981/381/20 824/381/20
f 1978/720/34 1975/1368/34 1988/1368/34
f 826/375/3 1998/748/3 2008/754/3
f 815/383/3 1997/757/3 2006/759/3
f 822/373/3 2000/747/3 2003/758/3
f 816/382/3 2001/756/3 2005/755/3
f 814/378/3 2002/752/3 2007/751/3
f 820/374/3 2004/741/3 2000/747/3
f 824/381/3 2005/755/3 1999/753/3
f 827/385/3 2006/759/3 2001/756/3
f 813/377/3 2007/751/3 1997/757/3
f 825/380/3 2008/754/3 2002/752/3
f 823/376/3 2012/388/3 2010/750/3
f 817/371/3 2011/749/3 1998/748/3
f 821/372/3 2010/750/3 2011/749/3
f 1996/1369/3 2009/386/3 2012/388/3
f 2011/749/36 2010/750/36 2024/750/36
f 1995/376/20 1989/1369/20 1996/1369/20
f 2024/750/3 2025/620/3 2027/621/3
f 2026/749/3 2027/621/3 553/613/3
f 2028/388/3 2029/387/3 2025/620/3
f 2020/754/3 2021/612/3 551/617/3
f 2018/751/3 2019/614/3 563/609/3
f 2016/759/3 2017/608/3 557/616/3
f 2014/755/3 2015/615/3 559/619/3
f 560/741/3 2013/618/3 562/611/3
f 554/752/3 551/617/3 2019/614/3
f 552/756/3 557/616/3 2015/615/3
f 561/747/3 562/611/3 555/610/3
f 564/757/3 563/609/3 2017/608/3
f 558/748/3 553/613/3 2021/612/3
f 556/753/3 559/619/3 2013/618/3
f 557/616/27 2017/608/27 828/608/27
f 2012/388/36 2009/386/36 2022/386/36
f 835/620/3 2044/764/3 2045/763/3
f 833/621/3 2045/763/3 2032/774/3
f 840/387/3 2046/761/3 2044/764/3
f 839/612/3 2042/773/3 2036/776/3
f 834/614/3 2041/775/3 2031/771/3
f 828/608/3 2040/770/3 2035/769/3
f 837/615/3 2039/765/3 2033/622/3
f 830/618/3 2038/623/3 2034/762/3
f 829/617/3 2036/776/3 2041/775/3
f 832/616/3 2035/769/3 2039/765/3
f 836/611/3 2034/762/3 2037/772/3
f 831/609/3 2031/771/3 2040/770/3
f 838/613/3 2032/774/3 2042/773/3
f 842/619/3 2033/622/3 2038/623/3
f 2032/774/37 2045/763/37 2060/763/37
f 2029/387/27 2023/760/27 841/760/27
f 711/774/3 713/457/3 2055/453/3
f 716/771/3 707/456/3 2051/460/3
f 712/762/3 708/459/3 715/458/3
f 710/769/3 714/455/3 2049/454/3
f 720/776/3 719/450/3 2053/449/3
f 721/623/3 2047/451/3 708/459/3
f 2048/765/3 2049/454/3 717/452/3
f 2050/770/3 2051/460/3 714/455/3
f 2052/775/3 2053/449/3 707/456/3
f 2054/773/3 2055/453/3 719/450/3
f 2062/761/3 2063/768/3 2059/465/3
f 2060/763/3 2061/464/3 713/457/3
f 2058/764/3 2059/465/3 2061/464/3
f 2056/1370/3 2057/766/3 2063/768/3
f 2059/465/21 2063/768/21 848/768/21
f 2046/761/37 2043/1370/37 2056/1370/37
f 855/465/3 2078/787/3 2079/788/3
f 857/464/3 2079/788/3 2066/782/3
f 848/768/3 2080/767/3 2078/787/3
f 846/453/3 2076/781/3 2070/786/3
f 853/449/3 2075/783/3 2065/778/3
f 843/460/3 2074/777/3 2069/785/3
f 850/454/3 2073/784/3 2067/461/3
f 852/451/3 2072/463/3 2068/780/3
f 845/450/3 2070/786/3 2075/783/3
f 854/455/3 2069/785/3 2073/784/3
f 851/459/3 2068/780/3 2071/779/3
f 844/456/3 2065/778/3 2074/777/3
f 849/457/3 2066/782/3 2076/781/3
f 856/452/3 2067/461/3 2072/463/3
f 2069/785/38 2074/777/38 2084/777/38
f 2063/768/21 2057/766/21 2064/766/21
f 609/782/3 598/592/3 2089/599/3
f 603/778/3 608/602/3 2085/605/3
f 612/780/3 600/604/3 599/603/3
f 606/785/3 610/601/3 2083/600/3
f 601/786/3 605/597/3 2087/596/3
f 611/463/3 2081/462/3 600/604/3
f 2082/784/3 2083/600/3 607/598/3
f 2084/777/3 2085/605/3 610/601/3
f 2086/783/3 2087/596/3 608/602/3
f 2088/781/3 2089/599/3 605/597/3
f 2096/767/3 2097/595/3 2093/594/3
f 2094/788/3 2095/593/3 598/592/3
f 2092/787/3 2093/594/3 2095/593/3
f 2090/1371/3 2091/1372/3 2097/595/3
f 600/604/26 2081/462/26 858/462/26
f 2080/767/38 2077/1371/38 2090/1371/38
f 862/592/3 2100/797/3 2110/793/3
f 868/602/3 2099/796/3 2108/800/3
f 859/604/3 2102/799/3 2105/798/3
f 861/601/3 2103/795/3 2107/794/3
f 871/597/3 2104/791/3 2109/790/3
f 858/462/3 2106/789/3 2102/799/3
f 865/600/3 2107/794/3 2101/792/3
f 863/605/3 2108/800/3 2103/795/3
f 870/596/3 2109/790/3 2099/796/3
f 869/599/3 2110/793/3 2104/791/3
f 860/595/3 2114/607/3 2112/803/3
f 872/593/3 2113/802/3 2100/797/3
f 866/594/3 2112/803/3 2113/802/3
f 2098/1372/3 2111/606/3 2114/607/3
f 2112/803/39 2114/607/39 2130/607/39
f 2097/595/26 2091/1372/26 2098/1372/26
f 2126/803/3 2127/365/3 2129/364/3
f 2128/802/3 2129/364/3 703/290/3
f 2130/607/3 2131/369/3 2127/365/3
f 2122/793/3 2123/289/3 694/366/3
f 2120/790/3 2121/302/3 697/301/3
f 2118/800/3 2119/370/3 701/360/3
f 2116/794/3 2117/359/3 698/368/3
f 704/789/3 2115/367/3 692/270/3
f 706/791/3 694/366/3 2121/302/3
f 696/795/3 701/360/3 2117/359/3
f 695/799/3 692/270/3 705/269/3
f 699/796/3 697/301/3 2119/370/3
f 702/797/3 703/290/3 2123/289/3
f 693/792/3 698/368/3 2115/367/3
f 2114/607/39 2111/606/39 2124/606/39
f 873/290/3 2134/805/3 2144/810/3
f 881/301/3 2135/813/3 2142/816/3
f 886/270/3 2136/815/3 2139/814/3
f 876/360/3 2137/812/3 2141/811/3
f 887/366/3 2138/808/3 2143/807/3
f 874/367/3 2140/801/3 2136/815/3
f 880/359/3 2141/811/3 2133/809/3
f 885/370/3 2142/816/3 2137/812/3
f 875/302/3 2143/807/3 2135/813/3
f 882/289/3 2144/810/3 2138/808/3
f 877/1373/3 2145/1374/3 2148/361/3
f 883/365/3 2146/363/3 2147/806/3
f 884/364/3 2147/806/3 2134/805/3
f 878/369/3 2148/361/3 2146/363/3
f 2146/363/41 2148/361/41 2164/361/41
f 2131/369/19 2125/1373/19 877/1373/19
f 2162/806/3 2163/589/3 537/585/3
f 2160/363/3 2161/362/3 2163/589/3
f 2158/1374/3 2159/588/3 2165/587/3
f 2156/810/3 2157/584/3 542/591/3
f 2154/807/3 2155/586/3 548/583/3
f 2152/816/3 2153/582/3 317/581/3
f 2150/811/3 2151/580/3 546/579/3
f 538/801/3 2149/578/3 539/577/3
f 544/808/3 542/591/3 2155/586/3
f 543/812/3 317/581/3 2151/580/3
f 550/815/3 539/577/3 545/183/3
f 549/813/3 548/583/3 2153/582/3
f 541/805/3 537/585/3 2157/584/3
f 547/809/3 546/579/3 2149/578/3
f 689/362/25 2161/362/25 2165/587/25
f 2148/361/41 2145/1374/41 2158/1374/41
f 1500/827/3 1499/972/3 1481/973/3
f 2167/1375/3 2168/1378/3 2169/1242/3
f 2172/1377/3 2171/1383/3 2170/1375/3
f 1096/1378/4 1094/1242/4 2169/1242/4
f 2174/1379/3 2176/1383/3 2177/1377/3
f 2167/1375/4 2166/1376/4 2173/1376/4
f 2179/1381/3 2178/1379/3 2181/1380/3
f 2171/1383/4 2172/1377/4 2177/1377/4
f 2183/1384/3 2182/1386/3 2184/1381/3
f 2174/1379/4 2175/1380/4 2181/1380/4
f 2188/1385/3 2187/1390/3 2186/1386/3
f 2179/1381/4 2180/1382/4 2185/1382/4
f 2182/1386/4 2183/1384/4 2189/1384/4
f 2191/1388/3 2192/1390/3 2193/1385/3
f 297/110/3 299/230/3 2200/230/3
f 2195/230/3 2194/1388/3 2197/1389/3
f 2187/1390/4 2188/1385/4 2193/1385/4
f 2199/109/3 2198/110/3 2200/230/3
f 2191/1388/4 2190/1389/4 2197/1389/4
f 300/1295/3 298/109/3 2199/109/3
f 2195/230/4 2196/1295/4 2201/1295/4
f 42/55/4 334/276/4 339/1452/4
f 42/55/4 339/1452/4 506/275/4
f 505/61/3 27/62/3 2202/1392/3
f 2202/1392/63 42/55/63 506/275/63
f 2202/1392/3 27/62/3 66/1393/3
f 66/1393/3 68/1359/3 42/55/3
f 2205/157/3 2206/158/3 2204/200/3
f 2219/1394/3 2220/1424/3 2214/1395/3
f 2215/1399/3 2216/65/3 2222/1397/3
f 2222/1397/3 2213/1396/3 2214/1395/3
f 2221/1398/3 2215/1399/3 2222/1397/3
f 2215/1399/3 2221/1398/3 289/331/3
f 2216/65/3 110/64/3 288/342/3
f 2228/1401/64 2225/1415/64 2226/1402/64
f 2231/1404/65 2232/1419/65 2229/1405/65
f 2235/1407/65 2236/1409/65 2233/1408/65
f 2230/1406/65 2229/1405/65 2236/1409/65
f 2239/1410/66 2240/1429/66 2237/1411/66
f 2242/1413/65 2240/1429/65 2239/1410/65
f 2225/1415/64 2243/331/64 2244/1416/64
f 2228/1401/153 2227/1403/153 2245/1417/153
f 2242/1413/67 2241/1414/67 2232/1419/67
f 2245/1417/66 2249/1421/66 2250/1420/66
f 2249/1421/66 2238/1412/66 2237/1411/66
f 2248/1422/68 2251/1423/68 2252/1394/68
f 2251/1423/69 2253/1428/69 2254/1424/69
f 2254/1424/154 2253/1428/154 2223/1425/154
f 2255/1426/68 2248/1422/68 2247/1396/68
f 2224/1395/154 2223/1425/154 2257/1427/154
f 2258/1398/72 2257/1427/72 2244/1416/72
f 2233/1408/73 2255/1426/73 2256/1397/73
f 2257/1427/3 2223/1425/3 2226/1402/3
f 2223/1425/3 2253/1428/3 2227/1403/3
f 2214/1395/74 2224/1395/74 2258/1398/74
f 2220/1424/74 2254/1424/74 2224/1395/74
f 289/331/75 2243/331/75 2225/1415/75
f 2210/1415/75 2225/1415/75 2228/1401/75
f 2211/1401/75 2228/1401/75 2246/1418/75
f 2253/1428/3 2249/1421/3 2245/1417/3
f 44/1404/76 2231/1404/76 2230/1406/76
f 2232/1419/3 2241/1414/3 2251/1423/3
f 2251/1423/3 2248/1422/3 2236/1409/3
f 2229/1405/3 2232/1419/3 2251/1423/3
f 2209/1406/76 2230/1406/76 2235/1407/76
f 2212/1413/76 2242/1413/76 2231/1404/76
f 288/342/77 2234/342/77 2256/1397/77
f 56/1407/76 2235/1407/76 2234/342/76
f 2236/1409/3 2248/1422/3 2255/1426/3
f 2218/1411/4 2237/1411/4 2240/1429/4
f 2249/1421/3 2253/1428/3 2251/1423/3
f 2251/1423/3 2241/1414/3 2239/1410/3
f 2217/1420/4 2250/1420/4 2237/1411/4
f 2207/1429/76 2240/1429/76 2242/1413/76
f 2221/1398/78 2258/1398/78 2243/331/78
f 2208/1418/4 2246/1418/4 2250/1420/4
f 2213/1396/79 2247/1396/79 2252/1394/79
f 2222/1397/79 2256/1397/79 2247/1396/79
f 2219/1394/80 2252/1394/80 2254/1424/80
f 2260/1431/66 2208/1418/66 2217/1420/66
f 2218/1411/66 2207/1429/66 2259/1430/66
f 2260/1431/66 2217/1420/66 2218/1411/66
f 2264/56/81 2263/1434/81 2262/1432/81
f 56/1407/76 288/342/76 488/342/76
f 56/1407/76 488/342/76 482/336/76
f 2209/1406/76 56/1407/76 482/336/76
f 2209/1406/76 482/336/76 483/338/76
f 44/1404/76 2209/1406/76 483/338/76
f 44/1404/76 483/338/76 450/339/76
f 2259/1430/76 2207/1429/76 2212/1413/76
f 2212/1413/76 44/1404/76 450/339/76
f 2212/1413/76 450/339/76 451/340/76
f 2262/1432/76 2259/1430/76 2212/1413/76
f 334/276/76 2261/1433/76 2262/1432/76
f 341/274/76 333/274/76 334/276/76
f 351/279/76 342/279/76 341/274/76
f 357/281/76 352/281/76 351/279/76
f 367/1453/76 358/283/76 357/281/76
f 373/287/76 368/287/76 367/1453/76
f 383/291/76 374/291/76 373/287/76
f 389/295/76 384/295/76 383/291/76
f 399/1454/76 390/298/76 389/295/76
f 405/303/76 400/303/76 399/1454/76
f 415/306/76 406/306/76 405/303/76
f 421/309/76 416/309/76 415/306/76
f 431/312/76 422/312/76 421/309/76
f 437/315/76 432/315/76 431/312/76
f 461/321/76 438/321/76 437/315/76
f 461/321/149 437/315/149 431/312/149
f 431/312/155 421/309/155 415/306/155
f 461/321/156 431/312/156 415/306/156
f 461/321/157 415/306/157 405/303/157
f 399/1454/158 389/295/158 383/291/158
f 461/321/159 405/303/159 399/1454/159
f 461/321/160 399/1454/160 383/291/160
f 373/287/161 367/1453/161 357/281/161
f 461/321/162 383/291/162 373/287/162
f 461/321/163 373/287/163 357/281/163
f 357/281/158 351/279/158 341/274/158
f 341/274/76 334/276/76 2262/1432/76
f 2262/1432/76 2212/1413/76 451/340/76
f 2262/1432/76 451/340/76 470/344/76
f 357/281/76 341/274/76 2262/1432/76
f 461/321/76 357/281/76 2262/1432/76
f 2262/1432/76 470/344/76 471/345/76
f 2262/1432/76 471/345/76 455/346/76
f 460/352/76 461/321/76 2262/1432/76
f 447/351/76 460/352/76 2262/1432/76
f 2262/1432/76 455/346/76 456/347/76
f 2262/1432/76 456/347/76 465/348/76
f 448/350/76 447/351/76 2262/1432/76
f 2262/1432/76 465/348/76 466/349/76
f 2263/1434/82 2260/1431/82 2259/1430/82
f 42/55/4 54/56/4 336/273/4
f 336/273/4 2264/56/4 2261/1433/4
f 334/276/4 42/55/4 336/273/4
f 481/331/75 289/331/75 2210/1415/75
f 2211/1401/75 2208/1418/75 2260/1431/75
f 481/331/75 2210/1415/75 2211/1401/75
f 484/332/75 481/331/75 2211/1401/75
f 2211/1401/75 2260/1431/75 2263/1434/75
f 2263/1434/75 2264/56/75 336/273/75
f 336/273/75 337/272/75 345/272/75
f 345/272/75 343/280/75 349/280/75
f 349/280/75 350/282/75 361/282/75
f 361/282/75 359/284/75 365/284/75
f 365/284/75 366/288/75 377/288/75
f 377/288/75 375/293/75 381/293/75
f 381/293/75 382/297/75 393/297/75
f 393/297/75 391/300/75 397/300/75
f 397/300/75 398/305/75 409/305/75
f 409/305/75 407/308/75 413/308/75
f 413/308/75 414/311/75 425/311/75
f 425/311/75 423/314/75 429/314/75
f 429/314/75 430/317/75 441/317/75
f 441/317/75 439/324/75 463/324/75
f 429/314/164 441/317/164 463/324/164
f 413/308/165 425/311/165 429/314/165
f 409/305/166 413/308/166 429/314/166
f 409/305/167 429/314/167 463/324/167
f 381/293/168 393/297/168 397/300/168
f 397/300/169 409/305/169 463/324/169
f 381/293/170 397/300/170 463/324/170
f 361/282/171 365/284/171 377/288/171
f 377/288/172 381/293/172 463/324/172
f 361/282/4 377/288/4 463/324/4
f 345/272/168 349/280/168 361/282/168
f 2263/1434/75 336/273/75 345/272/75
f 484/332/75 2211/1401/75 2263/1434/75
f 485/334/75 484/332/75 2263/1434/75
f 2263/1434/75 345/272/75 361/282/75
f 2263/1434/75 361/282/75 463/324/75
f 452/335/75 485/334/75 2263/1434/75
f 453/325/75 452/335/75 2263/1434/75
f 2263/1434/75 463/324/75 462/328/75
f 2263/1434/75 462/328/75 445/327/75
f 472/326/75 453/325/75 2263/1434/75
f 473/329/75 472/326/75 2263/1434/75
f 2263/1434/75 445/327/75 446/185/75
f 2263/1434/75 446/185/75 468/184/75
f 457/330/75 473/329/75 2263/1434/75
f 458/319/75 457/330/75 2263/1434/75
f 2263/1434/75 468/184/75 467/320/75
